Name,Position,OverallRating
Aaron McKie,SF,69
Adam Keefe,SF,68
Alan Henderson,SF,69
Allan Houston,SF,70
Alonzo Mourning,SF,70
Amal McCaskill,SF,72
Anfernee Hardaway,SF,71
Anthony Mason,SF,70
Antoine Carr,SF,69
Arvydas Sabonis,SF,70
Bison Dele,SF,69
Bo Outlaw,SF,69
Brent Barry,SF,70
Brian Evans,SF,72
Brian Shaw,SF,68
Bryon Russell,SF,69
Buck Williams,SF,69
Byron Scott,SF,70
Calbert Cheaney,SF,69
Cedric Ceballos,SF,69
Charles Barkley,SF,71
Charles Jones,SF,68
Charles Oakley,SF,69
Charlie Ward,SF,70
Cherokee Parks,SF,70
Chris Carr,SF,67
Chris Childs,SF,71
Chris Dudley,SF,69
Chris Morris,SF,69
Chris Webber,SF,71
Chris Whitney,SF,70
Christian Laettner,SF,70
Clifford Robinson,SF,69
Clyde Drexler,SF,71
Corie Blount,SF,71
Dan Majerle,SF,70
Dan Schayes,SF,69
Danny Manning,SF,71
Darrell Armstrong,SF,71
Darrick Martin,SF,71
Darrin Hancock,SF,67
David Wingate,SF,70
Dean Garrett,SF,69
Dell Curry,SF,68
Dennis Rodman,SF,69
Dennis Scott,SF,68
Derek Fisher,SF,69
Derek Strong,SF,69
Detlef Schrempf,SF,70
Dikembe Mutombo,SF,70
Don Reid,SF,73
Donald Royal,SF,66
Dontonio Wingfield,SF,72
Doug West,SF,69
Ed Pinckney,SF,71
Eddie Johnson,SF,69
Eddie Jones,SF,70
Elden Campbell,SF,69
Eldridge Recasner,SF,69
Eric Piatkowski,SF,68
Eric Snow,SF,70
Gary Payton,SF,71
Gary Trent,SF,70
Gerald Wilkins,SF,68
Gheorghe Muresan,SF,69
Glen Rice,SF,70
Grant Hill,SF,72
Grant Long,SF,69
Greg Foster,SF,69
Greg Graham,SF,69
Greg Ostertag,SF,69
Hakeem Olajuwon,SF,71
Harvey Grant,SF,65
Henry James,SF,67
Herb Williams,SF,67
Hersey Hawkins,SF,70
Hot Rod Williams,SF,69
Howard Eisley,SF,72
Ike Austin,SF,69
Isaiah Rider,SF,70
Ivano Newbill,SF,68
Jamal Mashburn,SF,69
James Robinson,SF,70
Jaren Jackson,SF,66
Jason Caffey,SF,70
Jason Kidd,SF,71
Jeff Hornacek,SF,70
Jermaine O'Neal,SF,67
Jerome Kersey,SF,69
Jerome Williams,SF,73
Jim McIlvaine,SF,68
Joe Dumars,SF,69
John Crotty,SF,70
John Starks,SF,71
John Stockton,SF,73
John Wallace,SF,69
Jon Barry,SF,65
Jud Buechler,SF,68
Juwan Howard,SF,69
Karl Malone,SF,71
Keith Askins,SF,69
Kenny Anderson,SF,71
Kevin Garnett,SF,70
Kevin Johnson,SF,70
Kevin Willis,SF,69
Kobe Bryant,SF,70
Lamond Murray,SF,69
Larry Johnson,SF,70
Larry Stewart,SF,72
Lindsey Hunter,SF,69
Loren Meyer,SF,68
Lorenzen Wright,SF,69
Lorenzo Williams,SF,64
Loy Vaught,SF,70
Luc Longley,SF,70
Malik Rose,SF,71
Malik Sealy,SF,70
Mario Elie,SF,70
Mark Bryant,SF,68
Mark Strickland,SF,70
Matt Bullard,SF,74
Matt Geiger,SF,71
Matt Maloney,SF,69
Michael Curry,SF,67
Michael Jordan,SF,72
Mike Brown,SF,69
Mitchell Butler,SF,69
Mookie Blaylock,SF,71
Muggsy Bogues,SF,71
Nate McMillan,SF,65
Nick Anderson,SF,68
Nick Van Exel,SF,71
Othella Harrington,SF,70
Otis Thorpe,SF,69
P.J. Brown,SF,69
Patrick Ewing,SF,71
Pooh Richardson,SF,69
Priest Lauderdale,SF,67
Randy Brown,SF,68
Randy Livingston,SF,69
Rasheed Wallace,SF,70
Rex Chapman,SF,70
Richard Manning,SF,69
Rick Mahorn,SF,64
Ricky Pierce,SF,68
Robert Horry,SF,69
Robert Parish,SF,66
Rod Strickland,SF,72
Rodney Rogers,SF,69
Ron Harper,SF,70
Rony Seikaly,SF,68
Rumeal Robinson,SF,70
Sam Mitchell,SF,68
Sam Perkins,SF,69
Scott Brooks,SF,68
Scottie Pippen,SF,70
Sean Rooks,SF,69
Sedale Threatt,SF,70
Shandon Anderson,SF,69
Shane Heal,SF,83
Shaquille O'Neal,SF,72
Shawn Kemp,SF,71
Stacey Augmon,SF,68
Stephen Howard,SF,69
Stephon Marbury,SF,71
Steve Kerr,SF,69
Steve Nash,SF,69
Steven Smith,SF,69
Stojko Vrankovic,SF,65
Terry Cummings,SF,69
Terry Dehere,SF,66
Terry Mills,SF,69
Terry Porter,SF,71
Theo Ratliff,SF,71
Tim Hardaway,SF,71
Tim Legler,SF,67
Tom Gugliotta,SF,70
Toni Kukoc,SF,70
Tony Delk,SF,69
Tony Smith,SF,73
Tracy Murray,SF,70
Travis Knight,SF,70
Tyrone Corbin,SF,69
Vlade Divac,SF,70
Voshon Lenard,SF,70
Walter McCarty,SF,71
Wayman Tisdale,SF,68
Wesley Person,SF,70
Willie Anderson,SF,69
Aaron Williams,SF,67
Adam Keefe,SF,68
Alan Henderson,SF,69
Allan Houston,SF,70
Alonzo Mourning,SF,70
Alton Lister,SF,67
Anthony Bowie,SF,68
Anthony Mason,SF,70
Anthony Miller,SF,69
Anthony Peeler,SF,70
Antoine Carr,SF,69
Antonio Davis,SF,69
Antonio McDyess,SF,70
Arvydas Sabonis,SF,70
Avery Johnson,SF,71
B.J. Armstrong,SF,70
Bill Curley,SF,64
Bill Wennington,SF,69
Bob Sura,SF,70
Bobby Phills,SF,69
Brad Lohaus,SF,66
Brent Price,SF,70
Brevin Knight,SF,70
Brian Evans,SF,65
Brian Grant,SF,70
Bryon Russell,SF,69
Buck Williams,SF,70
Carl Herrera,SF,67
Carl Thomas,SF,67
Cedric Henderson,SF,69
Charles Barkley,SF,70
Charles Jones,SF,73
Charles Oakley,SF,69
Charlie Ward,SF,71
Cherokee Parks,SF,64
Chris Childs,SF,70
Chris Crawford,SF,72
Chris Dudley,SF,68
Chris Gatling,SF,69
Chris Mills,SF,69
Chris Morris,SF,69
Chris Mullin,SF,69
Christian Laettner,SF,70
Chuck Person,SF,69
Chucky Brown,SF,69
Clifford Robinson,SF,68
Clyde Drexler,SF,71
Corey Beck,SF,69
Corie Blount,SF,69
Dale Davis,SF,70
Dale Ellis,SF,69
Damon Stoudamire,SF,72
Dan Majerle,SF,69
Danny Ferry,SF,65
David Robinson,SF,71
David Vaughn,SF,65
David Wesley,SF,71
David Wingate,SF,73
DeJuan Wheat,SF,69
Dell Curry,SF,69
Dennis Rodman,SF,69
Dennis Scott,SF,68
Derek Anderson,SF,71
Derek Fisher,SF,70
Derrick McKey,SF,68
Detlef Schrempf,SF,70
Dickey Simpkins,SF,68
Dikembe Mutombo,SF,69
Donald Royal,SF,69
Drew Barry,SF,65
Duane Causwell,SF,66
Eddie Johnson,SF,68
Eddie Jones,SF,70
Elden Campbell,SF,70
Eldridge Recasner,SF,70
Eric Murdock,SF,71
Fred Hoiberg,SF,70
Gary Grant,SF,70
Gary Payton,SF,71
George McCloud,SF,70
Glen Rice,SF,70
Greg Anderson,SF,65
Greg Anthony,SF,69
Greg Foster,SF,68
Greg Ostertag,SF,69
Hakeem Olajuwon,SF,71
Hersey Hawkins,SF,70
Hot Rod Williams,SF,67
Howard Eisley,SF,71
Isaiah Rider,SF,70
J.R. Reid,SF,69
Jacque Vaughn,SF,72
Jalen Rose,SF,70
Jamal Mashburn,SF,69
Jaren Jackson,SF,69
Jason Kidd,SF,70
Jayson Williams,SF,69
Jeff Hornacek,SF,70
Jermaine O'Neal,SF,67
Jerome Kersey,SF,69
Jim McIlvaine,SF,67
John Starks,SF,70
John Stockton,SF,73
Jon Barry,SF,65
Jud Buechler,SF,69
Karl Malone,SF,72
Keith Askins,SF,67
Keith Van Horn,SF,69
Kelvin Cato,SF,69
Kendall Gill,SF,69
Kerry Kittles,SF,69
Kevin Garnett,SF,71
Kevin Johnson,SF,71
Kevin Willis,SF,69
Kobe Bryant,SF,69
Larry Johnson,SF,70
Luc Longley,SF,70
Lucious Harris,SF,68
Malik Rose,SF,71
Mario Bennett,SF,70
Mario Elie,SF,69
Mark Bryant,SF,69
Mark Jackson,SF,72
Mark Pope,SF,69
Mark Strickland,SF,70
Mark West,SF,67
Marko Milic,SF,70
Marty Conlon,SF,69
Matt Bullard,SF,69
Matt Geiger,SF,67
Matt Maloney,SF,69
Michael Jordan,SF,71
Micheal Williams,SF,71
Mike Brown,SF,64
Monty Williams,SF,70
Mookie Blaylock,SF,72
Nate McMillan,SF,70
Nick Van Exel,SF,70
Othella Harrington,SF,70
P.J. Brown,SF,69
Patrick Ewing,SF,69
Randy Brown,SF,69
Rasheed Wallace,SF,69
Reggie Geary,SF,69
Reggie Jordan,SF,71
Reggie Miller,SF,70
Rex Chapman,SF,68
Rick Fox,SF,70
Rik Smits,SF,70
Robert Horry,SF,70
Rodrick Rhodes,SF,70
Ron Harper,SF,69
Rony Seikaly,SF,70
Sam Cassell,SF,70
Sam Mitchell,SF,69
Sam Perkins,SF,69
Scott Brooks,SF,73
Scott Burrell,SF,69
Scottie Pippen,SF,71
Sean Rooks,SF,67
Shandon Anderson,SF,70
Shaquille O'Neal,SF,72
Shawn Kemp,SF,72
Shawnelle Scott,SF,69
Sherman Douglas,SF,72
Stacey Augmon,SF,68
Stanley Roberts,SF,67
Stephon Marbury,SF,70
Steve Kerr,SF,69
Steve Nash,SF,70
Steven Smith,SF,70
Terry Cummings,SF,69
Terry Mills,SF,68
Terry Porter,SF,70
Tim Duncan,SF,70
Tim Hardaway,SF,72
Tom Hammonds,SF,69
Toni Kukoc,SF,70
Travis Best,SF,70
Travis Williams,SF,68
Tyrone Corbin,SF,67
Vin Baker,SF,70
Vinny Del Negro,SF,70
Vitaly Potapenko,SF,69
Vlade Divac,SF,70
Voshon Lenard,SF,69
Walt Williams,SF,71
Wesley Person,SF,69
Will Perdue,SF,69
Zydrunas Ilgauskas,SF,70
Aaron McKie,SF,69
Adam Keefe,SF,70
Alan Henderson,SF,64
Allan Houston,SF,70
Allen Iverson,SF,71
Alonzo Mourning,SF,70
Andrae Patterson,SF,69
Anfernee Hardaway,SF,71
Anthony Johnson,SF,69
Anthony Peeler,SF,68
Antoine Carr,SF,69
Antonio Daniels,SF,71
Antonio Davis,SF,69
Armen Gilliam,SF,69
Arvydas Sabonis,SF,70
Austin Croshere,SF,73
Avery Johnson,SF,71
B.J. Armstrong,SF,73
Bison Dele,SF,70
Bo Outlaw,SF,69
Bobby Jackson,SF,68
Brent Price,SF,71
Brian Grant,SF,70
Bryce Drew,SF,75
Bryon Russell,SF,69
Charles Barkley,SF,72
Charles O'Bannon,SF,72
Charlie Ward,SF,70
Chris Childs,SF,70
Chris Crawford,SF,69
Chris Dudley,SF,68
Chris Gatling,SF,66
Chris Morris,SF,70
Chris Mullin,SF,69
Chris Webber,SF,70
Christian Laettner,SF,70
Clar. Weatherspoon,SF,68
Clifford Robinson,SF,70
Corliss Williamson,SF,69
Cuttino Mobley,SF,70
Dale Davis,SF,70
Damon Stoudamire,SF,71
Dan Majerle,SF,68
Dan Schayes,SF,64
Danny Manning,SF,70
Darrell Armstrong,SF,71
David Robinson,SF,71
Dean Garrett,SF,69
Dell Curry,SF,67
Derek Fisher,SF,70
Derek Harper,SF,70
Derek Strong,SF,68
Derrick McKey,SF,69
Dikembe Mutombo,SF,70
Dominique Wilkins,SF,68
Don Reid,SF,69
Duane Causwell,SF,69
Ed Gray,SF,70
Eric Montross,SF,68
Eric Snow,SF,71
Ervin Johnson,SF,68
Fred Hoiberg,SF,69
George Lynch,SF,69
George McCloud,SF,70
Gerald Brown,SF,76
Gerard King,SF,70
Glen Rice,SF,69
Glenn Robinson,SF,70
Grant Hill,SF,73
Grant Long,SF,69
Greg Anthony,SF,70
Greg Foster,SF,68
Greg Ostertag,SF,68
Hakeem Olajuwon,SF,69
Harvey Grant,SF,70
Haywoode Workman,SF,70
Herb Williams,SF,66
Horace Grant,SF,68
Howard Eisley,SF,70
Ike Austin,SF,69
Isaiah Rider,SF,70
J.R. Reid,SF,68
Jacque Vaughn,SF,70
Jalen Rose,SF,70
Jamal Mashburn,SF,69
James Robinson,SF,68
Jaren Jackson,SF,69
Jason Kidd,SF,71
Jason Williams,SF,70
Jeff Hornacek,SF,70
Jeff Sheppard,SF,67
Jerald Honeycutt,SF,66
Jermaine O'Neal,SF,69
Jerome James,SF,72
Jerome Kersey,SF,68
Jerome Williams,SF,69
Jerry Stackhouse,SF,69
Jim Jackson,SF,70
Joe Dumars,SF,70
Joe Kleine,SF,69
Joe Smith,SF,68
John Stockton,SF,72
Jon Barry,SF,70
Jud Buechler,SF,67
Karl Malone,SF,71
Keith Askins,SF,65
Kelvin Cato,SF,67
Kevin Garnett,SF,71
Kobe Bryant,SF,71
Kurt Thomas,SF,68
Larry Hughes,SF,70
Larry Johnson,SF,69
Latrell Sprewell,SF,70
Lawrence Funderburke,SF,69
Lindsey Hunter,SF,68
Loy Vaught,SF,68
Luc Longley,SF,67
Malik Rose,SF,68
Malik Sealy,SF,68
Marcus Camby,SF,70
Mario Elie,SF,69
Mark Jackson,SF,72
Mark Strickland,SF,71
Mark West,SF,67
Matt Bullard,SF,73
Matt Geiger,SF,69
Matt Harpring,SF,70
Michael Curry,SF,70
Michael Dickerson,SF,67
Michael Doleac,SF,68
Michael Hawkins,SF,67
Mookie Blaylock,SF,70
Nazr Mohammed,SF,64
Nick Anderson,SF,70
Othella Harrington,SF,70
P.J. Brown,SF,69
Pat Garrity,SF,70
Patrick Ewing,SF,69
Peja Stojakovic,SF,68
Randy Livingston,SF,71
Rasheed Wallace,SF,70
Rasho Nesterovic,SF,70
Ray Allen,SF,71
Reggie Miller,SF,70
Rex Chapman,SF,69
Rex Walters,SF,68
Rick Brunson,SF,70
Rick Fox,SF,69
Rick Mahorn,SF,68
Rik Smits,SF,70
Robert Horry,SF,69
Robert Traylor,SF,71
Roshown McLeod,SF,69
Ruben Patterson,SF,65
Sam Cassell,SF,72
Sam Mack,SF,69
Sam Mitchell,SF,69
Sam Perkins,SF,70
Scot Pollard,SF,69
Scottie Pippen,SF,71
Sean Elliott,SF,70
Sean Rooks,SF,68
Shandon Anderson,SF,69
Shaquille O'Neal,SF,71
Stacey Augmon,SF,68
Stanley Roberts,SF,66
Steve Kerr,SF,69
Steven Smith,SF,70
Tariq Abdul-Wahad,SF,69
Terrell Brandon,SF,72
Terry Porter,SF,71
Theo Ratliff,SF,69
Thurl Bailey,SF,69
Tim Duncan,SF,71
Tim Hardaway,SF,70
Tim Thomas,SF,69
Todd Fuller,SF,68
Tom Gugliotta,SF,69
Tom Hammonds,SF,71
Travis Best,SF,70
Travis Knight,SF,70
Tyrone Corbin,SF,69
Tyrone Hill,SF,68
Tyronn Lue,SF,70
Vernon Maxwell,SF,69
Vlade Divac,SF,71
Voshon Lenard,SF,71
Walt Williams,SF,69
Will Perdue,SF,68
A.C. Green,SF,68
Aaron McKie,SF,71
Allan Houston,SF,69
Allen Iverson,SF,70
Alonzo Mourning,SF,70
Alvin Williams,SF,64
Anfernee Hardaway,SF,71
Anthony Carter,SF,71
Anthony Mason,SF,70
Anthony Peeler,SF,69
Antonio Daniels,SF,70
Antonio Davis,SF,70
Armen Gilliam,SF,68
Arvydas Sabonis,SF,70
Austin Croshere,SF,70
Avery Johnson,SF,71
Baron Davis,SF,70
Bobby Jackson,SF,72
Bonzi Wells,SF,71
Brad Miller,SF,70
Brent Barry,SF,69
Brian Grant,SF,69
Brian Shaw,SF,70
Bruce Bowen,SF,69
Bryon Russell,SF,69
Charles Oakley,SF,70
Charlie Ward,SF,71
Chris Childs,SF,70
Chris Dudley,SF,70
Chris Mullin,SF,70
Chris Webber,SF,72
Christian Laettner,SF,70
Chuck Person,SF,65
Clar. Weatherspoon,SF,69
Clifford Robinson,SF,69
Corie Blount,SF,69
Corliss Williamson,SF,70
Dale Davis,SF,69
Damon Stoudamire,SF,70
Dan Majerle,SF,70
Danny Manning,SF,65
Darrick Martin,SF,71
Darvin Ham,SF,69
David Robinson,SF,71
David Wesley,SF,70
Dean Garrett,SF,68
Dee Brown,SF,67
Dell Curry,SF,69
Derek Fisher,SF,70
Derrick Coleman,SF,71
Derrick Dial,SF,69
Derrick McKey,SF,69
Detlef Schrempf,SF,70
Devean George,SF,69
Doug Christie,SF,69
Eddie Jones,SF,70
Eddie Robinson,SF,69
Elden Campbell,SF,69
Eric Montross,SF,65
Eric Snow,SF,72
Ervin Johnson,SF,69
Gary Grant,SF,69
Gary Payton,SF,72
George Lynch,SF,68
Glen Rice,SF,69
Glenn Robinson,SF,69
Grant Hill,SF,72
Greg Anthony,SF,70
Greg Foster,SF,68
Greg Ostertag,SF,68
Horace Grant,SF,68
Howard Eisley,SF,69
Ira Bowman,SF,68
Jacque Vaughn,SF,72
Jalen Rose,SF,70
Jamal Mashburn,SF,70
Jaren Jackson,SF,67
Jason Kidd,SF,71
Jason Williams,SF,69
Jeff Hornacek,SF,70
Jelani McCoy,SF,68
Jermaine O'Neal,SF,68
Jerome Kersey,SF,67
Jerome Williams,SF,69
Jerry Stackhouse,SF,71
Joe Smith,SF,68
John Crotty,SF,68
John Salley,SF,69
John Stockton,SF,72
John Thomas,SF,64
John Wallace,SF,66
Jon Barry,SF,71
Jonathan Bender,SF,70
Jud Buechler,SF,68
Jumaine Jones,SF,67
Karl Malone,SF,72
Kevin Garnett,SF,72
Kevin Johnson,SF,70
Kevin Ollie,SF,71
Kevin Willis,SF,70
Kobe Bryant,SF,70
Kurt Thomas,SF,69
Larry Johnson,SF,69
Latrell Sprewell,SF,70
Lawrence Funderburke,SF,69
Lazaro Borrell,SF,70
Lindsey Hunter,SF,68
Loy Vaught,SF,66
Luc Longley,SF,68
Malik Rose,SF,69
Malik Sealy,SF,69
Marcus Camby,SF,68
Mario Elie,SF,69
Mark Jackson,SF,72
Mark Strickland,SF,67
Matt Geiger,SF,70
Michael Curry,SF,69
Mikki Moore,SF,71
Mirsad Turkcan,SF,68
Muggsy Bogues,SF,68
Nick Anderson,SF,68
Olden Polynice,SF,69
Oliver Miller,SF,67
Otis Thorpe,SF,69
P.J. Brown,SF,69
Patrick Ewing,SF,69
Peja Stojakovic,SF,68
Quincy Lewis,SF,68
Rafer Alston,SF,66
Randy Livingston,SF,68
Rashard Lewis,SF,69
Rasheed Wallace,SF,70
Rasho Nesterovic,SF,68
Ray Allen,SF,70
Reggie Miller,SF,70
Rick Brunson,SF,73
Rick Fox,SF,69
Rik Smits,SF,70
Robert Horry,SF,69
Robert Traylor,SF,74
Rodney Buford,SF,70
Rodney Rogers,SF,70
Ron Harper,SF,69
Ruben Patterson,SF,70
Sam Cassell,SF,71
Sam Mitchell,SF,69
Sam Perkins,SF,68
Samaki Walker,SF,69
Scot Pollard,SF,69
Scott Padgett,SF,70
Scott Williams,SF,70
Scottie Pippen,SF,70
Sean Elliott,SF,69
Shammond Williams,SF,72
Shaquille O'Neal,SF,71
Shawn Marion,SF,69
Stacey Augmon,SF,67
Steven Smith,SF,70
Terrell Brandon,SF,72
Terry Mills,SF,70
Terry Porter,SF,68
Theo Ratliff,SF,69
Tim Hardaway,SF,70
Tim Thomas,SF,70
Toby Bailey,SF,70
Todd Day,SF,69
Todd MacCulloch,SF,70
Tom Hammonds,SF,64
Toni Kukoc,SF,69
Tony Delk,SF,70
Tracy McGrady,SF,70
Travis Best,SF,71
Travis Knight,SF,68
Tyrone Corbin,SF,69
Tyrone Hill,SF,69
Vin Baker,SF,69
Vince Carter,SF,72
Vinny Del Negro,SF,69
Vlade Divac,SF,70
Wally Szczerbiak,SF,68
Zan Tabak,SF,69
A.C. Green,SF,69
Aaron McKie,SF,70
Al Harrington,SF,67
Allan Houston,SF,70
Allen Iverson,SF,71
Alonzo Mourning,SF,69
Alvin Williams,SF,69
Andrew DeClercq,SF,69
Anthony Carter,SF,71
Anthony Mason,SF,68
Anthony Peeler,SF,68
Antonio Daniels,SF,70
Antonio Davis,SF,70
Antonio Harvey,SF,66
Arvydas Sabonis,SF,70
Austin Croshere,SF,69
Avery Johnson,SF,70
Baron Davis,SF,71
Bo Outlaw,SF,70
Bobby Jackson,SF,69
Brian Grant,SF,69
Brian Shaw,SF,70
Bruce Bowen,SF,68
Bryon Russell,SF,70
Calvin Booth,SF,68
Cedric Ceballos,SF,69
Charles Oakley,SF,69
Charlie Ward,SF,69
Chauncey Billups,SF,68
Chris Childs,SF,71
Chris Dudley,SF,68
Chris Webber,SF,70
Clifford Robinson,SF,69
Dale Davis,SF,66
Damon Stoudamire,SF,70
Dan Majerle,SF,69
Daniel Santiago,SF,69
Danny Ferry,SF,69
Danny Manning,SF,70
Darrell Armstrong,SF,70
Darrick Martin,SF,70
Darvin Ham,SF,69
David Benoit,SF,69
David Robinson,SF,71
David Wesley,SF,70
DeShawn Stevenson,SF,68
Dean Garrett,SF,68
Dee Brown,SF,70
Dell Curry,SF,69
Derek Anderson,SF,69
Derek Fisher,SF,70
Derrick Coleman,SF,69
Derrick McKey,SF,70
Detlef Schrempf,SF,70
Devean George,SF,70
Dikembe Mutombo,SF,69
Dirk Nowitzki,SF,70
Don Reid,SF,70
Donyell Marshall,SF,69
Doug Christie,SF,69
Duane Causwell,SF,66
Eddie House,SF,70
Eddie Jones,SF,71
Eddie Robinson,SF,69
Eduardo Najera,SF,70
Elden Campbell,SF,69
Eldridge Recasner,SF,72
Elliot Perry,SF,73
Eric Montross,SF,68
Eric Snow,SF,70
Ervin Johnson,SF,69
Felipe Lopez,SF,70
Felton Spencer,SF,64
George Lynch,SF,69
Glen Rice,SF,69
Glenn Robinson,SF,70
Greg Anthony,SF,67
Greg Buckner,SF,69
Greg Foster,SF,65
Greg Ostertag,SF,68
Hedo Turkoglu,SF,70
Hersey Hawkins,SF,69
Horace Grant,SF,68
Howard Eisley,SF,69
Jacque Vaughn,SF,67
Jake Tsakalidis,SF,68
Jalen Rose,SF,69
Jamaal Magloire,SF,69
Jamal Mashburn,SF,71
Jason Caffey,SF,69
Jason Kidd,SF,72
Jason Williams,SF,70
Jeff Foster,SF,69
Jermaine O'Neal,SF,69
Jerome Williams,SF,69
Joel Przybilla,SF,64
John Amaechi,SF,69
John Crotty,SF,70
John Starks,SF,68
John Stockton,SF,72
Jon Barry,SF,69
Jonathan Bender,SF,64
Jumaine Jones,SF,69
Juwan Howard,SF,69
Karl Malone,SF,71
Keon Clark,SF,69
Kevin Garnett,SF,71
Kevin Ollie,SF,71
Kobe Bryant,SF,71
Kurt Thomas,SF,70
LaPhonso Ellis,SF,68
Latrell Sprewell,SF,70
Lawrence Funderburke,SF,69
Lindsey Hunter,SF,69
Malik Rose,SF,69
Marcus Camby,SF,68
Mario Elie,SF,69
Mark Bryant,SF,68
Mark Jackson,SF,71
Mark Madsen,SF,67
Mark Pope,SF,69
Matt Geiger,SF,70
Michael Doleac,SF,68
Michael Finley,SF,70
Michael Stewart,SF,66
Mike Miller,SF,69
Monty Williams,SF,70
Morris Peterson,SF,70
Olden Polynice,SF,69
Othella Harrington,SF,69
Otis Thorpe,SF,67
P.J. Brown,SF,69
Pat Garrity,SF,69
Peja Stojakovic,SF,69
Rafer Alston,SF,68
Raja Bell,SF,69
Rasheed Wallace,SF,69
Rasho Nesterovic,SF,69
Ray Allen,SF,71
Reggie Miller,SF,71
Reggie Slater,SF,68
Rick Brunson,SF,69
Rick Fox,SF,69
Robert Horry,SF,69
Rod Strickland,SF,70
Rodney Buford,SF,68
Rodney Rogers,SF,69
Ron Harper,SF,69
Sam Cassell,SF,71
Sam Mitchell,SF,68
Sam Perkins,SF,67
Samaki Walker,SF,68
Scot Pollard,SF,70
Scott Burrell,SF,71
Scott Williams,SF,69
Scottie Pippen,SF,69
Sean Elliott,SF,69
Shaquille O'Neal,SF,71
Shawn Bradley,SF,69
Shawn Marion,SF,69
Shawnelle Scott,SF,67
Stacey Augmon,SF,71
Steve Kerr,SF,69
Steve Nash,SF,71
Steven Smith,SF,70
Terrell Brandon,SF,71
Terry Porter,SF,70
Tim Duncan,SF,71
Tim Hardaway,SF,70
Tim Thomas,SF,70
Todd MacCulloch,SF,70
Tom Gugliotta,SF,68
Tony Delk,SF,69
Tracy McGrady,SF,72
Tracy Murray,SF,68
Travis Best,SF,71
Travis Knight,SF,63
Troy Hudson,SF,70
Tyrone Hill,SF,68
Tyronn Lue,SF,68
Tyus Edney,SF,73
Vernon Maxwell,SF,68
Vince Carter,SF,71
Vinny Del Negro,SF,70
Vlade Divac,SF,70
Wally Szczerbiak,SF,70
Wang Zhi-zhi,SF,69
Will Perdue,SF,66
William Avery,SF,71
Zan Tabak,SF,66
Aaron McKie,SF,70
Aaron Williams,SF,69
Adrian Griffin,SF,69
Allen Iverson,SF,71
Alvin Jones,SF,66
Alvin Williams,SF,70
Andrei Kirilenko,SF,69
Andrew DeClercq,SF,64
Ansu Sesay,SF,68
Anthony Johnson,SF,70
Anthony Peeler,SF,69
Antoine Walker,SF,70
Antonio Daniels,SF,70
Antonio Davis,SF,69
Austin Croshere,SF,70
Baron Davis,SF,71
Ben Wallace,SF,69
Bobby Jackson,SF,70
Bonzi Wells,SF,70
Brad Miller,SF,69
Brent Barry,SF,70
Brian Scalabrine,SF,67
Brian Shaw,SF,69
Bruce Bowen,SF,68
Bruno Sundov,SF,71
Bryce Drew,SF,75
Bryon Russell,SF,68
Charles Smith,SF,71
Chauncey Billups,SF,70
Cherokee Parks,SF,67
Chris Childs,SF,72
Chris Dudley,SF,68
Chris Webber,SF,71
Chucky Atkins,SF,70
Chucky Brown,SF,70
Clifford Robinson,SF,69
Corie Blount,SF,67
Corliss Williamson,SF,70
Dale Davis,SF,68
Damon Jones,SF,70
Damon Stoudamire,SF,68
Dana Barros,SF,69
Danny Ferry,SF,68
Darrell Armstrong,SF,70
David Robinson,SF,69
David Wesley,SF,69
Dell Curry,SF,70
Derek Anderson,SF,71
Derek Fisher,SF,69
Derrick Coleman,SF,70
Derrick McKey,SF,68
Desmond Mason,SF,69
Devean George,SF,68
Dikembe Mutombo,SF,69
Dirk Nowitzki,SF,70
Don Reid,SF,69
Donny Marshall,SF,66
Donyell Marshall,SF,70
Doug Christie,SF,70
Eduardo Najera,SF,69
Elden Campbell,SF,70
Eric Snow,SF,71
Eric Williams,SF,69
Erick Strickland,SF,70
Evan Eschmeyer,SF,67
Felipe Lopez,SF,67
Gary Payton,SF,71
Gary Trent,SF,69
George Lynch,SF,69
Gerald Wallace,SF,70
Greg Buckner,SF,69
Greg Ostertag,SF,69
Hakeem Olajuwon,SF,69
Hedo Turkoglu,SF,69
Horace Grant,SF,69
Jamaal Magloire,SF,70
Jamaal Tinsley,SF,71
Jamal Mashburn,SF,67
Jamison Brewer,SF,69
Jaren Jackson,SF,65
Jarron Collins,SF,69
Jason Collins,SF,68
Jason Kidd,SF,72
Jeff Foster,SF,70
Jermaine Jackson,SF,69
Jermaine O'Neal,SF,69
Jerome James,SF,68
Jerome Williams,SF,69
Jerry Stackhouse,SF,71
Joe Smith,SF,69
John Stockton,SF,72
Johnny Newman,SF,67
Jon Barry,SF,71
Jonathan Bender,SF,68
Jud Buechler,SF,66
Karl Malone,SF,71
Kedrick Brown,SF,74
Keith Van Horn,SF,70
Kenny Anderson,SF,70
Kenyon Martin,SF,70
Keon Clark,SF,70
Kerry Kittles,SF,69
Kevin Garnett,SF,71
Kevin Ollie,SF,71
Kirk Haston,SF,71
Kobe Bryant,SF,71
Lawrence Funderburke,SF,69
Lee Nailon,SF,69
Lindsey Hunter,SF,68
Lucious Harris,SF,69
Malik Rose,SF,70
Marc Jackson,SF,64
Mark Blount,SF,69
Mark Bryant,SF,68
Mark Madsen,SF,66
Matt Harpring,SF,70
Metta World Peace,SF,70
Michael Bradley,SF,68
Michael Curry,SF,69
Michael Finley,SF,70
Michael Stewart,SF,72
Mike Bibby,SF,70
Mike Miller,SF,69
Mitch Richmond,SF,72
Monty Williams,SF,70
Morris Peterson,SF,69
Nick Van Exel,SF,69
Olumide Oyedeji,SF,70
P.J. Brown,SF,69
Pat Garrity,SF,69
Patrick Ewing,SF,69
Paul Pierce,SF,71
Peja Stojakovic,SF,69
Predrag Drobnjak,SF,69
Quincy Lewis,SF,68
Raef LaFrentz,SF,69
Raja Bell,SF,68
Randy Livingston,SF,69
Rashard Lewis,SF,69
Rasheed Wallace,SF,70
Rasho Nesterovic,SF,69
Reggie Miller,SF,70
Richard Jefferson,SF,69
Rick Brunson,SF,64
Rick Fox,SF,70
Robert Horry,SF,70
Robert Pack,SF,67
Robert Traylor,SF,69
Rodney Rogers,SF,70
Rodney White,SF,65
Ron Mercer,SF,69
Ruben Patterson,SF,68
Rusty LaRue,SF,70
Sam Mitchell,SF,68
Samaki Walker,SF,69
Scot Pollard,SF,69
Scott Padgett,SF,69
Scottie Pippen,SF,72
Shammond Williams,SF,70
Shaquille O'Neal,SF,71
Shawn Bradley,SF,68
Shawn Kemp,SF,68
Slava Medvedenko,SF,69
Speedy Claxton,SF,71
Stacey Augmon,SF,70
Steve Kerr,SF,70
Steve Nash,SF,71
Steven Smith,SF,69
Terry Porter,SF,69
Tim Duncan,SF,72
Todd MacCulloch,SF,69
Tony Battie,SF,69
Tony Delk,SF,69
Tony Parker,SF,70
Tracy McGrady,SF,72
Troy Hudson,SF,69
Victor Alexander,SF,66
Vin Baker,SF,69
Vlade Divac,SF,70
Vladimir Radmanovic,SF,69
Vonteego Cummings,SF,64
Wally Szczerbiak,SF,69
Walter McCarty,SF,68
Wang Zhi-zhi,SF,70
Zach Randolph,SF,64
Zeljko Rebraca,SF,69
Aaron McKie,SF,70
Aaron Williams,SF,70
Adrian Griffin,SF,69
Al Harrington,SF,68
Allen Iverson,SF,72
Amar'e Stoudemire,SF,70
Andrei Kirilenko,SF,69
Andrew DeClercq,SF,69
Anfernee Hardaway,SF,70
Anthony Johnson,SF,71
Anthony Mason,SF,68
Anthony Peeler,SF,68
Antoine Walker,SF,70
Antonio Daniels,SF,70
Arvydas Sabonis,SF,71
Austin Croshere,SF,70
Baron Davis,SF,72
Ben Wallace,SF,69
Bimbo Coles,SF,68
Bo Outlaw,SF,67
Bobby Jackson,SF,71
Bonzi Wells,SF,70
Brad Miller,SF,71
Brian Scalabrine,SF,68
Brian Shaw,SF,69
Brian Skinner,SF,67
Bruce Bowen,SF,68
Calbert Cheaney,SF,68
Carlos Arroyo,SF,70
Casey Jacobsen,SF,67
Chauncey Billups,SF,71
Chris Webber,SF,71
Chris Whitney,SF,69
Chucky Atkins,SF,69
Clifford Robinson,SF,69
Corliss Williamson,SF,70
Courtney Alexander,SF,69
Dale Davis,SF,70
Damon Stoudamire,SF,71
Danny Ferry,SF,68
Danny Manning,SF,67
Darrell Armstrong,SF,70
David Robinson,SF,70
David Wesley,SF,69
DeShawn Stevenson,SF,70
Derek Anderson,SF,66
Derek Fisher,SF,70
Derrick Coleman,SF,70
Desmond Mason,SF,69
Devean George,SF,69
Dikembe Mutombo,SF,69
Dirk Nowitzki,SF,70
Doug Christie,SF,70
Drew Gooden,SF,70
Eduardo Najera,SF,69
Eric Snow,SF,71
Eric Williams,SF,69
Erick Strickland,SF,72
Ervin Johnson,SF,68
Evan Eschmeyer,SF,68
Gary Payton,SF,71
Gary Trent,SF,68
George Lynch,SF,69
Gerald Wallace,SF,69
Gordan Giricek,SF,69
Grant Long,SF,67
Greg Buckner,SF,68
Greg Ostertag,SF,69
Hedo Turkoglu,SF,69
J.R. Bremer,SF,69
Jacque Vaughn,SF,70
Jake Voskuhl,SF,70
Jamaal Magloire,SF,69
Jamaal Tinsley,SF,72
Jamal Mashburn,SF,71
Jannero Pargo,SF,69
Jason Collins,SF,69
Jason Kidd,SF,72
Jeff Foster,SF,70
Jeff McInnis,SF,69
Jermaine O'Neal,SF,70
Jerome Moiso,SF,71
Jeryl Sasser,SF,69
Jim Jackson,SF,70
Joe Johnson,SF,68
Joe Smith,SF,70
Joel Przybilla,SF,71
John Amaechi,SF,67
John Salmons,SF,65
John Stockton,SF,71
Jon Barry,SF,71
Jonathan Bender,SF,69
Kareem Rush,SF,69
Karl Malone,SF,71
Kedrick Brown,SF,67
Keith Van Horn,SF,69
Kendall Gill,SF,68
Kenny Anderson,SF,69
Kenny Thomas,SF,69
Kenyon Martin,SF,70
Keon Clark,SF,69
Kerry Kittles,SF,69
Kevin Garnett,SF,72
Kevin Willis,SF,70
Kobe Bryant,SF,71
Lawrence Funderburke,SF,70
Loren Woods,SF,70
Lucious Harris,SF,69
Malik Rose,SF,69
Manu Ginobili,SF,70
Marc Jackson,SF,71
Marcus Haislip,SF,70
Mark Blount,SF,69
Mark Bryant,SF,64
Mark Jackson,SF,71
Mark Madsen,SF,69
Matt Harpring,SF,69
Mehmet Okur,SF,69
Metta World Peace,SF,70
Michael Curry,SF,68
Michael Finley,SF,70
Michael Redd,SF,70
Mike Bibby,SF,70
Mike Wilks,SF,69
Monty Williams,SF,67
Nick Van Exel,SF,71
P.J. Brown,SF,69
Pat Burke,SF,70
Pat Garrity,SF,68
Paul Pierce,SF,72
Peja Stojakovic,SF,70
Qyntel Woods,SF,68
Raef LaFrentz,SF,68
Raja Bell,SF,69
Rasheed Wallace,SF,70
Rasho Nesterovic,SF,68
Reggie Miller,SF,69
Richard Hamilton,SF,70
Richard Jefferson,SF,70
Rick Fox,SF,69
Robert Horry,SF,69
Robert Pack,SF,69
Robert Traylor,SF,69
Rod Strickland,SF,72
Rodney Rogers,SF,70
Ron Mercer,SF,68
Ruben Patterson,SF,70
Sam Cassell,SF,70
Samaki Walker,SF,68
Scot Pollard,SF,68
Scott Padgett,SF,70
Scott Williams,SF,68
Scottie Pippen,SF,71
Shaquille O'Neal,SF,72
Shawn Bradley,SF,68
Shawn Kemp,SF,68
Shawn Marion,SF,69
Slava Medvedenko,SF,69
Speedy Claxton,SF,71
Stacey Augmon,SF,68
Stephen Jackson,SF,70
Stephon Marbury,SF,71
Steve Kerr,SF,71
Steve Nash,SF,71
Steven Hunter,SF,67
Steven Smith,SF,68
Tamar Slay,SF,67
Tariq Abdul-Wahad,SF,69
Tayshaun Prince,SF,70
Tim Duncan,SF,72
Tim Hardaway,SF,71
Tim Thomas,SF,70
Tom Gugliotta,SF,69
Toni Kukoc,SF,71
Tony Battie,SF,69
Tony Delk,SF,70
Tony Massenburg,SF,69
Tony Parker,SF,70
Tracy McGrady,SF,72
Troy Hudson,SF,71
Tyrone Hill,SF,69
Vlade Divac,SF,70
Wally Szczerbiak,SF,69
Walt Williams,SF,69
Walter McCarty,SF,69
Zach Randolph,SF,70
Zeljko Rebraca,SF,69
Aaron Williams,SF,69
Al Harrington,SF,69
Andre Miller,SF,70
Anfernee Hardaway,SF,70
Antawn Jamison,SF,69
Anthony Johnson,SF,69
Anthony Peeler,SF,68
Antoine Walker,SF,69
Austin Croshere,SF,69
Baron Davis,SF,72
Ben Wallace,SF,69
Bo Outlaw,SF,67
Bonzi Wells,SF,70
Bostjan Nachbar,SF,70
Brad Miller,SF,70
Brandon Armstrong,SF,68
Brandon Hunter,SF,72
Brevin Knight,SF,70
Brian Cook,SF,68
Brian Grant,SF,69
Brian Scalabrine,SF,70
Brian Skinner,SF,69
Bruce Bowen,SF,68
Bryon Russell,SF,66
Carmelo Anthony,SF,70
Caron Butler,SF,69
Charlie Ward,SF,72
Chauncey Billups,SF,71
Chris Andersen,SF,68
Chris Mihm,SF,68
Chris Webber,SF,70
Chucky Atkins,SF,71
Clar. Weatherspoon,SF,68
Corliss Williamson,SF,69
Cuttino Mobley,SF,69
Damon Jones,SF,73
Dan Gadzuric,SF,71
Dana Barros,SF,65
Daniel Santiago,SF,64
Darius Songaila,SF,69
Darko Milicic,SF,68
Darrell Armstrong,SF,69
Darrick Martin,SF,70
Darvin Ham,SF,68
David Wesley,SF,69
David West,SF,71
DerMarr Johnson,SF,67
Derek Fisher,SF,70
Desmond Mason,SF,69
Devean George,SF,69
Devin Brown,SF,70
Dikembe Mutombo,SF,68
Dirk Nowitzki,SF,70
Doug Christie,SF,70
Dwyane Wade,SF,71
Earl Boykins,SF,71
Earl Watson,SF,71
Eddie Jones,SF,69
Eduardo Najera,SF,69
Elden Campbell,SF,69
Eric Piatkowski,SF,65
Erick Strickland,SF,72
Ervin Johnson,SF,69
Francisco Elson,SF,69
Frank Williams,SF,68
Fred Hoiberg,SF,69
Fred Jones,SF,69
Gary Payton,SF,70
Gary Trent,SF,68
George Lynch,SF,70
Gerald Wallace,SF,69
Hedo Turkoglu,SF,69
Jabari Smith,SF,70
Jake Tsakalidis,SF,73
Jamaal Magloire,SF,69
Jamaal Tinsley,SF,71
James Posey,SF,69
Jason Collins,SF,69
Jason Hart,SF,69
Jason Kidd,SF,71
Jason Williams,SF,70
Jeff Foster,SF,70
Jermaine O'Neal,SF,70
Jim Jackson,SF,69
Jiri Welsch,SF,70
Joe Smith,SF,69
Jon Barry,SF,69
Jonathan Bender,SF,69
Josh Howard,SF,69
Jumaine Jones,SF,68
Kareem Rush,SF,69
Karl Malone,SF,70
Keith Van Horn,SF,69
Kelvin Cato,SF,69
Kenny Anderson,SF,71
Kenyon Martin,SF,70
Kerry Kittles,SF,69
Kevin Garnett,SF,72
Kevin Willis,SF,68
Kobe Bryant,SF,71
Kurt Thomas,SF,69
Lamar Odom,SF,70
Latrell Sprewell,SF,70
Lindsey Hunter,SF,69
Loren Woods,SF,64
Lorenzen Wright,SF,68
Lucious Harris,SF,69
Luke Walton,SF,71
Malik Allen,SF,69
Malik Rose,SF,69
Manu Ginobili,SF,71
Marcus Banks,SF,70
Marcus Camby,SF,70
Marcus Haislip,SF,72
Mark Blount,SF,69
Mark Jackson,SF,68
Mark Madsen,SF,68
Marquis Daniels,SF,69
Maurice Carter,SF,65
Maurice Taylor,SF,70
Mehmet Okur,SF,69
Metta World Peace,SF,70
Michael Doleac,SF,69
Michael Finley,SF,68
Michael Olowokandi,SF,68
Michael Redd,SF,70
Michael Stewart,SF,64
Michael Sweetney,SF,69
Mike Bibby,SF,71
Mike James,SF,70
Mike Miller,SF,69
Mike Wilks,SF,67
Nazr Mohammed,SF,69
Nene,SF,70
Oliver Miller,SF,67
P.J. Brown,SF,69
Pau Gasol,SF,71
Paul Pierce,SF,70
Peja Stojakovic,SF,69
Rafer Alston,SF,69
Rasheed Wallace,SF,69
Rasho Nesterovic,SF,68
Rasual Butler,SF,69
Reggie Miller,SF,70
Richard Hamilton,SF,71
Richard Jefferson,SF,71
Rick Fox,SF,69
Ricky Davis,SF,70
Robert Horry,SF,70
Robert Traylor,SF,69
Rodney Buford,SF,70
Rodney Rogers,SF,69
Rodney White,SF,68
Ryan Bowen,SF,70
Ryan Humphrey,SF,72
Sam Cassell,SF,71
Samaki Walker,SF,65
Scot Pollard,SF,67
Scott Padgett,SF,69
Scott Williams,SF,65
Shammond Williams,SF,71
Shandon Anderson,SF,68
Shane Battier,SF,68
Shaquille O'Neal,SF,71
Shawn Bradley,SF,64
Slava Medvedenko,SF,69
Stacey Augmon,SF,69
Stephon Marbury,SF,71
Steve Francis,SF,72
Steve Nash,SF,71
Steven Smith,SF,70
Stromile Swift,SF,69
Tamar Slay,SF,68
Tayshaun Prince,SF,69
Tim Duncan,SF,71
Tim Thomas,SF,71
Toni Kukoc,SF,69
Tony Delk,SF,70
Tony Parker,SF,71
Trenton Hassell,SF,69
Udonis Haslem,SF,68
Vin Baker,SF,69
Vlade Divac,SF,70
Voshon Lenard,SF,70
Wally Szczerbiak,SF,70
Walter McCarty,SF,69
Wang Zhi-zhi,SF,66
Yao Ming,SF,70
Zoran Planinic,SF,68
Aaron McKie,SF,68
Adrian Griffin,SF,70
Al Jefferson,SF,69
Alan Henderson,SF,68
Allen Iverson,SF,73
Alonzo Mourning,SF,70
Amar'e Stoudemire,SF,71
Andre Iguodala,SF,69
Andre Miller,SF,71
Andres Nocioni,SF,70
Antawn Jamison,SF,69
Anthony Johnson,SF,72
Anthony Peeler,SF,68
Antoine Walker,SF,70
Antonio Burks,SF,67
Antonio Daniels,SF,71
Antonio Davis,SF,69
Antonio McDyess,SF,70
Austin Croshere,SF,69
Ben Gordon,SF,70
Ben Wallace,SF,69
Beno Udrih,SF,69
Billy Thomas,SF,66
Bo Outlaw,SF,68
Bob Sura,SF,69
Bobby Jackson,SF,69
Bonzi Wells,SF,71
Brad Miller,SF,70
Brendan Haywood,SF,69
Brent Barry,SF,69
Brian Cardinal,SF,68
Brian Scalabrine,SF,67
Brian Skinner,SF,69
Bruce Bowen,SF,68
Bryon Russell,SF,68
Carlos Arroyo,SF,71
Carmelo Anthony,SF,70
Chauncey Billups,SF,71
Chris Duhon,SF,70
Chris Webber,SF,70
Christian Laettner,SF,69
Clar. Weatherspoon,SF,65
Clifford Robinson,SF,69
Corliss Williamson,SF,71
Cuttino Mobley,SF,69
Dahntay Jones,SF,68
Dale Davis,SF,69
Damien Wilkins,SF,68
Damon Jones,SF,70
Danny Fortson,SF,69
Darius Songaila,SF,68
Darko Milicic,SF,68
Darrell Armstrong,SF,70
Darvin Ham,SF,68
David Wesley,SF,69
Delonte West,SF,69
DerMarr Johnson,SF,69
Devin Brown,SF,69
Devin Harris,SF,70
Dikembe Mutombo,SF,70
Dirk Nowitzki,SF,70
Dwyane Wade,SF,72
Earl Boykins,SF,70
Earl Watson,SF,70
Eddie Gill,SF,72
Eddie House,SF,71
Eddie Jones,SF,69
Eduardo Najera,SF,67
Elden Campbell,SF,69
Eric Piatkowski,SF,69
Erick Dampier,SF,69
Etan Thomas,SF,69
Flip Murray,SF,68
Francisco Elson,SF,66
Fred Jones,SF,69
Gary Payton,SF,70
Gilbert Arenas,SF,71
Glenn Robinson,SF,69
Greg Buckner,SF,67
Greg Ostertag,SF,71
Jabari Smith,SF,64
Jamaal Tinsley,SF,71
James Jones,SF,69
James Posey,SF,69
Jannero Pargo,SF,71
Jared Jeffries,SF,69
Jared Reiner,SF,65
Jason Collins,SF,67
Jason Kidd,SF,71
Jason Terry,SF,70
Jason Williams,SF,71
Jeff Foster,SF,70
Jermaine O'Neal,SF,70
Jerome James,SF,69
Jerry Stackhouse,SF,70
Jim Jackson,SF,69
Joe Johnson,SF,70
John Salmons,SF,67
Jon Barry,SF,69
Josh Davis,SF,65
Josh Howard,SF,70
Juan Dixon,SF,70
Justin Reed,SF,68
Keith Van Horn,SF,70
Kendrick Perkins,SF,70
Kenny Thomas,SF,70
Kenyon Martin,SF,69
Keyon Dooling,SF,70
Kirk Hinrich,SF,72
Kwame Brown,SF,69
Kyle Korver,SF,68
Laron Profit,SF,69
Larry Hughes,SF,70
Lawrence Funderburke,SF,68
Leandro Barbosa,SF,69
Lindsey Hunter,SF,69
Lorenzen Wright,SF,70
Luke Ridnour,SF,69
Manu Ginobili,SF,72
Marc Jackson,SF,68
Marcus Banks,SF,69
Marcus Camby,SF,69
Mark Blount,SF,67
Marquis Daniels,SF,70
Maurice Evans,SF,70
Michael Doleac,SF,68
Michael Finley,SF,69
Michael Ruffin,SF,70
Mike Bibby,SF,71
Mike James,SF,70
Mike Miller,SF,70
Moochie Norris,SF,65
Nazr Mohammed,SF,69
Nenad Krstic,SF,70
Nene,SF,69
Nick Collison,SF,70
Othella Harrington,SF,69
Pau Gasol,SF,70
Paul Pierce,SF,72
Peja Stojakovic,SF,69
Quentin Richardson,SF,69
Raef LaFrentz,SF,69
Rashard Lewis,SF,69
Rasheed Wallace,SF,69
Rasho Nesterovic,SF,67
Rasual Butler,SF,68
Ray Allen,SF,71
Reggie Evans,SF,69
Reggie Miller,SF,70
Richard Hamilton,SF,70
Richard Jefferson,SF,70
Ricky Davis,SF,69
Robert Horry,SF,70
Rodney Buford,SF,64
Rodney Rogers,SF,69
Ronald Dupree,SF,67
Ryan Bowen,SF,68
Samuel Dalembert,SF,69
Scot Pollard,SF,68
Scott Padgett,SF,69
Shandon Anderson,SF,68
Shane Battier,SF,69
Shaquille O'Neal,SF,71
Shawn Bradley,SF,69
Shawn Marion,SF,69
Stephen Jackson,SF,70
Steve Blake,SF,69
Steve Nash,SF,73
Steven Hunter,SF,69
Steven Smith,SF,65
Stromile Swift,SF,70
Tayshaun Prince,SF,69
Tim Duncan,SF,71
Tony Allen,SF,68
Tony Massenburg,SF,67
Tony Parker,SF,70
Tracy McGrady,SF,72
Travis Best,SF,70
Tyson Chandler,SF,70
Udonis Haslem,SF,69
Vince Carter,SF,71
Vitaly Potapenko,SF,68
Vladimir Radmanovic,SF,68
Walter McCarty,SF,67
Wesley Person,SF,68
Willie Green,SF,70
Yao Ming,SF,71
Zoran Planinic,SF,64
Aaron McKie,SF,64
Adrian Griffin,SF,69
Alan Henderson,SF,65
Alonzo Mourning,SF,70
Anderson Varejao,SF,69
Andre Miller,SF,72
Andres Nocioni,SF,70
Andrew Bogut,SF,69
Andrew Bynum,SF,65
Antawn Jamison,SF,70
Anthony Johnson,SF,71
Antoine Walker,SF,69
Antoine Wright,SF,67
Antonio Burks,SF,71
Antonio Daniels,SF,70
Antonio McDyess,SF,70
Austin Croshere,SF,69
Ben Gordon,SF,70
Ben Wallace,SF,69
Beno Udrih,SF,71
Billy Thomas,SF,66
Bobby Jackson,SF,69
Bobby Simmons,SF,68
Bonzi Wells,SF,71
Boris Diaw,SF,71
Bostjan Nachbar,SF,64
Brad Miller,SF,69
Brendan Haywood,SF,69
Brent Barry,SF,70
Brian Cardinal,SF,70
Brian Cook,SF,70
Brian Grant,SF,66
Bruce Bowen,SF,69
Carlos Delfino,SF,68
Carmelo Anthony,SF,70
Caron Butler,SF,70
Charlie Bell,SF,69
Chauncey Billups,SF,71
Chris Duhon,SF,69
Chris Kaman,SF,70
Chucky Atkins,SF,70
Clifford Robinson,SF,68
Corey Maggette,SF,71
Corliss Williamson,SF,69
Cuttino Mobley,SF,69
DJ Mbenga,SF,68
Dahntay Jones,SF,70
Dale Davis,SF,67
Damon Jones,SF,68
Dan Gadzuric,SF,71
Daniel Ewing,SF,70
Danny Granger,SF,70
Darrell Armstrong,SF,67
David Harrison,SF,68
DeSagana Diop,SF,69
DerMarr Johnson,SF,69
Derek Anderson,SF,70
Devean George,SF,69
Devin Harris,SF,70
Dirk Nowitzki,SF,71
Donell Taylor,SF,68
Donyell Marshall,SF,69
Drew Gooden,SF,70
Dwyane Wade,SF,72
Earl Boykins,SF,70
Eddie Gill,SF,66
Eddie House,SF,68
Eddie Jones,SF,70
Eduardo Najera,SF,67
Elton Brand,SF,71
Eric Piatkowski,SF,70
Eric Snow,SF,69
Erick Dampier,SF,69
Ervin Johnson,SF,69
Etan Thomas,SF,69
Fabricio Oberto,SF,68
Flip Murray,SF,68
Francisco Elson,SF,68
Francisco Garcia,SF,68
Fred Jones,SF,70
Gary Payton,SF,69
Gilbert Arenas,SF,71
Greg Buckner,SF,69
Hakim Warrick,SF,69
Ira Newble,SF,72
Jacque Vaughn,SF,68
Jake Tsakalidis,SF,69
Jamaal Magloire,SF,69
Jamaal Tinsley,SF,71
James Jones,SF,68
James Posey,SF,69
James Singleton,SF,70
Jannero Pargo,SF,75
Jared Jeffries,SF,69
Jason Collins,SF,68
Jason Hart,SF,68
Jason Kapono,SF,64
Jason Kidd,SF,71
Jason Terry,SF,70
Jason Williams,SF,70
Jeff Foster,SF,68
Jermaine Jackson,SF,69
Jermaine O'Neal,SF,71
Jerry Stackhouse,SF,69
Jim Jackson,SF,69
Jiri Welsch,SF,70
Joe Smith,SF,69
John Thomas,SF,68
Josh Howard,SF,70
Josh Powell,SF,65
Keith Van Horn,SF,68
Kelvin Cato,SF,69
Kenny Thomas,SF,69
Kenyon Martin,SF,68
Kevin Martin,SF,69
Kirk Hinrich,SF,72
Kobe Bryant,SF,71
Kurt Thomas,SF,68
Kwame Brown,SF,69
Lamar Odom,SF,71
Lamond Murray,SF,69
Larry Hughes,SF,69
LeBron James,SF,72
Leandro Barbosa,SF,70
Linas Kleiza,SF,70
Lindsey Hunter,SF,70
Lorenzen Wright,SF,70
Luke Schenscher,SF,71
Luke Walton,SF,69
Luol Deng,SF,68
Malik Allen,SF,69
Manu Ginobili,SF,71
Marcus Camby,SF,69
Marquis Daniels,SF,70
Maurice Evans,SF,70
Metta World Peace,SF,70
Michael Doleac,SF,69
Michael Finley,SF,69
Michael Redd,SF,70
Michael Ruffin,SF,67
Michael Sweetney,SF,70
Mike Bibby,SF,70
Mike Miller,SF,70
Mo Williams,SF,70
Nazr Mohammed,SF,70
Nenad Krstic,SF,69
Nick Van Exel,SF,69
Nikoloz Tskitishvili,SF,69
Othella Harrington,SF,65
Pat Burke,SF,70
Pau Gasol,SF,71
Peja Stojakovic,SF,70
Quinton Ross,SF,69
Raja Bell,SF,69
Rasheed Wallace,SF,70
Rasho Nesterovic,SF,69
Reggie Evans,SF,69
Richard Hamilton,SF,70
Richard Jefferson,SF,71
Robert Horry,SF,69
Ronnie Price,SF,66
Ronny Turiaf,SF,70
Ruben Patterson,SF,69
Sam Cassell,SF,71
Sarunas Jasikevicius,SF,69
Sasha Pavlovic,SF,66
Sasha Vujacic,SF,69
Scot Pollard,SF,66
Scott Padgett,SF,69
Shandon Anderson,SF,68
Shane Battier,SF,68
Shaquille O'Neal,SF,71
Shareef Abdur-Rahim,SF,70
Shaun Livingston,SF,70
Shawn Marion,SF,70
Smush Parker,SF,68
Stephen Jackson,SF,70
Steve Nash,SF,72
T.J. Ford,SF,71
Tayshaun Prince,SF,70
Tim Duncan,SF,72
Tim Thomas,SF,70
Toni Kukoc,SF,71
Tony Delk,SF,69
Tony Parker,SF,71
Tyson Chandler,SF,68
Udonis Haslem,SF,69
Vince Carter,SF,72
Vitaly Potapenko,SF,68
Vladimir Radmanovic,SF,70
Walter McCarty,SF,67
Wayne Simien,SF,66
Zeljko Rebraca,SF,67
Zoran Planinic,SF,70
Zydrunas Ilgauskas,SF,69
Adonal Foyle,SF,71
Adrian Griffin,SF,66
Al Harrington,SF,69
Allen Iverson,SF,70
Alonzo Mourning,SF,70
Amar'e Stoudemire,SF,70
Anderson Varejao,SF,69
Andray Blatche,SF,69
Andrea Bargnani,SF,69
Andrei Kirilenko,SF,70
Andres Nocioni,SF,69
Andrew Bynum,SF,69
Andris Biedrins,SF,69
Antawn Jamison,SF,70
Anthony Carter,SF,73
Anthony Parker,SF,69
Antoine Walker,SF,70
Antoine Wright,SF,69
Antonio Daniels,SF,72
Antonio McDyess,SF,69
Austin Croshere,SF,69
Baron Davis,SF,72
Ben Gordon,SF,70
Ben Wallace,SF,69
Beno Udrih,SF,67
Bernard Robinson,SF,73
Boris Diaw,SF,70
Bostjan Nachbar,SF,70
Brendan Haywood,SF,70
Brent Barry,SF,69
Brian Cook,SF,68
Bruce Bowen,SF,68
CJ Miles,SF,68
Calvin Booth,SF,70
Carlos Arroyo,SF,70
Carlos Boozer,SF,71
Carlos Delfino,SF,69
Carmelo Anthony,SF,70
Chauncey Billups,SF,71
Chris Bosh,SF,70
Chris Duhon,SF,69
Chris Webber,SF,70
Chuck Hayes,SF,69
Clifford Robinson,SF,66
Dale Davis,SF,68
Damon Jones,SF,68
Daniel Gibson,SF,69
Darius Songaila,SF,69
Darko Milicic,SF,69
Darrick Martin,SF,71
DeSagana Diop,SF,69
DeShawn Stevenson,SF,68
Dee Brown,SF,69
Derek Fisher,SF,69
Deron Williams,SF,72
Devean George,SF,68
Devin Harris,SF,71
Dikembe Mutombo,SF,71
Dirk Nowitzki,SF,70
Donell Taylor,SF,70
Donyell Marshall,SF,69
Dorell Wright,SF,64
Drew Gooden,SF,69
Dwight Howard,SF,70
Dwyane Wade,SF,72
Eddie House,SF,69
Eddie Jones,SF,68
Eduardo Najera,SF,67
Eric Piatkowski,SF,71
Eric Snow,SF,69
Erick Dampier,SF,69
Etan Thomas,SF,69
Fabricio Oberto,SF,69
Flip Murray,SF,69
Francisco Elson,SF,69
Gary Payton,SF,66
Gordan Giricek,SF,69
Grant Hill,SF,70
Greg Buckner,SF,66
Hassan Adams,SF,68
Hedo Turkoglu,SF,70
Ira Newble,SF,66
J.J. Barea,SF,65
JJ Redick,SF,71
JR Smith,SF,69
Jacque Vaughn,SF,69
Jake Tsakalidis,SF,75
Jalen Rose,SF,70
Jameer Nelson,SF,70
James Jones,SF,69
James Posey,SF,69
Jarron Collins,SF,68
Jarvis Hayes,SF,68
Jason Collins,SF,68
Jason Kapono,SF,68
Jason Kidd,SF,73
Jason Maxiell,SF,70
Jason Richardson,SF,70
Jason Terry,SF,70
Jason Williams,SF,69
Jerry Stackhouse,SF,70
Joey Graham,SF,68
John Lucas III,SF,65
Jordan Farmar,SF,69
Jose Calderon,SF,73
Josh Boone,SF,69
Josh Howard,SF,70
Josh Powell,SF,68
Juan Dixon,SF,69
Juwan Howard,SF,69
Kelenna Azubuike,SF,68
Keyon Dooling,SF,70
Kirk Hinrich,SF,71
Kirk Snyder,SF,67
Kobe Bryant,SF,71
Kris Humphries,SF,68
Kurt Thomas,SF,70
Kwame Brown,SF,69
Lamar Odom,SF,70
Larry Hughes,SF,69
LeBron James,SF,72
Leandro Barbosa,SF,70
Linas Kleiza,SF,67
Lindsey Hunter,SF,69
Luke Jackson,SF,74
Luke Walton,SF,69
Luol Deng,SF,70
Luther Head,SF,69
Malik Allen,SF,67
Manu Ginobili,SF,71
Marcus Banks,SF,69
Marcus Camby,SF,69
Marcus Williams,SF,71
Matt Barnes,SF,70
Matt Bonner,SF,68
Matt Harpring,SF,69
Maurice Ager,SF,69
Maurice Evans,SF,68
Mehmet Okur,SF,69
Michael Doleac,SF,64
Michael Finley,SF,69
Michael Ruffin,SF,67
Michael Sweetney,SF,68
Mickael Pietrus,SF,69
Mikki Moore,SF,69
Monta Ellis,SF,69
Morris Peterson,SF,69
Nazr Mohammed,SF,75
Nene,SF,70
P.J. Brown,SF,69
Pat Burke,SF,68
Paul Millsap,SF,69
Rafael Araujo,SF,69
Rafer Alston,SF,70
Raja Bell,SF,69
Rasheed Wallace,SF,70
Rasho Nesterovic,SF,69
Richard Hamilton,SF,70
Richard Jefferson,SF,70
Robert Horry,SF,69
Roger Mason Jr.,SF,69
Ronnie Brewer,SF,70
Ronny Turiaf,SF,69
Sarunas Jasikevicius,SF,72
Sasha Pavlovic,SF,69
Sasha Vujacic,SF,69
Scot Pollard,SF,64
Shammond Williams,SF,68
Shane Battier,SF,69
Shannon Brown,SF,64
Shaquille O'Neal,SF,71
Shawn Marion,SF,69
Smush Parker,SF,67
Stephen Jackson,SF,70
Steve Blake,SF,70
Steve Nash,SF,73
T.J. Ford,SF,73
Tayshaun Prince,SF,70
Thabo Sefolosha,SF,69
Tim Duncan,SF,71
Tony Battie,SF,68
Tony Parker,SF,71
Tracy McGrady,SF,73
Trevor Ariza,SF,69
Tyrus Thomas,SF,70
Udonis Haslem,SF,69
Vassilis Spanoulis,SF,74
Vince Carter,SF,71
Yakhouba Diawara,SF,64
Yao Ming,SF,71
Zydrunas Ilgauskas,SF,70
Aaron Brooks,SF,69
Acie Law,SF,72
Adonal Foyle,SF,68
Al Horford,SF,70
Allen Iverson,SF,70
Amar'e Stoudemire,SF,70
Amir Johnson,SF,70
Anderson Varejao,SF,69
Andray Blatche,SF,68
Andre Iguodala,SF,70
Andre Miller,SF,70
Andrea Bargnani,SF,68
Andrei Kirilenko,SF,69
Antawn Jamison,SF,69
Anthony Carter,SF,70
Anthony Parker,SF,69
Antoine Wright,SF,65
Antonio Daniels,SF,70
Antonio McDyess,SF,70
Arron Afflalo,SF,68
Ben Wallace,SF,69
Billy Thomas,SF,71
Bobby Jackson,SF,69
Bonzi Wells,SF,68
Boris Diaw,SF,71
Brandon Bass,SF,70
Brendan Haywood,SF,70
Brent Barry,SF,70
Brian Skinner,SF,68
Bruce Bowen,SF,68
CJ Miles,SF,68
Carl Landry,SF,69
Carlos Arroyo,SF,70
Carlos Boozer,SF,70
Carlos Delfino,SF,70
Carmelo Anthony,SF,70
Caron Butler,SF,70
Chauncey Billups,SF,71
Chris Bosh,SF,71
Chris Mihm,SF,65
Chris Paul,SF,73
Chuck Hayes,SF,69
Chucky Atkins,SF,66
Coby Karl,SF,72
DJ Mbenga,SF,69
DJ Strawberry,SF,66
Damon Jones,SF,67
Damon Stoudamire,SF,70
Daniel Gibson,SF,70
Darius Songaila,SF,70
David West,SF,70
DeShawn Stevenson,SF,70
Delonte West,SF,70
Derek Fisher,SF,69
Deron Williams,SF,72
Devean George,SF,69
Devin Brown,SF,70
Dikembe Mutombo,SF,69
Dirk Nowitzki,SF,71
Dominic McGuire,SF,69
Dwayne Jones,SF,68
Dwight Howard,SF,70
Eddie House,SF,69
Eddie Jones,SF,69
Eduardo Najera,SF,69
Eric Piatkowski,SF,65
Erick Dampier,SF,68
Fabricio Oberto,SF,69
Gilbert Arenas,SF,70
Glen Davis,SF,69
Gordan Giricek,SF,68
Grant Hill,SF,69
Hedo Turkoglu,SF,71
Hilton Armstrong,SF,69
Ime Udoka,SF,70
Ira Newble,SF,64
J.J. Barea,SF,79
JJ Redick,SF,65
JR Smith,SF,70
Jacque Vaughn,SF,68
Jamario Moon,SF,69
Jameer Nelson,SF,71
James Augustine,SF,72
James Posey,SF,70
Jannero Pargo,SF,70
Jarron Collins,SF,66
Jarvis Hayes,SF,69
Jason Hart,SF,68
Jason Kapono,SF,70
Jason Kidd,SF,71
Jason Maxiell,SF,69
Jason Smith,SF,69
Jason Terry,SF,71
Jeremy Richardson,SF,67
Jerry Stackhouse,SF,69
Joe Johnson,SF,71
Joe Smith,SF,69
Joey Graham,SF,65
Jordan Farmar,SF,69
Jose Calderon,SF,73
Josh Childress,SF,69
Josh Howard,SF,69
Josh Smith,SF,71
Juan Dixon,SF,64
Julian Wright,SF,69
Juwan Howard,SF,67
Keith Bogans,SF,69
Kendrick Perkins,SF,69
Kenyon Martin,SF,69
Kevin Garnett,SF,71
Kevin Ollie,SF,70
Keyon Dooling,SF,69
Kobe Bryant,SF,72
Kris Humphries,SF,64
Kurt Thomas,SF,69
Kyle Korver,SF,69
Lamar Odom,SF,70
LeBron James,SF,73
Leandro Barbosa,SF,69
Leon Powe,SF,69
Linas Kleiza,SF,69
Lindsey Hunter,SF,69
Loren Woods,SF,75
Lou Amundson,SF,70
Lou Williams,SF,70
Luis Scola,SF,69
Luke Walton,SF,70
Luther Head,SF,67
Maceo Baston,SF,67
Malik Allen,SF,64
Manu Ginobili,SF,71
Marcin Gortat,SF,70
Marcus Camby,SF,69
Mario West,SF,67
Marvin Williams,SF,69
Matt Bonner,SF,74
Matt Harpring,SF,69
Maurice Evans,SF,69
Mehmet Okur,SF,70
Melvin Ely,SF,68
Michael Finley,SF,68
Mike Bibby,SF,69
Mike Harris,SF,68
Mike James,SF,69
Morris Peterson,SF,69
Nene,SF,70
Nick Young,SF,68
Oleksiy Pecherov,SF,68
P.J. Brown,SF,69
Pat Garrity,SF,67
Pau Gasol,SF,70
Paul Millsap,SF,69
Paul Pierce,SF,71
Peja Stojakovic,SF,69
Rafer Alston,SF,71
Raja Bell,SF,70
Rajon Rondo,SF,71
Rashard Lewis,SF,70
Rasheed Wallace,SF,69
Rasho Nesterovic,SF,69
Ray Allen,SF,70
Reggie Evans,SF,69
Richard Hamilton,SF,71
Robert Horry,SF,68
Rodney Carney,SF,69
Rodney Stuckey,SF,70
Roger Mason Jr.,SF,69
Ronnie Brewer,SF,69
Ronnie Price,SF,71
Ronny Turiaf,SF,68
Ryan Bowen,SF,68
Salim Stoudamire,SF,69
Sam Cassell,SF,69
Samuel Dalembert,SF,69
Sasha Pavlovic,SF,68
Sasha Vujacic,SF,69
Sean Marks,SF,64
Shane Battier,SF,68
Shaquille O'Neal,SF,70
Shavlik Randolph,SF,69
Solomon Jones,SF,67
Steve Nash,SF,71
Steve Novak,SF,70
Steven Hunter,SF,66
T.J. Ford,SF,72
Tayshaun Prince,SF,70
Thaddeus Young,SF,69
Theo Ratliff,SF,68
Tim Duncan,SF,71
Tony Allen,SF,69
Tony Parker,SF,72
Tracy McGrady,SF,72
Trevor Ariza,SF,69
Tyronn Lue,SF,70
Tyson Chandler,SF,69
Vladimir Radmanovic,SF,69
Wally Szczerbiak,SF,69
Walter Herrmann,SF,67
Willie Green,SF,69
Yakhouba Diawara,SF,68
Zaza Pachulia,SF,68
Zydrunas Ilgauskas,SF,70
Aaron Brooks,SF,70
Aaron Gray,SF,65
Acie Law,SF,71
Adonal Foyle,SF,66
Al Horford,SF,69
Amir Johnson,SF,70
Anderson Varejao,SF,69
Andre Iguodala,SF,71
Andre Miller,SF,71
Andrei Kirilenko,SF,69
Andrew Bynum,SF,69
Anthony Carter,SF,69
Anthony Johnson,SF,70
Anthony Roberson,SF,73
Antoine Wright,SF,69
Antonio Daniels,SF,69
Antonio McDyess,SF,69
Arron Afflalo,SF,68
Ben Gordon,SF,70
Ben Wallace,SF,68
Brad Miller,SF,70
Brandon Bass,SF,70
Brandon Roy,SF,71
Brent Barry,SF,70
Brevin Knight,SF,68
Brian Cook,SF,70
Brian Scalabrine,SF,69
Bruce Bowen,SF,69
CJ Miles,SF,68
Carl Landry,SF,69
Carlos Boozer,SF,71
Carmelo Anthony,SF,71
Channing Frye,SF,68
Chauncey Billups,SF,72
Chris Andersen,SF,70
Chris Paul,SF,73
Chris Quinn,SF,72
Chuck Hayes,SF,68
Courtney Lee,SF,69
DJ Mbenga,SF,67
Daequan Cook,SF,68
Dahntay Jones,SF,69
Daniel Gibson,SF,68
Darnell Jackson,SF,67
David West,SF,70
Delonte West,SF,70
Derek Fisher,SF,69
Deron Williams,SF,72
Derrick Rose,SF,71
Devin Brown,SF,68
Dikembe Mutombo,SF,66
Dirk Nowitzki,SF,71
Donyell Marshall,SF,68
Dorell Wright,SF,64
Drew Gooden,SF,69
Dwight Howard,SF,71
Dwyane Wade,SF,72
Eddie House,SF,70
Erick Dampier,SF,69
Fabricio Oberto,SF,71
Flip Murray,SF,70
Gabe Pruitt,SF,68
George Hill,SF,68
Gerald Green,SF,68
Glen Davis,SF,69
Greg Oden,SF,69
Hedo Turkoglu,SF,70
Henry Walker,SF,67
Hilton Armstrong,SF,68
Ime Udoka,SF,68
J.J. Barea,SF,70
JJ Redick,SF,69
JR Smith,SF,70
Jacque Vaughn,SF,71
Jamaal Magloire,SF,67
Jamario Moon,SF,71
Jameer Nelson,SF,69
James Jones,SF,69
James Posey,SF,70
James Singleton,SF,68
James White,SF,68
Jarron Collins,SF,69
Jason Hart,SF,72
Jason Kidd,SF,71
Jason Maxiell,SF,69
Jason Terry,SF,69
Jeremy Richardson,SF,66
Jermaine O'Neal,SF,70
Jerryd Bayless,SF,69
Joakim Noah,SF,70
Joe Johnson,SF,70
Joe Smith,SF,69
Joel Anthony,SF,70
Joel Przybilla,SF,69
Johan Petro,SF,69
John Salmons,SF,69
Jordan Farmar,SF,70
Josh Howard,SF,70
Josh Powell,SF,70
Josh Smith,SF,70
Julian Wright,SF,69
Kendrick Perkins,SF,70
Kenyon Martin,SF,69
Kirk Hinrich,SF,70
Kobe Bryant,SF,72
Kurt Thomas,SF,69
Kwame Brown,SF,68
Kyle Korver,SF,69
Kyle Lowry,SF,70
LaMarcus Aldridge,SF,70
Lamar Odom,SF,70
LeBron James,SF,74
Leon Powe,SF,69
Linas Kleiza,SF,70
Lindsey Hunter,SF,71
Linton Johnson,SF,71
Lou Williams,SF,70
Luis Scola,SF,70
Luke Walton,SF,70
Marcin Gortat,SF,69
Mario Chalmers,SF,70
Mario West,SF,67
Marreese Speights,SF,68
Marvin Williams,SF,69
Matt Bonner,SF,67
Matt Carroll,SF,68
Matt Harpring,SF,70
Maurice Evans,SF,68
Mehmet Okur,SF,68
Metta World Peace,SF,70
Michael Beasley,SF,70
Michael Finley,SF,69
Michael Ruffin,SF,69
Mickael Pietrus,SF,69
Mike Bibby,SF,71
Mikki Moore,SF,69
Mo Williams,SF,70
Morris Peterson,SF,69
Nene,SF,70
Nicolas Batum,SF,69
Othello Hunter,SF,70
Pau Gasol,SF,70
Paul Millsap,SF,69
Paul Pierce,SF,70
Peja Stojakovic,SF,68
Rafer Alston,SF,70
Rajon Rondo,SF,72
Randolph Morris,SF,65
Rashard Lewis,SF,70
Rasheed Wallace,SF,68
Rasual Butler,SF,69
Ray Allen,SF,69
Reggie Evans,SF,68
Renaldo Balkman,SF,68
Richard Hamilton,SF,70
Rodney Stuckey,SF,71
Roger Mason Jr.,SF,69
Ronnie Brewer,SF,69
Ronnie Price,SF,72
Royal Ivey,SF,67
Rudy Fernandez,SF,69
Ryan Bowen,SF,65
Ryan Hollins,SF,69
Samuel Dalembert,SF,70
Sasha Pavlovic,SF,69
Sasha Vujacic,SF,68
Sean Marks,SF,68
Sergio Rodriguez,SF,70
Shane Battier,SF,69
Shannon Brown,SF,69
Solomon Jones,SF,69
Speedy Claxton,SF,64
Stephon Marbury,SF,70
Steve Blake,SF,71
Tarence Kinsey,SF,68
Tayshaun Prince,SF,67
Thaddeus Young,SF,69
Theo Ratliff,SF,70
Thomas Gardner,SF,71
Tim Duncan,SF,71
Tim Thomas,SF,69
Tony Allen,SF,69
Tony Battie,SF,68
Tony Parker,SF,73
Travis Outlaw,SF,68
Trevor Ariza,SF,70
Tyronn Lue,SF,72
Tyrus Thomas,SF,69
Tyson Chandler,SF,69
Udonis Haslem,SF,69
Von Wafer,SF,70
Wally Szczerbiak,SF,69
Walter Herrmann,SF,69
Will Bynum,SF,71
Willie Green,SF,68
Yakhouba Diawara,SF,67
Yao Ming,SF,70
Zaza Pachulia,SF,69
Zydrunas Ilgauskas,SF,69
Adam Morrison,SF,71
Al Horford,SF,70
Amar'e Stoudemire,SF,70
Anderson Varejao,SF,69
Andre Miller,SF,71
Andrei Kirilenko,SF,68
Andrew Bynum,SF,69
Antawn Jamison,SF,70
Anthony Carter,SF,69
Anthony Johnson,SF,71
Anthony Parker,SF,69
Antonio McDyess,SF,69
Arron Afflalo,SF,70
Boris Diaw,SF,70
Brad Miller,SF,69
Brandon Bass,SF,70
Brandon Jennings,SF,70
Brandon Roy,SF,69
Brendan Haywood,SF,69
Brian Scalabrine,SF,64
Byron Mullens,SF,67
CJ Miles,SF,70
Carlos Arroyo,SF,69
Carlos Boozer,SF,71
Carlos Delfino,SF,69
Carmelo Anthony,SF,71
Caron Butler,SF,70
Channing Frye,SF,69
Charlie Bell,SF,65
Chauncey Billups,SF,71
Chris Andersen,SF,69
Chris Richard,SF,66
D.J. Augustin,SF,69
DJ Mbenga,SF,70
Dan Gadzuric,SF,69
Daniel Gibson,SF,69
Dante Cunningham,SF,70
DeJuan Blair,SF,70
DeShawn Stevenson,SF,61
Delonte West,SF,69
Derek Fisher,SF,69
Deron Williams,SF,72
Derrick Brown,SF,72
Derrick Rose,SF,71
Devin Brown,SF,70
Dirk Nowitzki,SF,71
Dorell Wright,SF,69
Dwayne Jones,SF,70
Dwight Howard,SF,71
Dwyane Wade,SF,73
Earl Clark,SF,70
Eduardo Najera,SF,67
Eric Maynor,SF,70
Erick Dampier,SF,67
Ersan Ilyasova,SF,70
Etan Thomas,SF,71
Flip Murray,SF,70
Garrett Temple,SF,71
George Hill,SF,69
Gerald Wallace,SF,70
Glen Davis,SF,69
Goran Dragic,SF,71
Grant Hill,SF,70
Hakim Warrick,SF,68
Ian Mahinmi,SF,69
J.J. Barea,SF,70
JJ Hickson,SF,70
JJ Redick,SF,70
JR Smith,SF,69
Jamaal Magloire,SF,67
Jamal Crawford,SF,70
Jamario Moon,SF,70
Jameer Nelson,SF,72
James Harden,SF,70
James Johnson,SF,65
James Jones,SF,68
Jannero Pargo,SF,70
Jared Dudley,SF,70
Jarron Collins,SF,67
Jason Collins,SF,70
Jason Kidd,SF,70
Jason Richardson,SF,70
Jason Terry,SF,69
Jason Williams,SF,69
Jawad Williams,SF,64
Jeff Ayres,SF,69
Jeff Green,SF,69
Jeff Teague,SF,68
Jermaine O'Neal,SF,68
Jerry Stackhouse,SF,69
Jerryd Bayless,SF,71
Joakim Noah,SF,70
Joe Johnson,SF,70
Joe Smith,SF,65
Joel Anthony,SF,69
Joey Graham,SF,70
Johan Petro,SF,69
John Salmons,SF,70
Jordan Farmar,SF,70
Josh Powell,SF,68
Josh Smith,SF,70
Juwan Howard,SF,69
Keith Bogans,SF,67
Kendrick Perkins,SF,69
Kenyon Martin,SF,69
Kevin Durant,SF,70
Kevin Garnett,SF,70
Kevin Ollie,SF,65
Kirk Hinrich,SF,69
Kobe Bryant,SF,72
Kosta Koufos,SF,68
Kurt Thomas,SF,69
Kyle Korver,SF,69
Kyle Weaver,SF,68
Kyrylo Fesenko,SF,69
LaMarcus Aldridge,SF,70
Lamar Odom,SF,70
Larry Hughes,SF,71
LeBron James,SF,73
Leandro Barbosa,SF,70
Leon Powe,SF,69
Lou Amundson,SF,69
Luc Mbah a Moute,SF,69
Luke Ridnour,SF,71
Luke Walton,SF,69
Luol Deng,SF,69
Malik Allen,SF,65
Manu Ginobili,SF,71
Marcin Gortat,SF,70
Marcus Camby,SF,69
Mario Chalmers,SF,70
Mario West,SF,70
Marquis Daniels,SF,70
Martell Webster,SF,69
Marvin Williams,SF,69
Matt Barnes,SF,69
Matt Bonner,SF,69
Matt Carroll,SF,78
Maurice Evans,SF,67
Mehmet Okur,SF,72
Metta World Peace,SF,69
Michael Beasley,SF,69
Michael Finley,SF,67
Mickael Pietrus,SF,69
Mike Bibby,SF,70
Mo Williams,SF,70
Nate Robinson,SF,71
Nazr Mohammed,SF,70
Nenad Krstic,SF,69
Nene,SF,70
Nick Collison,SF,68
Nicolas Batum,SF,69
Othyus Jeffers,SF,66
Patty Mills,SF,72
Pau Gasol,SF,71
Paul Millsap,SF,71
Paul Pierce,SF,70
Primoz Brezec,SF,68
Quentin Richardson,SF,69
Rajon Rondo,SF,72
Randolph Morris,SF,68
Rashard Lewis,SF,70
Rasheed Wallace,SF,69
Ray Allen,SF,70
Raymond Felton,SF,70
Richard Jefferson,SF,69
Robin Lopez,SF,69
Rodrigue Beaubois,SF,71
Roger Mason Jr.,SF,66
Ronnie Price,SF,69
Royal Ivey,SF,70
Rudy Fernandez,SF,70
Russell Westbrook,SF,72
Ryan Anderson,SF,69
Sasha Vujacic,SF,70
Serge Ibaka,SF,69
Shannon Brown,SF,69
Shaquille O'Neal,SF,70
Shawn Marion,SF,69
Shelden Williams,SF,69
Stephen Graham,SF,69
Stephen Jackson,SF,70
Steve Nash,SF,73
Sundiata Gaines,SF,72
Taj Gibson,SF,68
Thabo Sefolosha,SF,68
Theo Ratliff,SF,67
Tim Duncan,SF,70
Tony Allen,SF,69
Tony Parker,SF,71
Travis Diener,SF,68
Ty Lawson,SF,70
Tyrus Thomas,SF,71
Tyson Chandler,SF,69
Udonis Haslem,SF,68
Vince Carter,SF,70
Wesley Matthews,SF,69
Zaza Pachulia,SF,69
Zydrunas Ilgauskas,SF,68
AJ Price,SF,70
Aaron Gray,SF,69
Al Harrington,SF,70
Al Horford,SF,70
Amar'e Stoudemire,SF,70
Andre Iguodala,SF,71
Andre Miller,SF,72
Andres Nocioni,SF,65
Andrew Bynum,SF,70
Anthony Carter,SF,71
Antonio McDyess,SF,69
Armon Johnson,SF,71
Arron Afflalo,SF,69
Brandon Bass,SF,69
Brandon Roy,SF,70
Brandon Rush,SF,69
Brendan Haywood,SF,69
Brian Cardinal,SF,71
C.J. Watson,SF,72
Carl Landry,SF,69
Carlos Boozer,SF,70
Carmelo Anthony,SF,72
Chauncey Billups,SF,69
Chris Andersen,SF,70
Chris Bosh,SF,70
Chris Duhon,SF,71
Chris Johnson,SF,71
Chris Paul,SF,74
Corey Brewer,SF,69
DJ Mbenga,SF,70
Daequan Cook,SF,69
Dahntay Jones,SF,69
Damien Wilkins,SF,69
Danilo Gallinari,SF,70
Danny Granger,SF,71
Danny Green,SF,73
Darrell Arthur,SF,69
Darren Collison,SF,70
DeJuan Blair,SF,69
DeShawn Stevenson,SF,69
Delonte West,SF,70
Derek Fisher,SF,69
Derrick Rose,SF,72
Dirk Nowitzki,SF,71
Dwight Howard,SF,71
Dwyane Wade,SF,72
Earl Barron,SF,64
Earl Clark,SF,73
Eddie House,SF,68
Elton Brand,SF,69
Emeka Okafor,SF,69
Eric Maynor,SF,70
Etan Thomas,SF,65
Evan Turner,SF,69
Gary Forbes,SF,68
Gary Neal,SF,69
George Hill,SF,70
Gerald Wallace,SF,70
Gilbert Arenas,SF,71
Glen Davis,SF,68
Greivis Vasquez,SF,71
Hamed Haddadi,SF,68
Hedo Turkoglu,SF,69
Henry Walker,SF,68
Hilton Armstrong,SF,68
Ian Mahinmi,SF,69
Ish Smith,SF,72
J.J. Barea,SF,71
JJ Redick,SF,69
JR Smith,SF,70
Jamaal Magloire,SF,70
Jamal Crawford,SF,70
Jameer Nelson,SF,70
James Harden,SF,71
James Jones,SF,69
Jared Jeffries,SF,69
Jarrett Jack,SF,70
Jason Collins,SF,68
Jason Kidd,SF,71
Jason Richardson,SF,69
Jason Smith,SF,68
Jason Terry,SF,70
Jeff Foster,SF,69
Jeff Green,SF,69
Jeff Teague,SF,70
Jermaine O'Neal,SF,69
Joakim Noah,SF,69
Jodie Meeks,SF,69
Joe Johnson,SF,70
Joe Smith,SF,65
Joel Anthony,SF,68
Josh McRoberts,SF,69
Josh Powell,SF,68
Josh Smith,SF,70
Jrue Holiday,SF,71
Juwan Howard,SF,69
Keith Bogans,SF,69
Kendrick Perkins,SF,68
Kenyon Martin,SF,70
Kevin Durant,SF,71
Kevin Garnett,SF,70
Kirk Hinrich,SF,70
Kobe Bryant,SF,71
Kosta Koufos,SF,71
Kurt Thomas,SF,69
Kyle Korver,SF,69
LaMarcus Aldridge,SF,70
Lamar Odom,SF,70
Landry Fields,SF,67
LeBron James,SF,72
Leon Powe,SF,69
Lou Williams,SF,70
Luke Walton,SF,66
Luol Deng,SF,69
Malik Allen,SF,66
Manu Ginobili,SF,71
Marc Gasol,SF,70
Marco Belinelli,SF,68
Marcus Camby,SF,69
Mario Chalmers,SF,70
Marreese Speights,SF,68
Marvin Williams,SF,68
Matt Barnes,SF,69
Matt Bonner,SF,69
Metta World Peace,SF,69
Mike Bibby,SF,68
Mike Conley,SF,71
Mike Dunleavy,SF,69
Mike Miller,SF,69
Nate Robinson,SF,70
Nazr Mohammed,SF,68
Nenad Krstic,SF,69
Nene,SF,70
Nick Collison,SF,70
Nicolas Batum,SF,69
O.J. Mayo,SF,69
Omer Asik,SF,68
Pape Sy,SF,73
Patrick Ewing,SF,73
Patty Mills,SF,65
Pau Gasol,SF,70
Paul George,SF,68
Paul Pierce,SF,70
Peja Stojakovic,SF,69
Quentin Richardson,SF,69
Quincy Pondexter,SF,68
Rajon Rondo,SF,72
Rasual Butler,SF,73
Ray Allen,SF,70
Raymond Felton,SF,70
Richard Jefferson,SF,69
Roger Mason Jr.,SF,69
Ronnie Brewer,SF,69
Ronny Turiaf,SF,70
Roy Hibbert,SF,69
Royal Ivey,SF,76
Rudy Fernandez,SF,68
Russell Westbrook,SF,72
Ryan Anderson,SF,68
Sam Young,SF,68
Serge Ibaka,SF,69
Shane Battier,SF,68
Shannon Brown,SF,69
Shaquille O'Neal,SF,68
Shawn Marion,SF,70
Shawne Williams,SF,69
Spencer Hawes,SF,69
Steve Blake,SF,69
Steve Novak,SF,65
T.J. Ford,SF,73
Taj Gibson,SF,69
Thabo Sefolosha,SF,69
Thaddeus Young,SF,69
Theo Ratliff,SF,70
Tiago Splitter,SF,69
Tim Duncan,SF,70
Toney Douglas,SF,69
Tony Allen,SF,69
Tony Battie,SF,68
Tony Parker,SF,71
Trevor Ariza,SF,70
Trey Johnson,SF,69
Troy Murphy,SF,65
Ty Lawson,SF,71
Tyler Hansbrough,SF,68
Tyson Chandler,SF,69
Udonis Haslem,SF,68
Von Wafer,SF,66
Wesley Matthews,SF,69
Willie Green,SF,69
Wilson Chandler,SF,68
Zach Randolph,SF,70
Zaza Pachulia,SF,70
Zydrunas Ilgauskas,SF,69
AJ Price,SF,71
Al Harrington,SF,69
Al Horford,SF,71
Al Jefferson,SF,70
Alec Burks,SF,69
Amar'e Stoudemire,SF,70
Andre Iguodala,SF,70
Andre Miller,SF,71
Andrew Bynum,SF,70
Andrew Goudelock,SF,70
Arron Afflalo,SF,69
Avery Bradley,SF,68
Baron Davis,SF,71
Blake Ahearn,SF,72
Blake Griffin,SF,70
Bobby Simmons,SF,68
Boris Diaw,SF,70
Brandan Wright,SF,68
Brandon Bass,SF,69
Brendan Haywood,SF,68
Brian Cardinal,SF,70
C.J. Watson,SF,70
Carlos Boozer,SF,70
Carmelo Anthony,SF,71
Caron Butler,SF,69
Chris Bosh,SF,70
Chris Duhon,SF,68
Chris Paul,SF,72
Christian Eyenga,SF,70
Cole Aldrich,SF,69
Corey Brewer,SF,69
Daequan Cook,SF,68
Dahntay Jones,SF,68
Daniel Orton,SF,71
Danilo Gallinari,SF,69
Danny Granger,SF,70
Danny Green,SF,69
Dante Cunningham,SF,67
Darius Morris,SF,76
Darren Collison,SF,72
David West,SF,70
DeAndre Jordan,SF,68
DeJuan Blair,SF,70
DeMarre Carroll,SF,69
Delonte West,SF,70
Derek Fisher,SF,69
Derrick Favors,SF,69
Derrick Rose,SF,73
Devin Ebanks,SF,68
Devin Harris,SF,70
Dexter Pittman,SF,66
Dirk Nowitzki,SF,70
Dwyane Wade,SF,71
E'Twaun Moore,SF,70
Earl Clark,SF,69
Elton Brand,SF,69
Enes Freedom,SF,69
Eric Bledsoe,SF,71
Erick Dampier,SF,69
Evan Turner,SF,69
Gary Neal,SF,70
George Hill,SF,70
Gilbert Arenas,SF,67
Glen Davis,SF,69
Gordon Hayward,SF,69
Greg Stiemsma,SF,70
Hamed Haddadi,SF,71
Hedo Turkoglu,SF,69
Ian Mahinmi,SF,70
Iman Shumpert,SF,65
Ish Smith,SF,65
Ivan Johnson,SF,68
JJ Redick,SF,71
JR Smith,SF,69
JaVale McGee,SF,69
Jamaal Tinsley,SF,70
Jameer Nelson,SF,72
James Anderson,SF,69
James Harden,SF,71
James Jones,SF,68
Jannero Pargo,SF,72
Jared Jeffries,SF,66
Jason Collins,SF,68
Jason Kidd,SF,71
Jason Richardson,SF,69
Jason Terry,SF,70
Jeff Ayres,SF,67
Jeff Teague,SF,70
Jeremy Evans,SF,70
Jerome Jordan,SF,70
Jimmy Butler,SF,64
Joakim Noah,SF,71
Jodie Meeks,SF,69
Joe Johnson,SF,70
Joel Anthony,SF,69
John Lucas III,SF,70
Jordan Hamilton,SF,69
Jordan Hill,SF,69
Josh Harrellson,SF,69
Josh Howard,SF,69
Josh McRoberts,SF,68
Josh Selby,SF,64
Josh Smith,SF,71
Jrue Holiday,SF,71
Julyan Stone,SF,72
Justin Harper,SF,65
Juwan Howard,SF,67
Kawhi Leonard,SF,69
Kelenna Azubuike,SF,70
Kendrick Perkins,SF,68
Kenneth Faried,SF,69
Kenyon Martin,SF,69
Kevin Durant,SF,71
Kevin Garnett,SF,70
Keyon Dooling,SF,69
Kirk Hinrich,SF,69
Kobe Bryant,SF,71
Kosta Koufos,SF,68
Kyle Korver,SF,69
Lance Stephenson,SF,69
Landry Fields,SF,69
Lavoy Allen,SF,69
Lazar Hayward,SF,69
LeBron James,SF,72
Leandro Barbosa,SF,69
Lou Amundson,SF,69
Lou Williams,SF,70
Luol Deng,SF,69
Manu Ginobili,SF,71
Marc Gasol,SF,70
Mario Chalmers,SF,70
Marquis Daniels,SF,69
Marreese Speights,SF,70
Marvin Williams,SF,69
Matt Barnes,SF,68
Matt Bonner,SF,68
Metta World Peace,SF,69
Mickael Pietrus,SF,67
Mike Bibby,SF,70
Mike Conley,SF,71
Mike Miller,SF,69
Mo Williams,SF,69
Nazr Mohammed,SF,68
Nick Collison,SF,69
Nick Young,SF,69
Nikola Vucevic,SF,68
Norris Cole,SF,68
O.J. Mayo,SF,70
Omer Asik,SF,69
Patty Mills,SF,71
Pau Gasol,SF,70
Paul George,SF,69
Paul Millsap,SF,69
Paul Pierce,SF,70
Quentin Richardson,SF,68
Quincy Pondexter,SF,70
Rajon Rondo,SF,73
Ramon Sessions,SF,69
Randy Foye,SF,69
Ray Allen,SF,69
Reggie Evans,SF,69
Richard Hamilton,SF,70
Rodrigue Beaubois,SF,67
Ronnie Brewer,SF,68
Ronny Turiaf,SF,68
Roy Hibbert,SF,70
Royal Ivey,SF,70
Rudy Gay,SF,69
Russell Westbrook,SF,71
Ryan Anderson,SF,68
Ryan Hollins,SF,68
Sam Young,SF,65
Sasha Pavlovic,SF,68
Sean Williams,SF,65
Serge Ibaka,SF,69
Shane Battier,SF,68
Shawn Marion,SF,69
Spencer Hawes,SF,70
Stephen Jackson,SF,70
Steve Blake,SF,69
Steve Novak,SF,69
Taj Gibson,SF,69
Terrel Harris,SF,70
Thabo Sefolosha,SF,69
Thaddeus Young,SF,70
Tiago Splitter,SF,70
Tim Duncan,SF,71
Timofey Mozgov,SF,69
Toney Douglas,SF,72
Tony Allen,SF,68
Tony Parker,SF,72
Tracy McGrady,SF,69
Troy Murphy,SF,73
Ty Lawson,SF,71
Tyler Hansbrough,SF,69
Tyson Chandler,SF,69
Udonis Haslem,SF,69
Vince Carter,SF,68
Vladimir Radmanovic,SF,66
Von Wafer,SF,71
Willie Green,SF,69
Xavier Silas,SF,73
Yi Jianlian,SF,68
Zach Randolph,SF,69
Aaron Brooks,SF,71
Al Horford,SF,70
Amar'e Stoudemire,SF,69
Andray Blatche,SF,70
Andre Iguodala,SF,71
Andre Miller,SF,71
Andrew Bogut,SF,70
Andrew Goudelock,SF,69
Andris Biedrins,SF,66
Antawn Jamison,SF,69
Anthony Randolph,SF,71
Anthony Tolliver,SF,70
Aron Baynes,SF,69
Austin Daye,SF,68
Avery Bradley,SF,68
Ben Hansbrough,SF,67
Blake Griffin,SF,71
Boris Diaw,SF,69
Brandon Bass,SF,69
Brandon Jennings,SF,70
Brook Lopez,SF,70
C.J. Watson,SF,69
Carl Landry,SF,70
Carlos Boozer,SF,70
Carlos Delfino,SF,70
Carmelo Anthony,SF,70
Caron Butler,SF,69
Chandler Parsons,SF,70
Chauncey Billups,SF,69
Chris Andersen,SF,70
Chris Bosh,SF,69
Chris Copeland,SF,69
Chris Duhon,SF,69
Chris Paul,SF,72
Chris Wilcox,SF,65
Corey Brewer,SF,69
Cory Joseph,SF,70
Courtney Lee,SF,68
D.J. Augustin,SF,69
Daequan Cook,SF,68
Dahntay Jones,SF,67
Danny Green,SF,69
Darius Morris,SF,70
Darrell Arthur,SF,69
David Lee,SF,70
David West,SF,70
DeAndre Jordan,SF,68
DeAndre Liggins,SF,68
DeJuan Blair,SF,71
DeShawn Stevenson,SF,70
Derek Fisher,SF,69
Deron Williams,SF,72
Devin Harris,SF,69
Donatas Motiejunas,SF,71
Draymond Green,SF,70
Dwayne Jones,SF,64
Dwight Howard,SF,70
Dwyane Wade,SF,71
Earl Clark,SF,68
Ed Davis,SF,68
Ekpe Udoh,SF,68
Eric Bledsoe,SF,71
Ersan Ilyasova,SF,70
Evan Fournier,SF,69
Festus Ezeli,SF,68
Francisco Garcia,SF,69
Gary Neal,SF,69
George Hill,SF,70
Gerald Green,SF,69
Gerald Wallace,SF,69
Grant Hill,SF,69
Greg Smith,SF,69
Gustavo Ayon,SF,68
Harrison Barnes,SF,69
Hasheem Thabeet,SF,68
Ian Mahinmi,SF,68
Iman Shumpert,SF,69
Ish Smith,SF,68
Ivan Johnson,SF,69
JJ Redick,SF,70
JR Smith,SF,69
JaVale McGee,SF,69
Jamal Crawford,SF,69
James Anderson,SF,67
James Harden,SF,71
James Jones,SF,69
James White,SF,69
Jarrett Jack,SF,71
Jason Kidd,SF,68
Jason Terry,SF,70
Jeff Ayres,SF,68
Jeff Green,SF,70
Jeff Teague,SF,70
Jeremy Lin,SF,68
Jerry Stackhouse,SF,67
Jerryd Bayless,SF,70
Jimmy Butler,SF,69
Joakim Noah,SF,70
Jodie Meeks,SF,68
Joe Johnson,SF,69
Joel Anthony,SF,67
Johan Petro,SF,69
John Henson,SF,68
John Jenkins,SF,66
Jon Leuer,SF,68
Jordan Crawford,SF,68
Jordan Hamilton,SF,64
Jordan Hill,SF,69
Josh Smith,SF,71
Julyan Stone,SF,71
Kawhi Leonard,SF,70
Keith Bogans,SF,66
Kendrick Perkins,SF,68
Kenneth Faried,SF,69
Kent Bazemore,SF,70
Kenyon Martin,SF,69
Kevin Durant,SF,72
Kevin Garnett,SF,72
Kevin Martin,SF,69
Keyon Dooling,SF,68
Kirk Hinrich,SF,70
Klay Thompson,SF,69
Kosta Koufos,SF,68
Kris Humphries,SF,69
Kyle Korver,SF,69
Lamar Odom,SF,70
Lance Stephenson,SF,70
Larry Sanders,SF,70
LeBron James,SF,72
Luc Mbah a Moute,SF,69
Luol Deng,SF,69
Malcolm Thomas,SF,69
Manu Ginobili,SF,71
MarShon Brooks,SF,68
Marc Gasol,SF,70
Marco Belinelli,SF,70
Marcus Camby,SF,73
Mario Chalmers,SF,70
Marquis Daniels,SF,71
Marquis Teague,SF,69
Matt Barnes,SF,70
Matt Bonner,SF,69
Metta World Peace,SF,68
Mike Conley,SF,71
Mike Dunleavy,SF,71
Mike Miller,SF,69
Mike Scott,SF,71
Mirza Teletovic,SF,64
Monta Ellis,SF,70
Nando De Colo,SF,70
Nate Robinson,SF,71
Nazr Mohammed,SF,69
Nick Collison,SF,70
Norris Cole,SF,70
Omer Asik,SF,70
Orlando Johnson,SF,68
Pablo Prigioni,SF,70
Patrick Beverley,SF,70
Patty Mills,SF,69
Pau Gasol,SF,72
Paul George,SF,71
Paul Pierce,SF,71
Perry Jones III,SF,65
Quentin Richardson,SF,68
Quincy Pondexter,SF,69
Rashard Lewis,SF,70
Ray Allen,SF,69
Raymond Felton,SF,70
Reggie Evans,SF,69
Reggie Jackson,SF,70
Richard Hamilton,SF,69
Richard Jefferson,SF,69
Robert Sacre,SF,67
Ronnie Brewer,SF,65
Ronny Turiaf,SF,69
Roy Hibbert,SF,70
Russell Westbrook,SF,72
Ryan Hollins,SF,69
Sam Young,SF,68
Samuel Dalembert,SF,67
Scott Machado,SF,76
Serge Ibaka,SF,69
Shane Battier,SF,68
Shavlik Randolph,SF,67
Shelvin Mack,SF,73
Stephen Curry,SF,71
Steve Blake,SF,69
Steve Nash,SF,71
Steve Novak,SF,69
Taj Gibson,SF,69
Tayshaun Prince,SF,68
Terrence Jones,SF,68
Terrence Williams,SF,69
Thabo Sefolosha,SF,69
Tiago Splitter,SF,69
Tim Duncan,SF,70
Tony Allen,SF,70
Tony Parker,SF,72
Tony Wroten,SF,70
Tracy McGrady,SF,68
Ty Lawson,SF,72
Tyler Hansbrough,SF,69
Tyshawn Taylor,SF,65
Tyson Chandler,SF,69
Udonis Haslem,SF,69
Vladimir Radmanovic,SF,75
Willie Green,SF,70
Wilson Chandler,SF,69
Zach Randolph,SF,70
Al Harrington,SF,68
Al Jefferson,SF,70
Alan Anderson,SF,69
Amir Johnson,SF,70
Andray Blatche,SF,70
Andre Iguodala,SF,70
Andre Miller,SF,70
Andre Roberson,SF,66
Andrei Kirilenko,SF,69
Anthony Tolliver,SF,71
Aron Baynes,SF,69
Austin Daye,SF,66
Beno Udrih,SF,70
Bernard James,SF,65
Bismack Biyombo,SF,68
Blake Griffin,SF,71
Boris Diaw,SF,70
Bradley Beal,SF,70
Brandan Wright,SF,71
C.J. Watson,SF,69
CJ McCollum,SF,66
Carlos Boozer,SF,70
Caron Butler,SF,68
Cartier Martin,SF,69
Chandler Parsons,SF,69
Chris Andersen,SF,70
Chris Bosh,SF,70
Chris Copeland,SF,69
Chris Douglas-Roberts,SF,71
Chris Paul,SF,72
Chuck Hayes,SF,68
Cody Zeller,SF,68
Cory Joseph,SF,70
Courtney Lee,SF,69
D.J. Augustin,SF,71
DJ White,SF,68
Damian Lillard,SF,71
Danny Granger,SF,68
Danny Green,SF,69
Darren Collison,SF,70
David Lee,SF,70
David West,SF,70
DeAndre Jordan,SF,70
DeJuan Blair,SF,70
DeMar DeRozan,SF,70
DeMarre Carroll,SF,69
Dennis Schroder,SF,73
Derek Fisher,SF,68
Deron Williams,SF,71
Devin Harris,SF,71
Dirk Nowitzki,SF,70
Donald Sloan,SF,70
Dorell Wright,SF,69
Draymond Green,SF,70
Drew Gooden,SF,68
Dwight Howard,SF,71
Dwyane Wade,SF,71
Earl Watson,SF,66
Ed Davis,SF,68
Elton Brand,SF,68
Evan Turner,SF,70
Francisco Garcia,SF,67
Garrett Temple,SF,71
Gary Neal,SF,69
George Hill,SF,70
Gerald Henderson,SF,69
Glen Davis,SF,70
Greg Oden,SF,66
Greivis Vasquez,SF,71
Harrison Barnes,SF,69
Hasheem Thabeet,SF,64
Hedo Turkoglu,SF,69
Hilton Armstrong,SF,70
Ian Mahinmi,SF,68
JJ Redick,SF,69
Jae Crowder,SF,68
Jamaal Franklin,SF,67
Jamal Crawford,SF,70
James Harden,SF,71
James Johnson,SF,69
James Jones,SF,69
Jannero Pargo,SF,74
Jared Dudley,SF,68
Jeff Ayres,SF,70
Jeff Teague,SF,72
Jeremy Lamb,SF,69
Jeremy Lin,SF,70
Jermaine O'Neal,SF,70
Jimmy Butler,SF,69
Joakim Noah,SF,70
Joe Johnson,SF,70
Joel Freeland,SF,67
John Salmons,SF,68
John Wall,SF,71
Jon Leuer,SF,71
Jonas Valanciunas,SF,70
Jordan Crawford,SF,69
Jorge Gutierrez,SF,69
Jose Calderon,SF,70
Josh McRoberts,SF,70
Kawhi Leonard,SF,70
Kemba Walker,SF,72
Kendrick Perkins,SF,69
Kevin Durant,SF,71
Kevin Garnett,SF,70
Kevin Seraphin,SF,66
Kirk Hinrich,SF,70
Klay Thompson,SF,70
Kosta Koufos,SF,69
Kyle Korver,SF,69
Kyle Lowry,SF,71
LaMarcus Aldridge,SF,70
Lance Stephenson,SF,70
Landry Fields,SF,66
Lavoy Allen,SF,69
LeBron James,SF,72
Lou Williams,SF,70
Luis Scola,SF,69
Luke Ridnour,SF,72
Manu Ginobili,SF,71
Marc Gasol,SF,70
Marcin Gortat,SF,70
Marco Belinelli,SF,69
Marcus Thornton,SF,69
Mario Chalmers,SF,70
Marreese Speights,SF,70
Martell Webster,SF,68
Mason Plumlee,SF,68
Matt Barnes,SF,69
Matt Bonner,SF,69
Meyers Leonard,SF,65
Michael Beasley,SF,70
Michael Kidd-Gilchrist,SF,70
Mike Conley,SF,71
Mike Dunleavy,SF,70
Mike Miller,SF,69
Mike Muscala,SF,65
Mike Scott,SF,69
Mirza Teletovic,SF,69
Mo Williams,SF,69
Monta Ellis,SF,70
Nando De Colo,SF,65
Nazr Mohammed,SF,66
Nemanja Nedovic,SF,63
Nene,SF,70
Nick Collison,SF,69
Nicolas Batum,SF,70
Norris Cole,SF,69
Ognjen Kuzmic,SF,65
Omer Asik,SF,69
Otto Porter Jr.,SF,67
Patrick Beverley,SF,68
Patrick Patterson,SF,70
Patty Mills,SF,70
Paul George,SF,71
Paul Millsap,SF,71
Paul Pierce,SF,70
Pero Antic,SF,67
Perry Jones III,SF,68
Rashard Lewis,SF,69
Rasual Butler,SF,69
Ray Allen,SF,70
Reggie Bullock,SF,78
Reggie Jackson,SF,70
Robin Lopez,SF,69
Roy Hibbert,SF,69
Russell Westbrook,SF,73
Ryan Hollins,SF,68
Samuel Dalembert,SF,69
Serge Ibaka,SF,69
Shane Battier,SF,69
Shane Larkin,SF,68
Shaun Livingston,SF,70
Shawn Marion,SF,69
Shelvin Mack,SF,72
Solomon Hill,SF,64
Stephen Curry,SF,71
Steve Blake,SF,68
Steve Novak,SF,66
Steven Adams,SF,69
Taj Gibson,SF,70
Tayshaun Prince,SF,68
Terrence Jones,SF,69
Terrence Ross,SF,67
Thabo Sefolosha,SF,68
Thomas Robinson,SF,69
Tiago Splitter,SF,70
Tim Duncan,SF,70
Toney Douglas,SF,70
Tony Allen,SF,69
Tony Parker,SF,71
Tony Snell,SF,67
Trevor Ariza,SF,70
Trevor Booker,SF,69
Troy Daniels,SF,70
Tyler Hansbrough,SF,69
Udonis Haslem,SF,69
Victor Claver,SF,66
Vince Carter,SF,70
Wayne Ellington,SF,72
Wesley Matthews,SF,69
Will Barton,SF,70
Willie Green,SF,69
Zach Randolph,SF,70
Aaron Brooks,SF,70
Al Horford,SF,71
Al-Farouq Aminu,SF,70
Alan Anderson,SF,70
Alexis Ajinca,SF,72
Allen Crabbe,SF,70
Alonzo Gee,SF,69
Amar'e Stoudemire,SF,69
Amir Johnson,SF,70
Andre Iguodala,SF,70
Andrew Bogut,SF,70
Anthony Davis,SF,71
Aron Baynes,SF,68
Arron Afflalo,SF,67
Austin Rivers,SF,69
Avery Bradley,SF,68
Beno Udrih,SF,70
Bernard James,SF,64
Blake Griffin,SF,72
Bojan Bogdanovic,SF,69
Boris Diaw,SF,70
Bradley Beal,SF,70
Brandon Bass,SF,69
Brandon Rush,SF,68
Brendan Haywood,SF,65
Brook Lopez,SF,69
CJ McCollum,SF,69
Chandler Parsons,SF,68
Charlie Villanueva,SF,70
Chris Kaman,SF,70
Chris Paul,SF,72
Clint Capela,SF,70
Corey Brewer,SF,69
Cory Joseph,SF,70
Courtney Lee,SF,70
Dahntay Jones,SF,70
Damian Lillard,SF,70
Danny Green,SF,69
Dante Cunningham,SF,70
Darius Morris,SF,65
David Lee,SF,69
DeAndre Jordan,SF,70
DeMar DeRozan,SF,71
DeMarre Carroll,SF,70
Dennis Schroder,SF,72
Deron Williams,SF,71
Derrick Rose,SF,71
Devin Harris,SF,68
Dirk Nowitzki,SF,70
Doug McDermott,SF,70
Draymond Green,SF,71
Drew Gooden,SF,69
Dwight Howard,SF,70
Dwight Powell,SF,70
E'Twaun Moore,SF,69
Earl Clark,SF,68
Ekpe Udoh,SF,67
Elton Brand,SF,67
Eric Gordon,SF,70
Ersan Ilyasova,SF,68
Evan Turner,SF,71
Festus Ezeli,SF,70
Garrett Temple,SF,68
Gerald Wallace,SF,65
Giannis Antetokounmpo,SF,69
Gigi Datome,SF,68
Glen Davis,SF,68
Greg Smith,SF,64
Greg Stiemsma,SF,74
Greivis Vasquez,SF,69
Harrison Barnes,SF,69
Hedo Turkoglu,SF,68
Iman Shumpert,SF,68
Isaiah Thomas,SF,72
J.J. Barea,SF,71
JJ Redick,SF,69
JR Smith,SF,69
JaMychal Green,SF,68
Jae Crowder,SF,70
Jamal Crawford,SF,69
James Harden,SF,72
James Johnson,SF,69
James Jones,SF,68
James Michael McAdoo,SF,70
Jared Dudley,SF,70
Jared Sullinger,SF,70
Jarrett Jack,SF,71
Jason Terry,SF,69
Jeff Ayres,SF,67
Jeff Green,SF,69
Jeff Teague,SF,71
Jerome Jordan,SF,67
Jerryd Bayless,SF,70
Jimmy Butler,SF,70
Joakim Noah,SF,69
Joe Harris,SF,71
Joe Johnson,SF,70
Joel Freeland,SF,65
Joey Dorsey,SF,70
John Henson,SF,69
John Jenkins,SF,70
John Wall,SF,72
Johnny O'Bryant III,SF,69
Jon Leuer,SF,70
Jonas Jerebko,SF,67
Jonas Valanciunas,SF,70
Jordan Adams,SF,70
Jorge Gutierrez,SF,69
Josh Smith,SF,71
Jrue Holiday,SF,71
Justin Holiday,SF,71
Kawhi Leonard,SF,70
Kelly Olynyk,SF,69
Kendrick Perkins,SF,68
Kent Bazemore,SF,69
Kevin Love,SF,71
Kevin Seraphin,SF,69
Khris Middleton,SF,69
Kirk Hinrich,SF,69
Klay Thompson,SF,70
Kosta Koufos,SF,69
Kostas Papanikolaou,SF,67
Kris Humphries,SF,72
Kyle Korver,SF,69
Kyle Lowry,SF,70
Kyrie Irving,SF,70
LaMarcus Aldridge,SF,70
LeBron James,SF,73
Leandro Barbosa,SF,70
Lester Hudson,SF,70
Lou Williams,SF,69
Manu Ginobili,SF,72
Marc Gasol,SF,71
Marcin Gortat,SF,70
Marco Belinelli,SF,71
Marcus Smart,SF,70
Markel Brown,SF,72
Marreese Speights,SF,70
Martell Webster,SF,68
Mason Plumlee,SF,69
Matt Barnes,SF,69
Matt Bonner,SF,67
Matthew Dellavedova,SF,69
Meyers Leonard,SF,71
Michael Carter-Williams,SF,71
Mike Conley,SF,71
Mike Dunleavy,SF,70
Mike Miller,SF,70
Mike Muscala,SF,69
Mike Scott,SF,69
Miles Plumlee,SF,68
Mirza Teletovic,SF,66
Monta Ellis,SF,71
Nazr Mohammed,SF,68
Nene,SF,69
Nick Calathes,SF,69
Nick Johnson,SF,68
Nicolas Batum,SF,70
Nikola Mirotic,SF,69
Norris Cole,SF,69
O.J. Mayo,SF,70
Omer Asik,SF,68
Otto Porter Jr.,SF,69
Pablo Prigioni,SF,69
Patrick Patterson,SF,70
Patty Mills,SF,71
Pau Gasol,SF,71
Paul Millsap,SF,70
Paul Pierce,SF,70
Pero Antic,SF,69
Phil Pressey,SF,66
Quincy Pondexter,SF,69
Rajon Rondo,SF,70
Ramon Sessions,SF,69
Rasual Butler,SF,66
Raymond Felton,SF,69
Richard Jefferson,SF,68
Robin Lopez,SF,69
Russ Smith,SF,70
Ryan Anderson,SF,70
Shaun Livingston,SF,70
Shawn Marion,SF,67
Shelvin Mack,SF,70
Spencer Hawes,SF,70
Stephen Curry,SF,72
Steve Blake,SF,69
Taj Gibson,SF,69
Terrence Jones,SF,69
Terrence Ross,SF,68
Thaddeus Young,SF,69
Tiago Splitter,SF,69
Tim Duncan,SF,71
Tim Frazier,SF,65
Timofey Mozgov,SF,70
Tony Allen,SF,69
Tony Parker,SF,69
Tony Snell,SF,69
Trevor Ariza,SF,69
Tristan Thompson,SF,69
Tyler Ennis,SF,70
Tyler Hansbrough,SF,68
Tyler Zeller,SF,69
Tyreke Evans,SF,70
Tyson Chandler,SF,69
Vince Carter,SF,69
Will Bynum,SF,70
Zach Randolph,SF,70
Zaza Pachulia,SF,69
Aaron Harrison,SF,65
Al Horford,SF,70
Al Jefferson,SF,70
Al-Farouq Aminu,SF,70
Allen Crabbe,SF,69
Amar'e Stoudemire,SF,69
Amir Johnson,SF,70
Anderson Varejao,SF,69
Andre Drummond,SF,69
Andre Iguodala,SF,70
Andre Miller,SF,71
Andre Roberson,SF,68
Andrew Bogut,SF,70
Andrew Goudelock,SF,69
Anthony Morrow,SF,69
Anthony Tolliver,SF,68
Aron Baynes,SF,69
Austin Rivers,SF,70
Avery Bradley,SF,69
Bismack Biyombo,SF,69
Blake Griffin,SF,71
Boban Marjanovic,SF,71
Boris Diaw,SF,70
Brandon Rush,SF,69
Brian Roberts,SF,68
Briante Weber,SF,67
C.J. Wilcox,SF,66
CJ McCollum,SF,70
CJ Miles,SF,68
Cameron Payne,SF,69
Channing Frye,SF,70
Charlie Villanueva,SF,70
Chris Andersen,SF,69
Chris Kaman,SF,69
Chris Paul,SF,73
Clint Capela,SF,69
Cody Zeller,SF,70
Cole Aldrich,SF,70
Corey Brewer,SF,69
Cory Joseph,SF,70
Courtney Lee,SF,68
Dahntay Jones,SF,69
Damian Lillard,SF,71
Danny Green,SF,69
David Lee,SF,70
David West,SF,69
DeAndre Jordan,SF,70
DeMar DeRozan,SF,70
DeMarre Carroll,SF,69
Delon Wright,SF,69
Dennis Schroder,SF,72
Deron Williams,SF,71
Devin Harris,SF,69
Dion Waiters,SF,69
Dirk Nowitzki,SF,70
Donatas Motiejunas,SF,70
Dorell Wright,SF,73
Draymond Green,SF,71
Dwight Howard,SF,70
Dwight Powell,SF,70
Dwyane Wade,SF,71
Ed Davis,SF,70
Enes Freedom,SF,70
Evan Turner,SF,70
Festus Ezeli,SF,70
Frank Kaminsky,SF,69
George Hill,SF,70
Gerald Green,SF,68
Gerald Henderson,SF,69
Glenn Robinson III,SF,69
Goran Dragic,SF,71
Harrison Barnes,SF,68
Hassan Whiteside,SF,70
Ian Clark,SF,70
Ian Mahinmi,SF,69
Iman Shumpert,SF,69
Isaiah Thomas,SF,71
J.J. Barea,SF,70
JJ Redick,SF,69
JR Smith,SF,69
JaMychal Green,SF,70
JaVale McGee,SF,68
Jae Crowder,SF,69
Jamal Crawford,SF,69
James Harden,SF,73
James Johnson,SF,70
James Jones,SF,67
James Michael McAdoo,SF,68
James Young,SF,67
Jared Sullinger,SF,70
Jarell Martin,SF,68
Jason Terry,SF,68
Jason Thompson,SF,68
Jeff Ayres,SF,71
Jeff Green,SF,69
Jeff Teague,SF,71
Jeremy Lamb,SF,73
Jeremy Lin,SF,70
Jodie Meeks,SF,72
Joe Johnson,SF,69
Joe Young,SF,71
John Holland,SF,66
Jonas Jerebko,SF,70
Jonas Valanciunas,SF,71
Jonathon Simmons,SF,70
Jordan Farmar,SF,69
Jordan Hill,SF,67
Jordan McRae,SF,74
Jordan Mickey,SF,73
Jorge Gutierrez,SF,67
Josh Huestis,SF,69
Josh McRoberts,SF,69
Josh Richardson,SF,69
Josh Smith,SF,70
Justin Anderson,SF,70
Justise Winslow,SF,69
KJ McDaniels,SF,68
Kawhi Leonard,SF,71
Kelly Olynyk,SF,68
Kemba Walker,SF,71
Kent Bazemore,SF,69
Kentavious Caldwell-Pope,SF,69
Kevin Durant,SF,71
Kevin Love,SF,70
Kevin Martin,SF,70
Kirk Hinrich,SF,69
Klay Thompson,SF,70
Kris Humphries,SF,71
Kyle Anderson,SF,68
Kyle Korver,SF,69
Kyle Lowry,SF,71
Kyle Singler,SF,67
Kyrie Irving,SF,71
LaMarcus Aldridge,SF,70
Lamar Patterson,SF,71
Lance Stephenson,SF,70
Lavoy Allen,SF,68
LeBron James,SF,73
Leandro Barbosa,SF,70
Luc Mbah a Moute,SF,69
Lucas Nogueira,SF,69
Luis Montero,SF,72
Luis Scola,SF,68
Luol Deng,SF,69
Manu Ginobili,SF,70
Marcus Morris Sr.,SF,70
Marcus Smart,SF,70
Marreese Speights,SF,70
Marvin Williams,SF,68
Mason Plumlee,SF,71
Matt Barnes,SF,69
Matthew Dellavedova,SF,71
Maurice Harkless,SF,69
Michael Beasley,SF,70
Mike Muscala,SF,70
Mike Scott,SF,70
Mo Williams,SF,68
Monta Ellis,SF,70
Montrezl Harrell,SF,68
Myles Turner,SF,69
Nazr Mohammed,SF,69
Nick Collison,SF,69
Nicolas Batum,SF,70
Noah Vonleh,SF,68
Norman Powell,SF,68
PJ Hairston,SF,67
Pablo Prigioni,SF,68
Pat Connaughton,SF,71
Patrick Beverley,SF,68
Patrick Patterson,SF,69
Patty Mills,SF,70
Paul George,SF,72
Paul Millsap,SF,70
Paul Pierce,SF,67
RJ Hunter,SF,67
Randy Foye,SF,69
Raymond Felton,SF,71
Reggie Bullock,SF,73
Reggie Jackson,SF,72
Richard Jefferson,SF,69
Rodney Stuckey,SF,70
Russell Westbrook,SF,73
Salah Mejri,SF,69
Serge Ibaka,SF,69
Shaun Livingston,SF,70
Solomon Hill,SF,69
Spencer Dinwiddie,SF,79
Spencer Hawes,SF,70
Stanley Johnson,SF,69
Stephen Curry,SF,72
Steve Blake,SF,70
Steven Adams,SF,70
Terrence Ross,SF,69
Terry Rozier,SF,69
Thabo Sefolosha,SF,70
Tim Duncan,SF,69
Tim Hardaway Jr.,SF,68
Timofey Mozgov,SF,69
Tobias Harris,SF,70
Tony Allen,SF,68
Tony Parker,SF,71
Trevor Ariza,SF,67
Tristan Thompson,SF,69
Troy Daniels,SF,66
Ty Lawson,SF,69
Tyler Hansbrough,SF,64
Tyler Johnson,SF,70
Tyler Zeller,SF,70
Udonis Haslem,SF,70
Vince Carter,SF,70
Wesley Johnson,SF,68
Wesley Matthews,SF,69
Xavier Munford,SF,69
Zach Randolph,SF,70
Zaza Pachulia,SF,70
Aaron Brooks,SF,72
Al Horford,SF,71
Al-Farouq Aminu,SF,69
Alex Abrines,SF,68
Allen Crabbe,SF,68
Amir Johnson,SF,69
Andre Iguodala,SF,69
Andre Roberson,SF,69
Andrew Harrison,SF,70
Anthony Morrow,SF,70
Austin Rivers,SF,68
Avery Bradley,SF,69
Blake Griffin,SF,71
Bobby Brown,SF,73
Bobby Portis,SF,70
Bojan Bogdanovic,SF,69
Boris Diaw,SF,70
Bradley Beal,SF,70
Brandan Wright,SF,68
Brandon Bass,SF,69
Brandon Jennings,SF,69
Bryn Forbes,SF,68
CJ McCollum,SF,70
CJ Miles,SF,68
Cameron Payne,SF,71
Channing Frye,SF,70
Chris Paul,SF,74
Clint Capela,SF,70
Cory Joseph,SF,71
Cristiano Felicio,SF,69
Dahntay Jones,SF,70
Damian Jones,SF,68
Damian Lillard,SF,71
Daniel Ochefu,SF,66
Danny Green,SF,69
Dante Exum,SF,70
David Lee,SF,69
David West,SF,71
Davis Bertans,SF,69
DeAndre Jordan,SF,70
DeMar DeRozan,SF,71
DeMarre Carroll,SF,69
Dejounte Murray,SF,70
Delon Wright,SF,70
Dennis Schroder,SF,72
Denzel Valentine,SF,70
Deron Williams,SF,70
Derrick Favors,SF,70
Derrick Williams,SF,71
Dewayne Dedmon,SF,71
Deyonta Davis,SF,70
Domantas Sabonis,SF,69
Doug McDermott,SF,69
Draymond Green,SF,71
Dwight Howard,SF,70
Dwyane Wade,SF,70
Enes Freedom,SF,69
Eric Gordon,SF,69
Ersan Ilyasova,SF,69
Evan Turner,SF,70
Fred VanVleet,SF,71
George Hill,SF,70
Gerald Green,SF,70
Giannis Antetokounmpo,SF,71
Glenn Robinson III,SF,71
Gordon Hayward,SF,71
Greg Monroe,SF,71
Ian Clark,SF,70
Ian Mahinmi,SF,69
Iman Shumpert,SF,69
Isaiah Canaan,SF,69
Isaiah Taylor,SF,66
Isaiah Thomas,SF,72
JJ Redick,SF,69
JR Smith,SF,69
JaMychal Green,SF,69
JaVale McGee,SF,70
Jae Crowder,SF,70
Jake Layman,SF,70
Jakob Poeltl,SF,69
Jamal Crawford,SF,69
James Ennis III,SF,69
James Harden,SF,73
James Jones,SF,66
James Michael McAdoo,SF,69
James Young,SF,69
Jarell Martin,SF,68
Jason Smith,SF,69
Jason Terry,SF,68
Jaylen Brown,SF,69
Jeff Teague,SF,71
Jeff Withey,SF,69
Jerami Grant,SF,70
Jerian Grant,SF,69
Jimmy Butler,SF,71
Joe Ingles,SF,69
Joe Johnson,SF,70
Joel Anthony,SF,69
Joel Bolomboy,SF,69
Joffrey Lauvergne,SF,72
John Henson,SF,68
John Wall,SF,73
Jonas Jerebko,SF,70
Jonas Valanciunas,SF,70
Jonathon Simmons,SF,70
Jordan Mickey,SF,68
Jose Calderon,SF,70
Jusuf Nurkic,SF,71
Kawhi Leonard,SF,72
Kelly Olynyk,SF,70
Kelly Oubre Jr.,SF,69
Kent Bazemore,SF,70
Kevin Durant,SF,72
Kevin Love,SF,70
Kevin Seraphin,SF,70
Khris Middleton,SF,70
Klay Thompson,SF,69
Kris Humphries,SF,64
Kyle Anderson,SF,71
Kyle Korver,SF,69
Kyle Lowry,SF,71
Kyle Singler,SF,65
Kyle Wiltjer,SF,73
Kyrie Irving,SF,71
LaMarcus Aldridge,SF,70
Lance Stephenson,SF,71
Lavoy Allen,SF,65
LeBron James,SF,73
Lou Williams,SF,69
Luc Mbah a Moute,SF,69
Lucas Nogueira,SF,70
Malcolm Brogdon,SF,70
Malcolm Delaney,SF,74
Manu Ginobili,SF,70
Marc Gasol,SF,71
Marcin Gortat,SF,69
Marcus Smart,SF,70
Markieff Morris,SF,69
Marreese Speights,SF,70
Matt Barnes,SF,68
Matthew Dellavedova,SF,69
Maurice Harkless,SF,68
Meyers Leonard,SF,67
Michael Beasley,SF,68
Michael Carter-Williams,SF,69
Mike Conley,SF,73
Mike Dunleavy,SF,69
Mike Muscala,SF,68
Mirza Teletovic,SF,67
Monta Ellis,SF,69
Montrezl Harrell,SF,69
Myles Turner,SF,69
Nene,SF,70
Nikola Mirotic,SF,69
Noah Vonleh,SF,69
Norman Powell,SF,70
Norris Cole,SF,67
Otto Porter Jr.,SF,70
P.J. Tucker,SF,69
Pascal Siakam,SF,66
Pat Connaughton,SF,70
Patrick Beverley,SF,70
Patrick McCaw,SF,69
Patrick Patterson,SF,69
Patty Mills,SF,70
Pau Gasol,SF,70
Paul George,SF,72
Paul Millsap,SF,72
Paul Pierce,SF,69
Paul Zipser,SF,69
Rajon Rondo,SF,72
Rashad Vaughn,SF,69
Raul Neto,SF,70
Raymond Felton,SF,69
Richard Jefferson,SF,69
Robin Lopez,SF,70
Rodney Hood,SF,69
Rudy Gobert,SF,70
Russell Westbrook,SF,75
Ryan Anderson,SF,69
Sam Dekker,SF,68
Semaj Christon,SF,71
Serge Ibaka,SF,70
Shabazz Napier,SF,70
Shaun Livingston,SF,69
Sheldon Mac,SF,70
Shelvin Mack,SF,70
Spencer Hawes,SF,69
Stephen Curry,SF,72
Steven Adams,SF,69
Taj Gibson,SF,69
Taurean Prince,SF,69
Terry Rozier,SF,70
Thabo Sefolosha,SF,66
Thaddeus Young,SF,70
Thon Maker,SF,70
Tim Hardaway Jr.,SF,68
Tim Quarterman,SF,71
Tomas Satoransky,SF,70
Tony Parker,SF,71
Tony Snell,SF,69
Trevor Ariza,SF,69
Trey Burke,SF,68
Trey Lyles,SF,71
Tristan Thompson,SF,69
Troy Daniels,SF,68
Troy Williams,SF,67
Tyler Zeller,SF,70
Victor Oladipo,SF,68
Vince Carter,SF,69
Wade Baldwin IV,SF,71
Wayne Selden,SF,68
Wesley Johnson,SF,68
Zach Randolph,SF,69
Zaza Pachulia,SF,70
Aaron Brooks,SF,70
Aaron Jackson,SF,70
Abdel Nader,SF,69
Al Horford,SF,71
Al-Farouq Aminu,SF,70
Alec Burks,SF,71
Alex Abrines,SF,68
Amir Johnson,SF,70
Andre Iguodala,SF,70
Andrew Wiggins,SF,70
Ante Zizic,SF,70
Anthony Davis,SF,71
Aron Baynes,SF,70
Bam Adebayo,SF,68
Ben Simmons,SF,72
Bojan Bogdanovic,SF,69
Bradley Beal,SF,70
Brandon Jennings,SF,69
Brandon Paul,SF,68
Bryn Forbes,SF,68
CJ McCollum,SF,70
CJ Miles,SF,69
Caleb Swanigan,SF,70
Carmelo Anthony,SF,68
Cedi Osman,SF,68
Cheick Diallo,SF,68
Chinanu Onuaku,SF,69
Chris Paul,SF,72
Clint Capela,SF,70
Corey Brewer,SF,69
Cory Joseph,SF,69
Dakari Johnson,SF,64
Damian Jones,SF,69
Damian Lillard,SF,70
Danny Green,SF,67
Dante Exum,SF,70
Dario Saric,SF,70
Darius Miller,SF,69
Darren Collison,SF,70
David Stockton,SF,68
David West,SF,71
Davis Bertans,SF,68
DeAndre Liggins,SF,66
DeMar DeRozan,SF,71
Dejounte Murray,SF,70
Delon Wright,SF,70
Derrick Favors,SF,69
Derrick Rose,SF,70
Derrick White,SF,69
Domantas Sabonis,SF,70
Donovan Mitchell,SF,71
Draymond Green,SF,71
Dwyane Wade,SF,71
E'Twaun Moore,SF,69
Ed Davis,SF,69
Ekpe Udoh,SF,67
Emeka Okafor,SF,65
Eric Bledsoe,SF,70
Eric Gordon,SF,69
Ersan Ilyasova,SF,69
Evan Turner,SF,69
Fred VanVleet,SF,69
Furkan Korkmaz,SF,74
George Hill,SF,69
Gerald Green,SF,69
Giannis Antetokounmpo,SF,72
Glenn Robinson III,SF,71
Goran Dragic,SF,71
Gorgui Dieng,SF,69
Greg Monroe,SF,70
Guerschon Yabusele,SF,67
Hassan Whiteside,SF,69
Ian Clark,SF,69
Ian Mahinmi,SF,70
JJ Redick,SF,70
JR Smith,SF,68
JaVale McGee,SF,70
Jabari Parker,SF,70
Jae Crowder,SF,69
Jake Layman,SF,73
Jakob Poeltl,SF,70
Jamal Crawford,SF,70
James Harden,SF,73
James Johnson,SF,71
Jason Smith,SF,64
Jason Terry,SF,68
Jaylen Brown,SF,70
Jayson Tatum,SF,70
Jeff Green,SF,69
Jeff Teague,SF,71
Jerami Grant,SF,69
Jerryd Bayless,SF,64
Jimmy Butler,SF,70
Joe Ingles,SF,70
Joe Johnson,SF,68
Joe Young,SF,64
Joel Embiid,SF,71
Joffrey Lauvergne,SF,70
John Henson,SF,70
John Wall,SF,73
Jonas Jerebko,SF,68
Jonas Valanciunas,SF,71
Jordan Bell,SF,69
Jordan Clarkson,SF,68
Jordan Crawford,SF,74
Jose Calderon,SF,69
Josh Huestis,SF,68
Josh Richardson,SF,69
Jrue Holiday,SF,71
Justin Anderson,SF,68
Justise Winslow,SF,70
Jusuf Nurkic,SF,70
Karl-Anthony Towns,SF,70
Kelly Olynyk,SF,71
Kelly Oubre Jr.,SF,69
Kevin Durant,SF,71
Kevin Love,SF,70
Kevon Looney,SF,69
Khris Middleton,SF,71
Klay Thompson,SF,69
Kyle Anderson,SF,69
Kyle Korver,SF,69
Kyle Lowry,SF,72
LaMarcus Aldridge,SF,71
Lance Stephenson,SF,71
Larry Nance Jr.,SF,70
LeBron James,SF,74
Lorenzo Brown,SF,69
Luc Mbah a Moute,SF,67
Lucas Nogueira,SF,67
Luke Babbitt,SF,65
Malcolm Brogdon,SF,69
Manu Ginobili,SF,71
Marcin Gortat,SF,69
Marco Belinelli,SF,69
Marcus Georges-Hunt,SF,66
Marcus Morris Sr.,SF,69
Marcus Smart,SF,70
Markelle Fultz,SF,69
Markieff Morris,SF,69
Matthew Dellavedova,SF,70
Maurice Harkless,SF,69
Meyers Leonard,SF,73
Mike Scott,SF,70
Myles Turner,SF,70
Nemanja Bjelica,SF,70
Nene,SF,70
Nick Young,SF,68
Nikola Mirotic,SF,70
Norman Powell,SF,68
O.G. Anunoby,SF,69
Otto Porter Jr.,SF,69
P.J. Tucker,SF,69
Pascal Siakam,SF,70
Pat Connaughton,SF,69
Patrick McCaw,SF,69
Patrick Patterson,SF,69
Patty Mills,SF,70
Pau Gasol,SF,71
Paul George,SF,70
Quinn Cook,SF,69
Rajon Rondo,SF,72
Raul Neto,SF,69
Raymond Felton,SF,70
Richaun Holmes,SF,66
Ricky Rubio,SF,72
Robert Covington,SF,69
Rodney Hood,SF,69
Rodney McGruder,SF,67
Royce O'Neale,SF,69
Rudy Gay,SF,69
Rudy Gobert,SF,70
Russell Westbrook,SF,73
Ryan Anderson,SF,68
Semi Ojeleye,SF,67
Serge Ibaka,SF,69
Shabazz Muhammad,SF,70
Shabazz Napier,SF,69
Shane Larkin,SF,70
Shaun Livingston,SF,70
Solomon Hill,SF,69
Stephen Curry,SF,71
Sterling Brown,SF,69
Steven Adams,SF,69
T.J. Leaf,SF,64
T.J. McConnell,SF,71
Taj Gibson,SF,69
Tarik Black,SF,68
Terrance Ferguson,SF,74
Terry Rozier,SF,71
Thaddeus Young,SF,70
Thon Maker,SF,69
Tim Frazier,SF,70
Tomas Satoransky,SF,67
Tony Bradley,SF,71
Tony Parker,SF,70
Tony Snell,SF,67
Trevor Ariza,SF,68
Trevor Booker,SF,69
Tristan Thompson,SF,69
Ty Lawson,SF,70
Tyler Johnson,SF,70
Tyler Zeller,SF,70
Tyus Jones,SF,68
Victor Oladipo,SF,72
Wade Baldwin IV,SF,69
Wayne Ellington,SF,69
Zach Collins,SF,69
Zaza Pachulia,SF,71
Zhou Qi,SF,71
Aaron Gordon,SF,71
Aaron Holiday,SF,68
Abdel Nader,SF,68
Al Horford,SF,71
Al-Farouq Aminu,SF,69
Alfonzo McKinnie,SF,68
Amir Johnson,SF,72
Andre Drummond,SF,70
Andre Iguodala,SF,70
Andrew Bogut,SF,71
Anfernee Simons,SF,67
Aron Baynes,SF,69
Austin Rivers,SF,69
Ben Simmons,SF,71
Blake Griffin,SF,72
Boban Marjanovic,SF,71
Bojan Bogdanovic,SF,70
Brad Wanamaker,SF,72
Brook Lopez,SF,69
Bruce Brown,SF,68
Bryn Forbes,SF,69
CJ McCollum,SF,70
Caris LeVert,SF,71
Chris Boucher,SF,70
Chris Paul,SF,71
Clint Capela,SF,70
Cory Joseph,SF,69
D'Angelo Russell,SF,71
D.J. Augustin,SF,71
D.J. Wilson,SF,71
Damian Jones,SF,70
Damian Lillard,SF,71
Daniel Theis,SF,68
Danilo Gallinari,SF,70
Danny Green,SF,68
Dante Cunningham,SF,72
Danuel House Jr.,SF,68
Darren Collison,SF,70
Davis Bertans,SF,68
DeMar DeRozan,SF,71
DeMarcus Cousins,SF,71
DeMarre Carroll,SF,68
Dennis Schroder,SF,70
Deonte Burton,SF,69
Derrick Favors,SF,71
Derrick White,SF,71
Domantas Sabonis,SF,72
Donatas Motiejunas,SF,73
Donovan Mitchell,SF,70
Doug McDermott,SF,69
Draymond Green,SF,71
Dzanan Musa,SF,68
Ed Davis,SF,70
Edmond Sumner,SF,69
Ekpe Udoh,SF,64
Enes Freedom,SF,70
Eric Bledsoe,SF,70
Eric Gordon,SF,69
Eric Moreland,SF,70
Ersan Ilyasova,SF,70
Evan Fournier,SF,69
Evan Turner,SF,69
Fred VanVleet,SF,69
Furkan Korkmaz,SF,70
Garrett Temple,SF,68
Gary Clark,SF,65
Gary Harris,SF,69
George Hill,SF,70
Georges Niang,SF,70
Gerald Green,SF,68
Giannis Antetokounmpo,SF,72
Glenn Robinson III,SF,69
Gordon Hayward,SF,69
Grayson Allen,SF,68
Greg Monroe,SF,69
Guerschon Yabusele,SF,70
Iman Shumpert,SF,68
Isaiah Hartenstein,SF,72
Ish Smith,SF,70
Ivica Zubac,SF,70
JJ Redick,SF,69
JaMychal Green,SF,70
Jacob Evans,SF,69
Jae Crowder,SF,69
Jake Layman,SF,67
Jakob Poeltl,SF,70
Jamal Murray,SF,71
James Ennis III,SF,69
James Harden,SF,73
Jared Dudley,SF,69
Jarell Martin,SF,69
Jarred Vanderbilt,SF,65
Jarrett Allen,SF,71
Jaylen Brown,SF,70
Jayson Tatum,SF,70
Jerami Grant,SF,69
Jeremy Lin,SF,71
Jerian Grant,SF,70
Jerome Robinson,SF,70
Jimmy Butler,SF,71
Jodie Meeks,SF,68
Joe Harris,SF,68
Joe Ingles,SF,70
Joel Embiid,SF,71
Jon Leuer,SF,67
Jonah Bolden,SF,68
Jonas Jerebko,SF,69
Jonathan Isaac,SF,68
Jonathon Simmons,SF,69
Jordan Bell,SF,70
Jose Calderon,SF,68
Juancho Hernangomez,SF,68
Kawhi Leonard,SF,72
Kenneth Faried,SF,71
Kevin Durant,SF,72
Kevon Looney,SF,70
Khem Birch,SF,70
Khris Middleton,SF,70
Khyri Thomas,SF,70
Klay Thompson,SF,69
Kyle Korver,SF,68
Kyle Lowry,SF,71
Kyle O'Quinn,SF,65
Kyrie Irving,SF,72
LaMarcus Aldridge,SF,70
Landry Shamet,SF,68
Langston Galloway,SF,68
Lonnie Walker IV,SF,69
Lou Williams,SF,73
Luke Kennard,SF,69
Malcolm Brogdon,SF,70
Malcolm Miller,SF,68
Malik Beasley,SF,69
Marc Gasol,SF,70
Marco Belinelli,SF,69
Marcus Morris Sr.,SF,70
Marcus Smart,SF,69
Markieff Morris,SF,69
Mason Plumlee,SF,70
Maurice Harkless,SF,69
Melvin Frazier Jr.,SF,68
Meyers Leonard,SF,70
Michael Carter-Williams,SF,70
Mike Scott,SF,69
Monte Morris,SF,70
Montrezl Harrell,SF,71
Myles Turner,SF,69
Nene,SF,72
Nerlens Noel,SF,69
Nikola Jokic,SF,73
Nikola Mirotic,SF,69
Nikola Vucevic,SF,70
Norman Powell,SF,69
P.J. Tucker,SF,69
Pascal Siakam,SF,70
Pat Connaughton,SF,69
Patrick Beverley,SF,70
Patrick McCaw,SF,68
Patty Mills,SF,69
Paul George,SF,71
Paul Millsap,SF,69
Quincy Pondexter,SF,67
Quinn Cook,SF,69
Raul Neto,SF,67
Raymond Felton,SF,68
Reggie Jackson,SF,72
Ricky Rubio,SF,72
Robert Williams III,SF,70
Rodions Kurucs,SF,69
Rodney Hood,SF,69
Rondae Hollis-Jefferson,SF,71
Royce O'Neale,SF,69
Rudy Gay,SF,70
Rudy Gobert,SF,70
Russell Westbrook,SF,73
Semi Ojeleye,SF,69
Serge Ibaka,SF,70
Seth Curry,SF,68
Shabazz Napier,SF,74
Shai Gilgeous-Alexander,SF,70
Shaun Livingston,SF,69
Sindarius Thornwell,SF,68
Skal Labissiere,SF,66
Spencer Dinwiddie,SF,70
Stephen Curry,SF,71
Sterling Brown,SF,69
Steven Adams,SF,70
T.J. Leaf,SF,67
T.J. McConnell,SF,69
Terrance Ferguson,SF,68
Terrence Ross,SF,69
Terry Rozier,SF,70
Thabo Sefolosha,SF,67
Thaddeus Young,SF,70
Theo Pinson,SF,70
Thon Maker,SF,68
Tim Frazier,SF,73
Tobias Harris,SF,70
Tony Snell,SF,67
Torrey Craig,SF,69
Treveon Graham,SF,67
Trey Lyles,SF,67
Tyreke Evans,SF,70
Tyrone Wallace,SF,70
Wayne Ellington,SF,68
Wes Iwundu,SF,69
Wesley Matthews,SF,68
Will Barton,SF,69
Wilson Chandler,SF,68
Zach Collins,SF,70
Zaza Pachulia,SF,68
Zhaire Smith,SF,64
Aaron Holiday,SF,70
Abdel Nader,SF,67
Al Horford,SF,69
Alec Burks,SF,69
Alex Caruso,SF,69
Alize Johnson,SF,64
Amir Coffey,SF,71
Andre Iguodala,SF,69
Andre Roberson,SF,65
Anfernee Simons,SF,69
Anthony Davis,SF,71
Antonius Cleveland,SF,68
Austin Rivers,SF,69
BJ Johnson,SF,71
Bam Adebayo,SF,71
Ben McLemore,SF,69
Boban Marjanovic,SF,70
Bol Bol,SF,71
Brad Wanamaker,SF,70
Brook Lopez,SF,69
Bruno Caboclo,SF,69
CJ McCollum,SF,70
Caris LeVert,SF,73
Carmelo Anthony,SF,69
Carsen Edwards,SF,65
Chris Boucher,SF,68
Chris Chiozza,SF,71
Chris Clemons,SF,69
Chris Paul,SF,71
D.J. Augustin,SF,72
Damian Lillard,SF,71
Daniel Theis,SF,69
Danilo Gallinari,SF,69
Danny Green,SF,68
Danuel House Jr.,SF,69
Darius Bazley,SF,70
DeMarre Carroll,SF,71
Delon Wright,SF,70
Dennis Schroder,SF,70
Deonte Burton,SF,64
Derrick Jones Jr.,SF,69
Dion Waiters,SF,68
Donovan Mitchell,SF,73
Donta Hall,SF,69
Donte DiVincenzo,SF,70
Dorian Finney-Smith,SF,70
Doug McDermott,SF,67
Duncan Robinson,SF,69
Dwight Howard,SF,70
Dzanan Musa,SF,69
Edmond Sumner,SF,67
Emmanuel Mudiay,SF,69
Enes Freedom,SF,70
Eric Bledsoe,SF,71
Eric Gordon,SF,70
Ersan Ilyasova,SF,68
Evan Fournier,SF,69
Frank Mason III,SF,67
Fred VanVleet,SF,71
Furkan Korkmaz,SF,67
Gabe Vincent,SF,64
Garrett Temple,SF,69
Gary Clark,SF,69
Gary Harris,SF,69
Gary Trent Jr.,SF,68
George Hill,SF,70
Georges Niang,SF,70
Giannis Antetokounmpo,SF,73
Goran Dragic,SF,71
Gordon Hayward,SF,69
Grant Williams,SF,70
Hamidou Diallo,SF,69
Hassan Whiteside,SF,69
Ivica Zubac,SF,70
J.J. Barea,SF,69
JR Smith,SF,68
JaKarr Sampson,SF,70
JaMychal Green,SF,69
JaVale McGee,SF,70
Jae Crowder,SF,69
Jamal Murray,SF,72
James Ennis III,SF,69
James Harden,SF,73
Jared Dudley,SF,65
Jarrell Brantley,SF,68
Jarrett Allen,SF,71
Javonte Green,SF,70
Jaylen Adams,SF,68
Jaylen Brown,SF,70
Jaylen Hoard,SF,69
Jayson Tatum,SF,71
Jeff Green,SF,70
Jerami Grant,SF,69
Jeremiah Martin,SF,70
Jimmy Butler,SF,72
Joakim Noah,SF,64
Joe Harris,SF,70
Joe Ingles,SF,70
Joel Embiid,SF,71
Jordan Clarkson,SF,70
Josh Reaves,SF,71
Josh Richardson,SF,70
Justin Anderson,SF,72
Justin Holiday,SF,69
Justin Jackson,SF,67
Jusuf Nurkic,SF,71
Juwan Morgan,SF,68
Kawhi Leonard,SF,72
Keita Bates-Diop,SF,67
Kelly Olynyk,SF,70
Kemba Walker,SF,71
Kendrick Nunn,SF,69
Kentavious Caldwell-Pope,SF,69
Khem Birch,SF,70
Khris Middleton,SF,71
Kristaps Porzingis,SF,70
Kyle Korver,SF,69
Kyle Kuzma,SF,69
Kyle Lowry,SF,71
Kyle O'Quinn,SF,69
Lance Thomas,SF,67
Landry Shamet,SF,69
LeBron James,SF,74
Lou Williams,SF,70
Luguentz Dort,SF,69
Luka Doncic,SF,74
Malcolm Brogdon,SF,72
Malcolm Miller,SF,68
Marc Gasol,SF,70
Marcus Morris Sr.,SF,70
Marcus Smart,SF,70
Mario Hezonja,SF,69
Markelle Fultz,SF,71
Markieff Morris,SF,69
Marvin Williams,SF,69
Mason Plumlee,SF,70
Matisse Thybulle,SF,68
Matt Thomas,SF,70
Maxi Kleber,SF,68
Meyers Leonard,SF,70
Michael Frazier II,SF,70
Michael Kidd-Gilchrist,SF,68
Michael Porter Jr.,SF,70
Mike Conley,SF,72
Mike Muscala,SF,70
Mike Scott,SF,69
Miye Oni,SF,69
Monte Morris,SF,70
Montrezl Harrell,SF,69
Myles Turner,SF,70
Nerlens Noel,SF,69
Nigel Williams-Goss,SF,72
Nikola Jokic,SF,72
Nikola Vucevic,SF,72
Noah Vonleh,SF,65
Norman Powell,SF,70
Norvel Pelle,SF,64
O.G. Anunoby,SF,69
P.J. Tucker,SF,69
PJ Dozier,SF,69
Pascal Siakam,SF,70
Pat Connaughton,SF,69
Patrick Beverley,SF,70
Patrick Patterson,SF,77
Paul George,SF,70
Paul Millsap,SF,69
Paul Watson,SF,68
Quinn Cook,SF,73
Rajon Rondo,SF,72
Raul Neto,SF,70
Rayjon Tucker,SF,68
Reggie Jackson,SF,69
Robert Covington,SF,70
Robert Williams III,SF,70
Robin Lopez,SF,69
Rodions Kurucs,SF,69
Rodney McGruder,SF,71
Romeo Langford,SF,68
Rondae Hollis-Jefferson,SF,69
Royce O'Neale,SF,69
Rudy Gobert,SF,70
Russell Westbrook,SF,71
Semi Ojeleye,SF,67
Serge Ibaka,SF,71
Seth Curry,SF,69
Shai Gilgeous-Alexander,SF,70
Shake Milton,SF,70
Solomon Hill,SF,69
Stanley Johnson,SF,73
Sterling Brown,SF,66
Steven Adams,SF,70
T.J. McConnell,SF,71
T.J. Warren,SF,70
Tacko Fall,SF,72
Talen Horton-Tucker,SF,70
Terance Mann,SF,68
Terence Davis,SF,70
Terrance Ferguson,SF,67
Terrence Ross,SF,70
Tim Hardaway Jr.,SF,69
Timothe Luwawu-Cabarrot,SF,69
Tobias Harris,SF,70
Tony Bradley,SF,69
Torrey Craig,SF,68
Tremont Waters,SF,74
Trey Burke,SF,70
Troy Daniels,SF,70
Tyler Cook,SF,66
Tyler Herro,SF,70
Tyler Johnson,SF,70
Tyson Chandler,SF,65
Vic Law,SF,77
Victor Oladipo,SF,70
Vincent Poirier,SF,73
Wenyen Gabriel,SF,70
Wes Iwundu,SF,68
Wesley Matthews,SF,69
Aaron Gordon,SF,69
Aaron Nesmith,SF,68
Abdel Nader,SF,67
Alec Burks,SF,70
Alex Caruso,SF,68
Alex Len,SF,70
Alfonzo McKinnie,SF,65
Alize Johnson,SF,70
Amir Coffey,SF,71
Andre Drummond,SF,70
Andre Iguodala,SF,70
Anfernee Simons,SF,70
Anthony Davis,SF,71
Anthony Gill,SF,65
Anthony Tolliver,SF,67
Austin Rivers,SF,69
Axel Toupane,SF,70
Bam Adebayo,SF,71
Ben McLemore,SF,68
Ben Simmons,SF,71
Blake Griffin,SF,70
Boban Marjanovic,SF,70
Bobby Portis,SF,69
Bogdan Bogdanovic,SF,69
Bojan Bogdanovic,SF,70
Bol Bol,SF,69
Bradley Beal,SF,71
Brandon Clarke,SF,68
Brook Lopez,SF,69
Bruce Brown,SF,70
Bruno Fernando,SF,70
Bryn Forbes,SF,69
CJ Elleby,SF,67
CJ McCollum,SF,70
Cam Reddish,SF,70
Cameron Johnson,SF,70
Cameron Payne,SF,71
Carmelo Anthony,SF,70
Carsen Edwards,SF,71
Cassius Winston,SF,76
Chandler Hutchison,SF,70
Chris Chiozza,SF,68
Chris Paul,SF,72
Clint Capela,SF,70
Damian Lillard,SF,73
Daniel Gafford,SF,70
Daniel Oturu,SF,68
Danilo Gallinari,SF,69
Danny Green,SF,69
Dario Saric,SF,70
Davis Bertans,SF,68
De'Andre Hunter,SF,69
De'Anthony Melton,SF,69
DeMarcus Cousins,SF,71
Deandre Ayton,SF,70
Dennis Schroder,SF,70
Derrick Favors,SF,70
Derrick Jones Jr.,SF,67
Derrick Rose,SF,71
Desmond Bane,SF,70
Devin Booker,SF,71
Dewayne Dedmon,SF,70
Dillon Brooks,SF,70
Donovan Mitchell,SF,72
Donte DiVincenzo,SF,68
Dorian Finney-Smith,SF,69
Duncan Robinson,SF,69
Dwight Howard,SF,70
Dwight Powell,SF,72
E'Twaun Moore,SF,71
Elfrid Payton,SF,67
Elijah Bryant,SF,69
Enes Freedom,SF,68
Ersan Ilyasova,SF,71
Evan Fournier,SF,69
Facundo Campazzo,SF,70
Frank Kaminsky,SF,71
Frank Ntilikina,SF,65
Furkan Korkmaz,SF,69
Gabe Vincent,SF,72
Garrison Mathews,SF,67
George Hill,SF,69
Georges Niang,SF,68
Giannis Antetokounmpo,SF,72
Goran Dragic,SF,70
Grant Williams,SF,69
Grayson Allen,SF,68
Harry Giles III,SF,69
Immanuel Quickley,SF,69
Isaac Bonga,SF,65
Isaiah Joe,SF,69
Ish Smith,SF,69
Ivica Zubac,SF,70
Ja Morant,SF,72
JaMychal Green,SF,69
JaVale McGee,SF,69
Jabari Parker,SF,70
Jae Crowder,SF,69
Jalen Brunson,SF,70
Jalen Smith,SF,70
James Harden,SF,73
Jared Dudley,SF,64
Jaren Jackson Jr.,SF,69
Jarrell Brantley,SF,66
Jay Scrubb,SF,65
Jayson Tatum,SF,72
Jeff Green,SF,70
Jeff Teague,SF,69
Jevon Carter,SF,69
Jimmy Butler,SF,71
Joe Harris,SF,69
Joe Ingles,SF,70
Joel Embiid,SF,72
John Collins,SF,70
John Konchar,SF,66
Jonas Valanciunas,SF,70
Jordan Clarkson,SF,70
Jordan Nwora,SF,69
Josh Green,SF,64
Josh Richardson,SF,69
Jrue Holiday,SF,71
Julius Randle,SF,71
Justin Jackson,SF,70
Justise Winslow,SF,70
Jusuf Nurkic,SF,71
Juwan Morgan,SF,68
KZ Okpala,SF,65
Kawhi Leonard,SF,72
Keljin Blevins,SF,68
Kemba Walker,SF,70
Kendrick Nunn,SF,69
Kentavious Caldwell-Pope,SF,68
Kevin Durant,SF,72
Kevin Huerter,SF,69
Kevin Knox II,SF,77
Khris Middleton,SF,71
Kris Dunn,SF,69
Kristaps Porzingis,SF,69
Kyle Anderson,SF,69
Kyle Kuzma,SF,68
Kyrie Irving,SF,70
Landry Shamet,SF,69
Langston Galloway,SF,67
LeBron James,SF,73
Lou Williams,SF,71
Luka Doncic,SF,74
Luke Kennard,SF,69
Luke Kornet,SF,71
Mamadi Diakite,SF,67
Marc Gasol,SF,73
Marcus Morris Sr.,SF,69
Marcus Smart,SF,71
Markieff Morris,SF,69
Markus Howard,SF,69
Matisse Thybulle,SF,68
Matt Thomas,SF,65
Max Strus,SF,65
Maxi Kleber,SF,69
Michael Porter Jr.,SF,70
Mikal Bridges,SF,69
Mike Conley,SF,72
Mike James,SF,69
Mike Scott,SF,68
Miye Oni,SF,65
Monte Morris,SF,71
Montrezl Harrell,SF,70
Nassir Little,SF,68
Nathan Knight,SF,68
Nemanja Bjelica,SF,70
Nerlens Noel,SF,69
Nic Claxton,SF,69
Nicolas Batum,SF,70
Nicolo Melli,SF,66
Nikola Jokic,SF,73
Norman Powell,SF,69
Obi Toppin,SF,70
Onyeka Okongwu,SF,69
P.J. Tucker,SF,68
Pat Connaughton,SF,69
Patrick Beverley,SF,69
Paul George,SF,71
Paul Millsap,SF,71
Paul Reed,SF,70
Payton Pritchard,SF,70
Precious Achiuwa,SF,71
RJ Barrett,SF,70
Rajon Rondo,SF,71
Raul Neto,SF,68
Rayjon Tucker,SF,69
Reggie Bullock,SF,69
Reggie Jackson,SF,70
Reggie Perry,SF,70
Robert Covington,SF,69
Robert Williams III,SF,70
Robin Lopez,SF,69
Romeo Langford,SF,69
Rondae Hollis-Jefferson,SF,70
Royce O'Neale,SF,70
Rudy Gobert,SF,70
Rui Hachimura,SF,70
Russell Westbrook,SF,73
Sam Merrill,SF,68
Semi Ojeleye,SF,66
Serge Ibaka,SF,71
Seth Curry,SF,70
Shake Milton,SF,69
Shaquille Harrison,SF,71
Skylar Mays,SF,71
Solomon Hill,SF,67
T.J. Leaf,SF,70
Tacko Fall,SF,67
Taj Gibson,SF,69
Talen Horton-Tucker,SF,70
Terance Mann,SF,69
Thanasis Antetokounmpo,SF,69
Tim Hardaway Jr.,SF,69
Timothe Luwawu-Cabarrot,SF,68
Tobias Harris,SF,70
Tony Snell,SF,66
Torrey Craig,SF,69
Trae Young,SF,73
Tremont Waters,SF,74
Trent Forrest,SF,68
Trevor Ariza,SF,68
Trey Burke,SF,66
Tristan Thompson,SF,70
Ty-Shon Alexander,SF,72
Tyler Herro,SF,69
Tyler Johnson,SF,68
Tyrese Maxey,SF,70
Tyus Jones,SF,69
Udoka Azubuike,SF,66
Vlatko Cancar,SF,72
Wesley Matthews,SF,68
Will Barton,SF,70
Willie Cauley-Stein,SF,70
Xavier Tillman,SF,67
Yogi Ferrell,SF,71
Zeke Nnaji,SF,71
Aaron Gordon,SF,70
Aaron Holiday,SF,74
Aaron Nesmith,SF,68
Al Horford,SF,70
Alex Caruso,SF,70
Andre Drummond,SF,69
Andre Iguodala,SF,70
Andrew Wiggins,SF,70
Anthony Edwards,SF,70
Armoni Brooks,SF,66
Austin Rivers,SF,68
Ayo Dosunmu,SF,69
Bam Adebayo,SF,70
Bismack Biyombo,SF,70
Blake Griffin,SF,70
Boban Marjanovic,SF,70
Bobby Portis,SF,70
Bogdan Bogdanovic,SF,71
Bojan Bogdanovic,SF,70
Bones Hyland,SF,71
Brandon Clarke,SF,70
Brandon Ingram,SF,72
Brook Lopez,SF,69
Bruce Brown,SF,70
Bryn Forbes,SF,69
CJ McCollum,SF,71
Caleb Martin,SF,69
Cam Thomas,SF,64
Cameron Johnson,SF,70
Cameron Payne,SF,69
Charles Bassey,SF,69
Chris Boucher,SF,70
Chris Paul,SF,72
Clint Capela,SF,68
Coby White,SF,70
D'Angelo Russell,SF,71
Dalano Banton,SF,74
Damion Lee,SF,69
Daniel Theis,SF,70
Danilo Gallinari,SF,69
Danny Green,SF,69
Danuel House Jr.,SF,68
Davis Bertans,SF,69
Day'Ron Sharpe,SF,64
De'Andre Hunter,SF,70
De'Anthony Melton,SF,69
DeAndre Jordan,SF,71
DeMar DeRozan,SF,70
DeMarcus Cousins,SF,73
Deandre Ayton,SF,71
Delon Wright,SF,70
Derrick Jones Jr.,SF,69
Derrick White,SF,69
Desmond Bane,SF,70
Devin Booker,SF,71
Devonte' Graham,SF,70
Dewayne Dedmon,SF,69
Dillon Brooks,SF,69
Donovan Mitchell,SF,72
Dorian Finney-Smith,SF,69
Draymond Green,SF,70
Duncan Robinson,SF,69
Dwight Powell,SF,69
Elfrid Payton,SF,71
Eric Paschall,SF,69
Facundo Campazzo,SF,67
Frank Ntilikina,SF,68
Fred VanVleet,SF,71
Furkan Korkmaz,SF,70
Gabe Vincent,SF,70
Garrett Temple,SF,65
Gary Payton II,SF,70
Gary Trent Jr.,SF,69
George Hill,SF,67
Georges Niang,SF,69
Giannis Antetokounmpo,SF,73
Goran Dragic,SF,70
Gorgui Dieng,SF,69
Grant Williams,SF,69
Grayson Allen,SF,69
Greg Monroe,SF,73
Hassan Whiteside,SF,68
Haywood Highsmith,SF,70
Herbert Jones,SF,69
Isaac Bonga,SF,72
Isaiah Joe,SF,68
Ish Wainright,SF,70
Ja Morant,SF,73
JaMychal Green,SF,69
JaVale McGee,SF,71
Jaden McDaniels,SF,70
Jaden Springer,SF,70
Jae Crowder,SF,69
Jalen Brunson,SF,71
Jalen Johnson,SF,65
James Harden,SF,72
Jared Butler,SF,66
Jaren Jackson Jr.,SF,69
Jarred Vanderbilt,SF,69
Jarrett Culver,SF,69
Javonte Green,SF,67
Jaxson Hayes,SF,69
Jaylen Brown,SF,71
Jaylen Nowell,SF,69
Jayson Tatum,SF,71
Jeff Green,SF,68
Jevon Carter,SF,69
Jimmy Butler,SF,72
Joel Embiid,SF,71
John Collins,SF,69
John Konchar,SF,69
Jonas Valanciunas,SF,71
Jonathan Kuminga,SF,70
Jordan Clarkson,SF,70
Jordan McLaughlin,SF,72
Jordan Nwora,SF,68
Jordan Poole,SF,71
Jose Alvarado,SF,70
Josh Green,SF,68
Josh Okogie,SF,64
Jrue Holiday,SF,71
Juan Toscano-Anderson,SF,71
Juancho Hernangomez,SF,69
Juwan Morgan,SF,66
Karl-Anthony Towns,SF,71
Kessler Edwards,SF,67
Kevin Durant,SF,71
Kevin Huerter,SF,70
Kevin Knox II,SF,74
Kevon Looney,SF,71
Khem Birch,SF,69
Khris Middleton,SF,71
Klay Thompson,SF,70
Kyle Anderson,SF,70
Kyle Lowry,SF,70
Kyrie Irving,SF,70
Landry Shamet,SF,69
Larry Nance Jr.,SF,70
Luca Vildoza,SF,71
Luka Doncic,SF,73
Luke Kornet,SF,71
Malachi Flynn,SF,66
Malik Beasley,SF,69
Malik Fitts,SF,71
Marcus Smart,SF,71
Markieff Morris,SF,66
Marquese Chriss,SF,70
Matisse Thybulle,SF,68
Max Strus,SF,69
Maxi Kleber,SF,70
Mikal Bridges,SF,69
Mike Conley,SF,70
Monte Morris,SF,71
Moses Moody,SF,69
Naji Marshall,SF,70
Naz Reid,SF,69
Nemanja Bjelica,SF,70
Nic Claxton,SF,70
Nickeil Alexander-Walker,SF,76
Nik Stauskas,SF,71
Nikola Jokic,SF,74
Nikola Vucevic,SF,71
O.G. Anunoby,SF,70
Omer Yurtseven,SF,71
Onyeka Okongwu,SF,69
Otto Porter Jr.,SF,70
P.J. Tucker,SF,69
Pascal Siakam,SF,71
Pat Connaughton,SF,69
Patrick Beverley,SF,70
Patrick Williams,SF,69
Patty Mills,SF,69
Paul Millsap,SF,67
Paul Reed,SF,70
Payton Pritchard,SF,70
Precious Achiuwa,SF,69
Rayjon Tucker,SF,67
Reggie Bullock,SF,69
Robert Williams III,SF,70
Royce O'Neale,SF,69
Rudy Gobert,SF,70
Sam Hauser,SF,71
Scottie Barnes,SF,70
Serge Ibaka,SF,69
Seth Curry,SF,70
Shake Milton,SF,70
Skylar Mays,SF,71
Spencer Dinwiddie,SF,71
Stephen Curry,SF,72
Sterling Brown,SF,70
Steven Adams,SF,70
Svi Mykhailiuk,SF,66
Taurean Prince,SF,70
Thaddeus Young,SF,70
Thanasis Antetokounmpo,SF,69
Timothe Luwawu-Cabarrot,SF,69
Tobias Harris,SF,70
Tony Bradley,SF,74
Torrey Craig,SF,69
Trae Young,SF,71
Trey Burke,SF,72
Trey Murphy III,SF,69
Tristan Thompson,SF,68
Troy Brown Jr.,SF,69
Tyler Herro,SF,70
Tyrese Maxey,SF,70
Tyus Jones,SF,71
Victor Oladipo,SF,70
Vlatko Cancar,SF,72
Wesley Matthews,SF,68
Will Barton,SF,69
Willy Hernangomez,SF,70
Xavier Tillman,SF,70
Yuta Watanabe,SF,67
Zach LaVine,SF,71
Zeke Nnaji,SF,72
Ziaire Williams,SF,69
Aaron Gordon,SF,69
Aaron Holiday,SF,69
Al Horford,SF,69
Alex Len,SF,70
Amir Coffey,SF,64
Andrew Wiggins,SF,69
Anthony Davis,SF,71
Anthony Edwards,SF,72
Anthony Lamb,SF,68
Austin Reaves,SF,70
Austin Rivers,SF,69
Bam Adebayo,SF,71
Bismack Biyombo,SF,70
Blake Griffin,SF,65
Bobby Portis,SF,70
Bogdan Bogdanovic,SF,70
Bones Hyland,SF,69
Brandon Boston Jr.,SF,70
Brook Lopez,SF,70
Bruce Brown,SF,70
Caleb Martin,SF,70
Cam Thomas,SF,69
Cameron Johnson,SF,70
Cameron Payne,SF,70
Caris LeVert,SF,70
Cedi Osman,SF,69
Chimezie Metu,SF,68
Chris Paul,SF,70
Christian Braun,SF,69
Clint Capela,SF,69
Cody Zeller,SF,69
D'Angelo Russell,SF,70
DaQuan Jeffries,SF,64
Damion Lee,SF,68
Danny Green,SF,67
Danuel House Jr.,SF,69
Darius Garland,SF,71
David Duke Jr.,SF,68
David Roddy,SF,68
Davion Mitchell,SF,69
Day'Ron Sharpe,SF,73
De'Aaron Fox,SF,72
De'Andre Hunter,SF,69
De'Anthony Melton,SF,69
DeAndre Jordan,SF,71
Dean Wade,SF,68
Deandre Ayton,SF,70
Dejounte Murray,SF,71
Dennis Schroder,SF,69
Derrick Rose,SF,75
Derrick White,SF,70
Desmond Bane,SF,70
Devin Booker,SF,72
Dewayne Dedmon,SF,66
Dillon Brooks,SF,69
Domantas Sabonis,SF,71
Donovan Mitchell,SF,72
Donte DiVincenzo,SF,70
Dorian Finney-Smith,SF,69
Draymond Green,SF,71
Duncan Robinson,SF,70
Edmond Sumner,SF,67
Eric Gordon,SF,69
Evan Mobley,SF,69
Furkan Korkmaz,SF,68
Gabe Vincent,SF,70
Gary Payton II,SF,70
Georges Niang,SF,69
Giannis Antetokounmpo,SF,73
Goran Dragic,SF,70
Grant Williams,SF,69
Grayson Allen,SF,69
Harrison Barnes,SF,68
Haywood Highsmith,SF,70
Immanuel Quickley,SF,69
Isaac Okoro,SF,70
Isaiah Hartenstein,SF,69
Ish Smith,SF,69
Ish Wainright,SF,67
Ivica Zubac,SF,70
Ja Morant,SF,72
JaMychal Green,SF,69
Jaden Springer,SF,70
Jae Crowder,SF,67
Jalen Brunson,SF,72
Jalen Johnson,SF,71
Jalen McDaniels,SF,68
Jamal Murray,SF,71
James Harden,SF,72
Jaren Jackson Jr.,SF,70
Jarred Vanderbilt,SF,69
Jarrett Allen,SF,69
Jason Preston,SF,64
Jaylen Brown,SF,70
Jaylen Nowell,SF,68
Jayson Tatum,SF,72
Jeff Green,SF,68
Jevon Carter,SF,67
Jimmy Butler,SF,72
Jock Landale,SF,70
Joe Harris,SF,67
Joe Ingles,SF,70
Joel Embiid,SF,71
John Collins,SF,69
John Konchar,SF,67
Jonathan Kuminga,SF,70
Jordan McLaughlin,SF,68
Jordan Poole,SF,70
Josh Hart,SF,70
Josh Minott,SF,65
Josh Okogie,SF,68
Jrue Holiday,SF,71
Julius Randle,SF,71
Justin Champagnie,SF,66
Karl-Anthony Towns,SF,70
Kawhi Leonard,SF,72
Keegan Murray,SF,69
Kenneth Lofton Jr.,SF,71
Kentavious Caldwell-Pope,SF,69
Kessler Edwards,SF,65
Kevin Durant,SF,71
Kevin Huerter,SF,68
Kevin Love,SF,70
Kevon Looney,SF,71
Khris Middleton,SF,72
Klay Thompson,SF,69
Kyle Anderson,SF,71
Kyle Lowry,SF,71
Lamar Stevens,SF,71
Landry Shamet,SF,68
LeBron James,SF,72
Lonnie Walker IV,SF,69
Luke Kennard,SF,70
Luke Kornet,SF,71
Malcolm Brogdon,SF,70
Malik Beasley,SF,68
Malik Monk,SF,71
MarJon Beauchamp,SF,71
Marcus Morris Sr.,SF,68
Marcus Smart,SF,71
Mason Plumlee,SF,72
Max Christie,SF,70
Max Strus,SF,69
Meyers Leonard,SF,65
Michael Porter Jr.,SF,69
Mikal Bridges,SF,71
Mike Conley,SF,71
Mike Muscala,SF,70
Miles McBride,SF,68
Mitchell Robinson,SF,69
Mo Bamba,SF,67
Montrezl Harrell,SF,66
Moses Moody,SF,70
Nathan Knight,SF,68
Nic Claxton,SF,70
Nickeil Alexander-Walker,SF,69
Nicolas Batum,SF,69
Nikola Jokic,SF,74
Nikola Jovic,SF,67
Norman Powell,SF,70
Obi Toppin,SF,69
Omer Yurtseven,SF,69
Onyeka Okongwu,SF,69
P.J. Tucker,SF,69
PJ Dozier,SF,71
Pat Connaughton,SF,71
Patrick Baldwin Jr.,SF,66
Patty Mills,SF,65
Paul Reed,SF,70
Payton Pritchard,SF,72
Peyton Watson,SF,71
Quentin Grimes,SF,68
RJ Barrett,SF,70
Raul Neto,SF,69
Reggie Jackson,SF,73
Ricky Rubio,SF,68
Robert Covington,SF,67
Robert Williams III,SF,70
Robin Lopez,SF,72
Royce O'Neale,SF,69
Rudy Gobert,SF,70
Rui Hachimura,SF,70
Russell Westbrook,SF,72
Saddiq Bey,SF,69
Sam Hauser,SF,68
Santi Aldama,SF,70
Seth Curry,SF,70
Shake Milton,SF,71
Shaquille Harrison,SF,72
Spencer Dinwiddie,SF,71
Stephen Curry,SF,72
T.J. Warren,SF,68
Taurean Prince,SF,69
Terance Mann,SF,70
Terence Davis,SF,70
Terrence Ross,SF,68
Thanasis Antetokounmpo,SF,64
Tobias Harris,SF,70
Torrey Craig,SF,70
Trae Young,SF,73
Trey Lyles,SF,69
Tristan Thompson,SF,69
Troy Brown Jr.,SF,68
Tyler Herro,SF,70
Tyrese Maxey,SF,70
Tyus Jones,SF,70
Udonis Haslem,SF,67
Victor Oladipo,SF,69
Vlatko Cancar,SF,68
Wendell Moore Jr.,SF,65
Wenyen Gabriel,SF,68
Wesley Matthews,SF,69
Xavier Tillman,SF,70
Yuta Watanabe,SF,70
Zeke Nnaji,SF,69
Ziaire Williams,SF,71
