Name,Position,OverallRating,Season
Alex Mack,C,60,2015
Andy Gallik,C,60,2015
Ben Jones,C,60,2015
Brandon Linder,C,60,2015
Brian Schwenke,C,60,2015
Bryan Stork,C,60,2015
Chris Watt,C,60,2015
Cody Wallace,C,60,2015
Corey Linsley,C,60,2015
Dallas Reynolds,C,60,2015
David Andrews,C,60,2015
Demetrius Rhaney,C,60,2015
Drew Nowak,C,60,2015
Eric Wood,C,60,2015
Evan Smith,C,60,2015
Fernando Velasco,C,60,2015
Gino Gradkowski,C,60,2015
Hroniss Grasu,C,60,2015
J.D. Walton,C,60,2015
JC Tretter,C,60,2015
James Stone,C,60,2015
Jason Kelce,C,60,2015
Jeremy Zuttah,C,60,2015
Joe Hawley,C,60,2015
Joe Looney,C,60,2015
John Greco,C,60,2015
Jonotthan Harrison,C,60,2015
Justin Britt,C,60,2015
Khaled Holmes,C,60,2015
Kory Lichtensteiger,C,60,2015
Kraig Urbik,C,60,2015
Lyle Sendlein,C,60,2015
Marcus Martin,C,60,2015
Matt Paradis,C,60,2015
Max Unger,C,60,2015
Mike Pouncey,C,60,2015
Mitch Morse,C,60,2015
Nick Mangold,C,60,2015
Patrick Lewis,C,60,2015
Rodney Hudson,C,60,2015
Russell Bodine,C,60,2015
Ryan Jensen,C,60,2015
Ryan Kalil,C,60,2015
Spencer Long,C,60,2015
Tim Barnes,C,60,2015
Travis Frederick,C,60,2015
Travis Swanson,C,60,2015
Wesley Johnson,C,60,2015
Weston Richburg,C,60,2015
Will Montgomery,C,60,2015
A.J. Bouye,CB,60,2015
Aaron Colvin,CB,60,2015
Akeem King,CB,60,2015
Alan Ball,CB,60,2015
Antonio Cromartie,CB,60,2015
Aqib Talib,CB,60,2015
B.W. Webb,CB,60,2015
Bashaud Breeland,CB,60,2015
Bene' Benwikere,CB,60,2015
Bobby McCain,CB,60,2015
Bradley Roby,CB,60,2015
Brandon Browner,CB,60,2015
Brandon Carr,CB,60,2015
Brandon Flowers,CB,60,2015
Brent Grimes,CB,60,2015
Brice McCain,CB,60,2015
Bryce Callahan,CB,60,2015
Buster Skrine,CB,60,2015
Byron Jones,CB,60,2015
Byron Maxwell,CB,60,2015
Cary Williams,CB,60,2015
Casey Hayward,CB,60,2015
Charles Gaines,CB,60,2015
Charles Tillman,CB,60,2015
Chris Davis,CB,60,2015
Chris Harris,CB,60,2015
Chris Lewis-Harris,CB,60,2015
Cody Riggs,CB,60,2015
Coty Sensabaugh,CB,60,2015
Craig Mager,CB,60,2015
Crezdon Butler,CB,60,2015
D'Joun Smith,CB,60,2015
Damian Swann,CB,60,2015
Darius Slay,CB,60,2015
Darrin Walls,CB,60,2015
Dashaun Phillips,CB,60,2015
De'Ante Saunders,CB,60,2015
Dee Milliner,CB,60,2015
Deji Olatoye,CB,60,2015
Delvin Breaux,CB,60,2015
Desmond Trufant,CB,60,2015
Dexter McDonald,CB,60,2015
Dexter McDougle,CB,60,2015
Dominique Rodgers-Cromartie,CB,60,2015
Dre Kirkpatrick,CB,60,2015
Dwayne Gratz,CB,60,2015
E.J. Biggers,CB,60,2015
Eric Patterson,CB,60,2015
Eric Rowe,CB,60,2015
Jalen Collins,CB,60,2015
Jalil Brown,CB,60,2015
Jamar Taylor,CB,60,2015
Jamell Fleming,CB,60,2015
Janoris Jenkins,CB,60,2015
Jayron Hosley,CB,60,2015
Jeremy Lane,CB,60,2015
Jimmy Smith,CB,60,2015
Joe Haden,CB,60,2015
Johnathan Joseph,CB,60,2015
Josh Norman,CB,60,2015
Josh Shaw,CB,60,2015
Jude Adjei-Barimah,CB,60,2015
Justin Bethel,CB,60,2015
Justin Coleman,CB,60,2015
Keenan Lewis,CB,60,2015
Keith Reaser,CB,60,2015
Kenneth Acker,CB,60,2015
Kevin Johnson,CB,60,2015
Kyle Arrington,CB,60,2015
Kyle Fuller,CB,60,2015
LaDarius Gunter,CB,60,2015
Leodis McKelvin,CB,60,2015
Logan Ryan,CB,60,2015
Lorenzo Doss,CB,60,2015
Malcolm Butler,CB,60,2015
Marcus Peters,CB,60,2015
Mario Butler,CB,60,2015
Morris Claiborne,CB,60,2015
Neiko Thorpe,CB,60,2015
Nevin Lawson,CB,60,2015
Nick Marshall,CB,60,2015
Nolan Carroll,CB,60,2015
Patrick Peterson,CB,60,2015
Patrick Robinson,CB,60,2015
Perrish Cox,CB,60,2015
Phillip Gaines,CB,60,2015
Pierre Desir,CB,60,2015
Prince Amukamara,CB,60,2015
Quinten Rollins,CB,60,2015
Quinton Dunbar,CB,60,2015
Rashaan Melvin,CB,60,2015
Rashean Mathis,CB,60,2015
Richard Sherman,CB,60,2015
Robert Alford,CB,60,2015
Ron Brooks,CB,60,2015
Ronald Darby,CB,60,2015
Ross Cockrell,CB,60,2015
Sam Shields,CB,60,2015
Sean Richardson,CB,60,2015
Sean Smith,CB,60,2015
Sheldon Price,CB,60,2015
Stephon Gilmore,CB,60,2015
Sterling Moore,CB,60,2015
Steven Nelson,CB,60,2015
Tarell Brown,CB,60,2015
Terence Newman,CB,60,2015
Terrance Mitchell,CB,60,2015
Tim Jennings,CB,60,2015
Tracy Porter,CB,60,2015
Trae Waynes,CB,60,2015
Tramon Williams,CB,60,2015
Tray Walker,CB,60,2015
Trevin Wade,CB,60,2015
Troy Hill,CB,60,2015
Trumaine Johnson,CB,60,2015
Trumaine McBride,CB,60,2015
Tye Smith,CB,60,2015
Vontae Davis,CB,60,2015
Xavier Rhodes,CB,60,2015
Adam Jones,DB,60,2015
Adrian Phillips,DB,60,2015
Akeem Davis,DB,60,2015
Alterraun Verner,DB,60,2015
Andre Hal,DB,60,2015
Anthony Harris,DB,60,2015
Anthony Levine,DB,60,2015
Asa Jackson,DB,60,2015
Blidi Wreh-Wilson,DB,60,2015
Bradley Fletcher,DB,60,2015
Brandon Boykin,DB,60,2015
Brandon McGee,DB,60,2015
Brian Dixon,DB,60,2015
Brynden Trawick,DB,60,2015
Calvin Pryor,DB,60,2015
Captain Munnerlyn,DB,60,2015
Cariel Brooks,DB,60,2015
Cassius Vaughn,DB,60,2015
Charles James,DB,60,2015
Chris Banjo,DB,60,2015
Chris Clemons,DB,60,2015
Chris Culliver,DB,60,2015
Chris Maragos,DB,60,2015
Chris Owens,DB,60,2015
Chris Prosinski,DB,60,2015
Christian Bryant,DB,60,2015
Cody Davis,DB,60,2015
Colt Anderson,DB,60,2015
Cooper Taylor,DB,60,2015
Corey Moore,DB,60,2015
Cortez Allen,DB,60,2015
Cortland Finnegan,DB,60,2015
D.J. Hayden,DB,60,2015
Daniel Sorensen,DB,60,2015
Danny McCray,DB,60,2015
Darqueze Dennard,DB,60,2015
Darrell Stuckey,DB,60,2015
Darrelle Revis,DB,60,2015
Darryl Morris,DB,60,2015
Dashon Goldson,DB,60,2015
David Amerson,DB,60,2015
Davon House,DB,60,2015
DeShawn Shead,DB,60,2015
Demetri Goodson,DB,60,2015
Demetrius McCray,DB,60,2015
Demontre Hurst,DB,60,2015
Deshazor Everett,DB,60,2015
Dezmen Southward,DB,60,2015
Don Carey,DB,60,2015
Don Jones,DB,60,2015
Dontae Johnson,DB,60,2015
Dwight Bentley,DB,60,2015
Eddie Pleasant,DB,60,2015
Eric Berry,DB,60,2015
Eric Pinkins,DB,60,2015
Greg Ducre,DB,60,2015
Greg Toler,DB,60,2015
Harold Jones-Quartey,DB,60,2015
Ibraheim Campbell,DB,60,2015
Isaiah Johnson,DB,60,2015
J.J. Wilcox,DB,60,2015
Jairus Byrd,DB,60,2015
Jason Verrett,DB,60,2015
Jeremy Harris,DB,60,2015
Jerome Couplin,DB,60,2015
Jeron Johnson,DB,60,2015
Jerraud Powers,DB,60,2015
Johnathan Cyprien,DB,60,2015
Johnson Bademosi,DB,60,2015
Johnthan Banks,DB,60,2015
Jonathan Meeks,DB,60,2015
Jordan Kovacs,DB,60,2015
Josh Evans,DB,60,2015
Josh Robinson,DB,60,2015
Josh Thomas,DB,60,2015
Josh Wilson,DB,60,2015
Jumal Rolle,DB,60,2015
Justin Gilbert,DB,60,2015
Justin Rogers,DB,60,2015
K'Waun Williams,DB,60,2015
Kam Chancellor,DB,60,2015
Keith Tandy,DB,60,2015
Kimario McFadden,DB,60,2015
Kyle Wilson,DB,60,2015
L.J. McCray,DB,60,2015
Leon Hall,DB,60,2015
Leon McFadden,DB,60,2015
Leonard Johnson,DB,60,2015
Major Wright,DB,60,2015
Marcus Burley,DB,60,2015
Marcus Cooper,DB,60,2015
Marcus Cromartie,DB,60,2015
Marcus Roberson,DB,60,2015
Marcus Sherels,DB,60,2015
Marcus Williams,DB,60,2015
Marqueston Huff,DB,60,2015
Matt Daniels,DB,60,2015
Michael Thomas,DB,60,2015
Mike Jenkins,DB,60,2015
Nate Ebner,DB,60,2015
Nickell Robey-Coleman,DB,60,2015
Peyton Thompson,DB,60,2015
Phillip Adams,DB,60,2015
Rafael Bush,DB,60,2015
Robenson Therezie,DB,60,2015
Robert Blanton,DB,60,2015
Robert McClain,DB,60,2015
Ronald Martin,DB,60,2015
Rontez Miles,DB,60,2015
Ross Ventrone,DB,60,2015
Sergio Brown,DB,60,2015
Shamarko Thomas,DB,60,2015
Shareece Wright,DB,60,2015
Sherrick McManis,DB,60,2015
Sherrod Martin,DB,60,2015
Shiloh Keo,DB,60,2015
Steve Williams,DB,60,2015
Steven Terrell,DB,60,2015
T.J. Carrie,DB,60,2015
T.J. Ward,DB,60,2015
Teddy Williams,DB,60,2015
Tony Carter,DB,60,2015
Tony Lippett,DB,60,2015
Tramain Jacobs,DB,60,2015
Tramaine Brock,DB,60,2015
Tyler Patmon,DB,60,2015
Valentino Blake,DB,60,2015
Walt Aikens,DB,60,2015
Zack Bowman,DB,60,2015
Adrian Clayborn,DE,60,2015
Akiem Hicks,DE,60,2015
Aldon Smith,DE,60,2015
Alex Carrington,DE,60,2015
Alex Okafor,DE,60,2015
Allen Bailey,DE,60,2015
Andre Branch,DE,60,2015
Angelo Blackson,DE,60,2015
Antonio Smith,DE,60,2015
Armonty Bryant,DE,60,2015
Arthur Moats,DE,60,2015
Billy Winn,DE,60,2015
Bobby Richardson,DE,60,2015
Brad Bars,DE,60,2015
Brandon Bair,DE,60,2015
Brandon Graham,DE,60,2015
Brandon Williams,DE,60,2015
Brent Urban,DE,60,2015
Brian Robison,DE,60,2015
C.J. Wilson,DE,60,2015
Calais Campbell,DE,60,2015
Cameron Jordan,DE,60,2015
Carlos Dunlap,DE,60,2015
Chandler Jones,DE,60,2015
Charles Johnson,DE,60,2015
Chris Canty,DE,60,2015
Chris Clemons,DE,60,2015
Chris Long,DE,60,2015
Chris McCain,DE,60,2015
Christian Covington,DE,60,2015
Cliff Avril,DE,60,2015
Cory Redding,DE,60,2015
Courtney Upshaw,DE,60,2015
Da'Quan Bowers,DE,60,2015
Damontre Moore,DE,60,2015
Danielle Hunter,DE,60,2015
Darryl Tapp,DE,60,2015
Datone Jones,DE,60,2015
David King,DE,60,2015
DeMarcus Lawrence,DE,60,2015
Dee Ford,DE,60,2015
Demarcus Dobbs,DE,60,2015
Derek Wolfe,DE,60,2015
Derrick Shelby,DE,60,2015
Desmond Bryant,DE,60,2015
Devin Taylor,DE,60,2015
Dwight Freeney,DE,60,2015
Earl Okine,DE,60,2015
Ed Stinson,DE,60,2015
Ego Ferguson,DE,60,2015
Elvis Dumervil,DE,60,2015
Eugene Sims,DE,60,2015
Everson Griffen,DE,60,2015
Ezekiel Ansah,DE,60,2015
Frostee Rucker,DE,60,2015
Geneo Grissom,DE,60,2015
George Johnson,DE,60,2015
George Selvie,DE,60,2015
Greg Hardy,DE,60,2015
Henry Anderson,DE,60,2015
IK Enemkpali,DE,60,2015
J.J. Watt,DE,60,2015
Jabaal Sheard,DE,60,2015
Jacquies Smith,DE,60,2015
Jared Allen,DE,60,2015
Jared Crick,DE,60,2015
Jared Odrick,DE,60,2015
Jason Babin,DE,60,2015
Jason Hatcher,DE,60,2015
Jason Jones,DE,60,2015
Jay Ratliff,DE,60,2015
Jaye Howard,DE,60,2015
Jeoffrey Pagan,DE,60,2015
Jeremy Mincey,DE,60,2015
Jerry Hughes,DE,60,2015
Josh Boyd,DE,60,2015
Josh Mauro,DE,60,2015
Julius Peppers,DE,60,2015
Jurrell Casey,DE,60,2015
Justin Trattou,DE,60,2015
Justin Tuck,DE,60,2015
Kapron Lewis-Moore,DE,60,2015
Karl Klug,DE,60,2015
Kasim Edebali,DE,60,2015
Kedric Golston,DE,60,2015
Kendall Langford,DE,60,2015
Kenny Anunike,DE,60,2015
Kerry Wynn,DE,60,2015
Kony Ealy,DE,60,2015
Kourtnei Brown,DE,60,2015
Leger Douzable,DE,60,2015
Leonard Williams,DE,60,2015
Lerentee McCray,DE,60,2015
Letroy Guion,DE,60,2015
Malliciah Goodman,DE,60,2015
Margus Hunt,DE,60,2015
Mario Williams,DE,60,2015
Michael Bennett,DE,60,2015
Michael Johnson,DE,60,2015
Mike Daniels,DE,60,2015
Mike DeVito,DE,60,2015
Mike Martin,DE,60,2015
Muhammad Wilkerson,DE,60,2015
Nate Orchard,DE,60,2015
O'Brien Schofield,DE,60,2015
Olivier Vernon,DE,60,2015
Owa Odighizuwa,DE,60,2015
Paul Kruger,DE,60,2015
Paul Soliai,DE,60,2015
Phillip Hunt,DE,60,2015
Preston Smith,DE,60,2015
Randy Starks,DE,60,2015
Ricardo Mathews,DE,60,2015
Robert Ayers,DE,60,2015
Robert Quinn,DE,60,2015
Rodney Gunter,DE,60,2015
Ropati Pitoitua,DE,60,2015
Ryan Davis,DE,60,2015
Ryan Delaire,DE,60,2015
Ryan Kerrigan,DE,60,2015
Scott Crichton,DE,60,2015
Stephen Bowen,DE,60,2015
Stephon Tuitt,DE,60,2015
T.J. Fatinikun,DE,60,2015
Tank Carradine,DE,60,2015
Tavaris Barnes,DE,60,2015
Taylor Hart,DE,60,2015
Terrence Fede,DE,60,2015
Tony Jerod-Eddie,DE,60,2015
Trent Murphy,DE,60,2015
Tyrunn Walker,DE,60,2015
Tyson Alualu,DE,60,2015
Tyson Jackson,DE,60,2015
Vance Walker,DE,60,2015
Vic Beasley,DE,60,2015
Vinny Curry,DE,60,2015
Wallace Gilberry,DE,60,2015
Wes Horton,DE,60,2015
Whitney Mercilus,DE,60,2015
Will Clarke,DE,60,2015
William Hayes,DE,60,2015
Xavier Cooper,DE,60,2015
Za'Darius Smith,DE,60,2015
Zach Kerr,DE,60,2015
Aaron Donald,DL,60,2015
Mario Addison,DL,60,2015
A.J. Francis,DT,60,2015
Abry Jones,DT,60,2015
Akeem Spence,DT,60,2015
Al Woods,DT,60,2015
Andre Fluellen,DT,60,2015
Arik Armstead,DT,60,2015
Beau Allen,DT,60,2015
Bennie Logan,DT,60,2015
Brandon Mebane,DT,60,2015
Brandon Thompson,DT,60,2015
C.J. Mosley,DT,60,2015
Cam Thomas,DT,60,2015
Cameron Heyward,DT,60,2015
Caraun Reid,DT,60,2015
Carl Davis,DT,60,2015
Casey Walker,DT,60,2015
Cedric Thornton,DT,60,2015
Chris Baker,DT,60,2015
Clinton McDonald,DT,60,2015
Colin Cole,DT,60,2015
Corbin Bryant,DT,60,2015
Corey Liuget,DT,60,2015
Cullen Jenkins,DT,60,2015
D'Anthony Smith,DT,60,2015
DaQuan Jones,DT,60,2015
Damion Square,DT,60,2015
Damon Harrison,DT,60,2015
Dan McCullers,DT,60,2015
Dan Williams,DT,60,2015
Danny Shelton,DT,60,2015
Darius Philon,DT,60,2015
David Irving,DT,60,2015
David Parry,DT,60,2015
Deandre Coleman,DT,60,2015
Denico Autry,DT,60,2015
Dontari Poe,DT,60,2015
Doug Worthington,DT,60,2015
Dwan Edwards,DT,60,2015
Earl Mitchell,DT,60,2015
Ethan Westbrooks,DT,60,2015
Fletcher Cox,DT,60,2015
Frank Kearse,DT,60,2015
Gabe Wright,DT,60,2015
Geno Atkins,DT,60,2015
Gerald McCoy,DT,60,2015
Grady Jarrett,DT,60,2015
Haloti Ngata,DT,60,2015
Henry Melton,DT,60,2015
Jack Crawford,DT,60,2015
Jamie Meder,DT,60,2015
Jarvis Jenkins,DT,60,2015
Jay Bromley,DT,60,2015
Jermelle Cudjo,DT,60,2015
Joey Mbu,DT,60,2015
John Hughes,DT,60,2015
John Jenkins,DT,60,2015
Johnathan Hankins,DT,60,2015
Jonathan Babineaux,DT,60,2015
Jordan Hill,DT,60,2015
Jordan Phillips,DT,60,2015
Justin Ellis,DT,60,2015
Kawann Short,DT,60,2015
Kendall Reyes,DT,60,2015
Kenrick Ellis,DT,60,2015
Kevin Williams,DT,60,2015
Khyri Thornton,DT,60,2015
Kyle Love,DT,60,2015
Kyle Williams,DT,60,2015
Lawrence Guy,DT,60,2015
Leon Orr,DT,60,2015
Linval Joseph,DT,60,2015
Malcom Brown,DT,60,2015
Malik Jackson,DT,60,2015
Marcell Dareus,DT,60,2015
Mario Edwards,DT,60,2015
Markus Kuhn,DT,60,2015
Michael Bennett,DT,60,2015
Michael Brockers,DT,60,2015
Mike Pennel,DT,60,2015
Mitch Unrein,DT,60,2015
Montori Hughes,DT,60,2015
Nick Fairley,DT,60,2015
Nick Hayden,DT,60,2015
Nick Williams,DT,60,2015
Pat Sims,DT,60,2015
Quinton Dial,DT,60,2015
Ra'Shede Hageman,DT,60,2015
Rakeem Nunez-Roches,DT,60,2015
Red Bryant,DT,60,2015
Ricky Jean Francois,DT,60,2015
Roy Miller,DT,60,2015
Sealver Siliga,DT,60,2015
Sen'Derrick Marks,DT,60,2015
Shamar Stephen,DT,60,2015
Sharrif Floyd,DT,60,2015
Shelby Harris,DT,60,2015
Sheldon Richardson,DT,60,2015
Stacy McGee,DT,60,2015
Star Lotulelei,DT,60,2015
Stefan Charles,DT,60,2015
Stephen Paea,DT,60,2015
Sylvester Williams,DT,60,2015
T.J. Barnes,DT,60,2015
T.Y. McGill,DT,60,2015
Terrell McClain,DT,60,2015
Timmy Jernigan,DT,60,2015
Tom Johnson,DT,60,2015
Tony McDaniel,DT,60,2015
Tyeler Davison,DT,60,2015
Tyrone Crawford,DT,60,2015
William Gholston,DT,60,2015
Aaron Ripkowski,FB,60,2015
Anthony Sherman,FB,60,2015
Austin Johnson,FB,60,2015
Bruce Miller,FB,60,2015
Darrel Young,FB,60,2015
Derrick Coleman,FB,60,2015
Jay Prosch,FB,60,2015
Jerome Felton,FB,60,2015
Joey Iosefa,FB,60,2015
John Kuhn,FB,60,2015
Jorvorskie Lane,FB,60,2015
Kyle Juszczyk,FB,60,2015
Marcel Reece,FB,60,2015
Michael Burton,FB,60,2015
Mike Tolbert,FB,60,2015
Nikita Whitlock,FB,60,2015
Roosevelt Nix,FB,60,2015
Tommy Bohanon,FB,60,2015
Tyler Clutts,FB,60,2015
Tyler Varga,FB,60,2015
Will Tukuafu,FB,60,2015
Zach Line,FB,60,2015
Andrew Sendejo,FS,60,2015
Antoine Bethea,FS,60,2015
Bacarri Rambo,FS,60,2015
Charles Godfrey,FS,60,2015
Charles Woodson,FS,60,2015
Chris Conte,FS,60,2015
Corey Graham,FS,60,2015
D.J. Swearinger,FS,60,2015
Darius Butler,FS,60,2015
Derron Smith,FS,60,2015
Devin McCourty,FS,60,2015
Duke Ihenacho,FS,60,2015
Dwight Lowery,FS,60,2015
Earl Thomas,FS,60,2015
Ed Reynolds,FS,60,2015
Eric Weddle,FS,60,2015
Glover Quin,FS,60,2015
Harrison Smith,FS,60,2015
Husain Abdullah,FS,60,2015
Jaylen Watkins,FS,60,2015
Jordan Poyer,FS,60,2015
Jordan Richards,FS,60,2015
Josh Bush,FS,60,2015
Kenny Phillips,FS,60,2015
Kurtis Drummond,FS,60,2015
Lardarius Webb,FS,60,2015
Michael Griffin,FS,60,2015
Mike Adams,FS,60,2015
Rahim Moore,FS,60,2015
Rashad Johnson,FS,60,2015
Reggie Nelson,FS,60,2015
Reshad Jones,FS,60,2015
Ricardo Allen,FS,60,2015
Robert Golden,FS,60,2015
Rodney McLeod Jr.,FS,60,2015
Ron Parker,FS,60,2015
Tashaun Gipson,FS,60,2015
Tavon Wilson,FS,60,2015
Terrence Brooks,FS,60,2015
Tevin McDonald,FS,60,2015
Tre Boston,FS,60,2015
Tyrann Mathieu,FS,60,2015
Will Blackmon,FS,60,2015
William Gay,FS,60,2015
Winston Guy,FS,60,2015
A.J. Cann,G,60,2015
Ali Marpet,G,60,2015
Alvin Bailey,G,60,2015
Andrew Gardner,G,60,2015
Andrew Tiller,G,60,2015
Andrus Peat,G,60,2015
Andy Levitre,G,60,2015
Austin Pasztor,G,60,2015
Ben Grubbs,G,60,2015
Brandon Brooks,G,60,2015
Brandon Fusco,G,60,2015
Brandon Scherff,G,60,2015
Brent Qvale,G,60,2015
Brian Winters,G,60,2015
Byron Bell,G,60,2015
Cameron Erving,G,60,2015
Chance Warmack,G,60,2015
Chris Chester,G,60,2015
Chris Scott,G,60,2015
Clint Boling,G,60,2015
Cody Wichmann,G,60,2015
D.J. Fluker,G,60,2015
Dallas Thomas,G,60,2015
David DeCastro,G,60,2015
Denzelle Good,G,60,2015
Don Barclay,G,60,2015
Earl Watford,G,60,2015
Ereck Flowers,G,60,2015
Evan Mathis,G,60,2015
Gabe Jackson,G,60,2015
Geoff Schwartz,G,60,2015
Hugh Thornton,G,60,2015
J.R. Sweezy,G,60,2015
Jack Mewhort,G,60,2015
Jahri Evans,G,60,2015
James Carpenter,G,60,2015
James Hurst,G,60,2015
Jamil Douglas,G,60,2015
Jamon Brown,G,60,2015
Jamon Meredith,G,60,2015
Jeff Allen,G,60,2015
Jeremiah Poutasi,G,60,2015
Joe Berger,G,60,2015
Joel Bitonio,G,60,2015
John Miller,G,60,2015
John Urschel,G,60,2015
Jon Feliciano,G,60,2015
Jonathan Cooper,G,60,2015
Jordan Devey,G,60,2015
Josh Kline,G,60,2015
Josh LeRibeus,G,60,2015
Josh Sitton,G,60,2015
Justin Pugh,G,60,2015
Kelechi Osemele,G,60,2015
Kenny Wiggins,G,60,2015
Kevin Pamphile,G,60,2015
Kevin Zeitler,G,60,2015
Kyle Long,G,60,2015
Laken Tomlinson,G,60,2015
Lance Louis,G,60,2015
Larry Warford,G,60,2015
Laurent Duvernay-Tardif,G,60,2015
Logan Mankins,G,60,2015
Louis Vasquez,G,60,2015
Luke Joeckel,G,60,2015
Mackenzy Bernadeau,G,60,2015
Manny Ramirez,G,60,2015
Marshal Yanda,G,60,2015
Marshall Newhouse,G,60,2015
Matt Slauson,G,60,2015
Max Garcia,G,60,2015
Michael Harris,G,60,2015
Michael Schofield,G,60,2015
Mike Iupati,G,60,2015
Mike Person,G,60,2015
Mike Remmers,G,60,2015
Oday Aboushi,G,60,2015
Patrick Omameh,G,60,2015
Quinton Spain,G,60,2015
Ramon Foster,G,60,2015
Richie Incognito,G,60,2015
Rodger Saffold,G,60,2015
Ronald Leary,G,60,2015
Senio Kelemete,G,60,2015
Shaq Mason,G,60,2015
Shawn Lauvao,G,60,2015
Stefen Wisniewski,G,60,2015
T.J. Lang,G,60,2015
Ted Larsen,G,60,2015
Tim Lelito,G,60,2015
Todd Herremans,G,60,2015
Tom Compton,G,60,2015
Tony Bergstrom,G,60,2015
Trai Turner,G,60,2015
Tre Jackson,G,60,2015
Trevor Robinson,G,60,2015
Vladimir Ducasse,G,60,2015
Xavier Su'a-Filo,G,60,2015
Zach Fulton,G,60,2015
Zack Martin,G,60,2015
Zane Beadles,G,60,2015
Adarius Taylor,ILB,60,2015
Alec Ogletree,ILB,60,2015
Avery Williamson,ILB,60,2015
Benardrick McKinney,ILB,60,2015
Brandon Marshall,ILB,60,2015
Brian Cushing,ILB,60,2015
C.J. Mosley,ILB,60,2015
Connor Barwin,ILB,60,2015
Corey Nelson,ILB,60,2015
D'Qwell Jackson,ILB,60,2015
Danny Trevathan,ILB,60,2015
DeMeco Ryans,ILB,60,2015
James Laurinaitis,ILB,60,2015
Jerrell Freeman,ILB,60,2015
John Timu,ILB,60,2015
Jon Bostic,ILB,60,2015
Josh Bynes,ILB,60,2015
Josh Mauga,ILB,60,2015
Josh McNary,ILB,60,2015
Karlos Dansby,ILB,60,2015
Kenny Demens,ILB,60,2015
Kevin Minter,ILB,60,2015
Luke Kuechly,ILB,60,2015
Mark Barron,ILB,60,2015
Mason Foster,ILB,60,2015
Max Bullough,ILB,60,2015
Nate Irving,ILB,60,2015
Ramik Wilson,ILB,60,2015
Tank Carder,ILB,60,2015
Todd Davis,ILB,60,2015
Vince Williams,ILB,60,2015
Wesley Woodyard,ILB,60,2015
Will Compton,ILB,60,2015
Zach Orr,ILB,60,2015
Adam Vinatieri,K,60,2015
Andrew Franks,K,60,2015
Billy Cundiff,K,60,2015
Blair Walsh,K,60,2015
Brandon McManus,K,60,2015
Cairo Santos,K,60,2015
Caleb Sturgis,K,60,2015
Chandler Catanzaro,K,60,2015
Chris Boswell,K,60,2015
Cody Parkey,K,60,2015
Connor Barth,K,60,2015
Dan Bailey,K,60,2015
Dan Carpenter,K,60,2015
Dustin Hopkins,K,60,2015
Graham Gano,K,60,2015
Greg Zuerlein,K,60,2015
Jason Myers,K,60,2015
Jordan Gay,K,60,2015
Josh Brown,K,60,2015
Josh Lambo,K,60,2015
Josh Scobee,K,60,2015
Justin Tucker,K,60,2015
Kai Forbath,K,60,2015
Kyle Brindza,K,60,2015
Mason Crosby,K,60,2015
Matt Bryant,K,60,2015
Matt Prater,K,60,2015
Mike Nugent,K,60,2015
Nick Folk,K,60,2015
Nick Novak,K,60,2015
Phil Dawson,K,60,2015
Randy Bullock,K,60,2015
Robbie Gould,K,60,2015
Ryan Succop,K,60,2015
Sebastian Janikowski,K,60,2015
Shayne Graham,K,60,2015
Stephen Gostkowski,K,60,2015
Steven Hauschka,K,60,2015
Travis Coons,K,60,2015
Zach Hocker,K,60,2015
A.J. Hawk,LB,60,2015
Akeem Ayers,LB,60,2015
Alani Fua,LB,60,2015
Albert McClellan,LB,60,2015
Allen Bradford,LB,60,2015
Andrew Gachkar,LB,60,2015
Anthony Chickillo,LB,60,2015
Arthur Brown,LB,60,2015
Ben Heeney,LB,60,2015
Ben Jacobs,LB,60,2015
Brad Jones,LB,60,2015
Brandon King,LB,60,2015
Brandon Watts,LB,60,2015
Brian Peters,LB,60,2015
Brock Coyle,LB,60,2015
Brooks Reed,LB,60,2015
Bruce Carter,LB,60,2015
Bruce Irvin,LB,60,2015
Bryan Braman,LB,60,2015
Cameron Lynch,LB,60,2015
Cameron Wake,LB,60,2015
Carlos Fields,LB,60,2015
Carlos Thompson,LB,60,2015
Cassius Marsh,LB,60,2015
Chris Carter,LB,60,2015
Chris Smith,LB,60,2015
Cordarro Law,LB,60,2015
Craig Robertson,LB,60,2015
D.J. Alexander,LB,60,2015
Daniel Adongo,LB,60,2015
Dannell Ellerbe,LB,60,2015
Daren Bates,LB,60,2015
Darius Fleming,LB,60,2015
Deiontrez Mount,LB,60,2015
Dekoda Watson,LB,60,2015
Derrick Johnson,LB,60,2015
Dewey McDonald,LB,60,2015
Dezman Moses,LB,60,2015
Edmond Robinson,LB,60,2015
Eli Harold,LB,60,2015
Erik Walden,LB,60,2015
Frank Clark,LB,60,2015
Frank Zombo,LB,60,2015
Gabe Martin,LB,60,2015
Gerald Hodges,LB,60,2015
Hayes Pullard,LB,60,2015
Houston Bates,LB,60,2015
Howard Jones,LB,60,2015
J.R. Tavai,LB,60,2015
Jake Ryan,LB,60,2015
Jamari Lattimore,LB,60,2015
James Morris,LB,60,2015
James-Michael Johnson,LB,60,2015
Jason Pierre-Paul,LB,60,2015
Jason Trusnik,LB,60,2015
Jay Elliott,LB,60,2015
Jelani Jenkins,LB,60,2015
Jeremiah Attaochu,LB,60,2015
Jeremiah George,LB,60,2015
Joe Mays,LB,60,2015
John Lotulelei,LB,60,2015
John Simon,LB,60,2015
Jonathan Anderson,LB,60,2015
Jonathan Freeny,LB,60,2015
Joplo Bartu,LB,60,2015
Jordan Tripp,LB,60,2015
Josh Keyes,LB,60,2015
Josh Shirley,LB,60,2015
Justin Staples,LB,60,2015
Kelvin Sheppard,LB,60,2015
Kevin Pierre-Louis,LB,60,2015
Kevin Reddick,LB,60,2015
Korey Toomer,LB,60,2015
Kyle Wilber,LB,60,2015
LaRoy Reynolds,LB,60,2015
Lamarr Houston,LB,60,2015
Lamin Barrow,LB,60,2015
Landon Collins,LB,60,2015
Marcus Smith,LB,60,2015
Markus Golden,LB,60,2015
Martrell Spaight,LB,60,2015
Maurice Alexander,LB,60,2015
Melvin Ingram,LB,60,2015
Michael Mauti,LB,60,2015
Mike Hull,LB,60,2015
Mychal Kendricks,LB,60,2015
Najee Goode,LB,60,2015
Nate Palmer,LB,60,2015
Neville Hewitt,LB,60,2015
Nick Bellore,LB,60,2015
Nick Dzubnar,LB,60,2015
Obum Gwacham,LB,60,2015
Orie Lemon,LB,60,2015
Paul Dawson,LB,60,2015
Paul Worrilow,LB,60,2015
Pernell McPhee,LB,60,2015
Ramon Humber,LB,60,2015
Randy Gregory,LB,60,2015
Ray-Ray Armstrong,LB,60,2015
Rufus Johnson,LB,60,2015
Ryan Shazier,LB,60,2015
Sam Acho,LB,60,2015
Sam Barrington,LB,60,2015
Scott Solomon,LB,60,2015
Sean Spence,LB,60,2015
Sean Weatherspoon,LB,60,2015
Shane Ray,LB,60,2015
Shaquil Barrett,LB,60,2015
Shayne Skov,LB,60,2015
Spencer Paysinger,LB,60,2015
Stephone Anthony,LB,60,2015
Steven Johnson,LB,60,2015
Terence Garvin,LB,60,2015
Terrance Plummer,LB,60,2015
Thurston Armbrister,LB,60,2015
Tony Steward,LB,60,2015
Trevor Roach,LB,60,2015
Tyler Starr,LB,60,2015
Uani' Unga,LB,60,2015
Zach Vigil,LB,60,2015
Aaron Brewer,LS,60,2015
Andrew DePaola,LS,60,2015
Beau Brinkley,LS,60,2015
Carson Tinker,LS,60,2015
Charley Hughlett,LS,60,2015
Clark Harris,LS,60,2015
Clint Gresham,LS,60,2015
Danny Aiken,LS,60,2015
Don Muhlbach,LS,60,2015
Garrison Sanborn,LS,60,2015
J.J. Jansen,LS,60,2015
Jake McQuaide,LS,60,2015
James Winchester,LS,60,2015
Joe Cardona,LS,60,2015
John Denney,LS,60,2015
Jon Condo,LS,60,2015
Jon Dorenbos,LS,60,2015
Jon Weeks,LS,60,2015
Josh Harris,LS,60,2015
Justin Drescher,LS,60,2015
Kevin McDermott,LS,60,2015
Kyle Nelson,LS,60,2015
L.P. LaDouceur,LS,60,2015
Matt Overton,LS,60,2015
Mike Leach,LS,60,2015
Mike Windt,LS,60,2015
Morgan Cox,LS,60,2015
Nick Sundberg,LS,60,2015
Rick Lovato,LS,60,2015
Tanner Purdum,LS,60,2015
Thomas Gafford,LS,60,2015
Tyler Ott,LS,60,2015
Zak DeOssie,LS,60,2015
Anthony Hitchens,MLB,60,2015
Audie Cole,MLB,60,2015
Bobby Wagner,MLB,60,2015
Curtis Lofton,MLB,60,2015
Denzel Perryman,MLB,60,2015
Eric Kendricks,MLB,60,2015
Jasper Brinkley,MLB,60,2015
Jerod Mayo,MLB,60,2015
Jon Beason,MLB,60,2015
Jordan Hicks,MLB,60,2015
Kwon Alexander,MLB,60,2015
Kyle Van Noy,MLB,60,2015
Malcolm Smith,MLB,60,2015
Manti Te'o,MLB,60,2015
NaVorro Bowman,MLB,60,2015
Nate Stupar,MLB,60,2015
Paul Posluszny,MLB,60,2015
Perry Riley,MLB,60,2015
Preston Brown,MLB,60,2015
Rolando McClain,MLB,60,2015
Trevor Reilly,MLB,60,2015
Ahtyba Rubin,NT,60,2015
Alan Branch,NT,60,2015
B.J. Raji,NT,60,2015
Brandon Dunn,NT,60,2015
Bruce Gaston,NT,60,2015
Darius Kilgo,NT,60,2015
Domata Peko Sr.,NT,60,2015
Eddie Goldman,NT,60,2015
Glenn Dorsey,NT,60,2015
Ian Williams,NT,60,2015
Mike Purcell,NT,60,2015
Ndamukong Suh,NT,60,2015
Robert Thomas,NT,60,2015
Ryan Carrethers,NT,60,2015
Sammie Lee Hill,NT,60,2015
Sean Lissemore,NT,60,2015
Steve McLendon,NT,60,2015
Terrance Knighton,NT,60,2015
Vince Wilfork,NT,60,2015
Will Sutton,NT,60,2015
Xavier Williams,NT,60,2015
A.J. Klein,OLB,60,2015
A.J. Tarpley,OLB,60,2015
Aaron Lynch,OLB,60,2015
Ahmad Brooks,OLB,60,2015
Akeem Dent,OLB,60,2015
Andy Mulumba,OLB,60,2015
Anthony Barr,OLB,60,2015
Barkevious Mingo,OLB,60,2015
Benson Mayowa,OLB,60,2015
Bjoern Werner,OLB,60,2015
Brandon Copeland,OLB,60,2015
Brian Orakpo,OLB,60,2015
Bryce Hager,OLB,60,2015
Bud Dupree,OLB,60,2015
Calvin Pace,OLB,60,2015
Cam Johnson,OLB,60,2015
Chad Greenway,OLB,60,2015
Christian Jones,OLB,60,2015
Christian Kirksey,OLB,60,2015
Clay Matthews,OLB,60,2015
Corey Lemonier,OLB,60,2015
Damien Wilson,OLB,60,2015
Dan Skuta,OLB,60,2015
Danny Lansanah,OLB,60,2015
Daryl Smith,OLB,60,2015
David Bass,OLB,60,2015
David Harris,OLB,60,2015
David Hawthorne,OLB,60,2015
David Mayo,OLB,60,2015
DeMarcus Ware,OLB,60,2015
Demario Davis,OLB,60,2015
Deone Bucannon,OLB,60,2015
Derrick Morgan,OLB,60,2015
Devon Kennard,OLB,60,2015
Dominique Easley,OLB,60,2015
Donald Butler,OLB,60,2015
Dont'a Hightower,OLB,60,2015
Emmanuel Lamur,OLB,60,2015
Eric Martin,OLB,60,2015
Erin Henderson,OLB,60,2015
Hau'oli Kikaha,OLB,60,2015
J.T. Thomas,OLB,60,2015
Jackson Jeffcoat,OLB,60,2015
Jadeveon Clowney,OLB,60,2015
James Anderson,OLB,60,2015
James Harrison,OLB,60,2015
Jamie Collins,OLB,60,2015
Jarvis Jones,OLB,60,2015
Jo-Lonn Dunbar,OLB,60,2015
Joe Thomas,OLB,60,2015
Jonathan Casillas,OLB,60,2015
Jonathan Newsome,OLB,60,2015
Justin Durant,OLB,60,2015
Justin Houston,OLB,60,2015
Justin Tuggle,OLB,60,2015
K.J. Wright,OLB,60,2015
Kareem Martin,OLB,60,2015
Kavell Conner,OLB,60,2015
Keenan Robinson,OLB,60,2015
Khalil Mack,OLB,60,2015
Kiko Alonso,OLB,60,2015
Koa Misi,OLB,60,2015
Kroy Biermann,OLB,60,2015
Kyle Emanuel,OLB,60,2015
LaMarr Woodley,OLB,60,2015
Lavonte David,OLB,60,2015
Lawrence Timmons,OLB,60,2015
Lorenzo Alexander,OLB,60,2015
Lorenzo Mauldin,OLB,60,2015
Manny Lawson,OLB,60,2015
Mark Herzlich,OLB,60,2015
Matt Longacre,OLB,60,2015
Michael Wilhoite,OLB,60,2015
Mike Catapano,OLB,60,2015
Mike Mohamed,OLB,60,2015
Mike Morgan,OLB,60,2015
Mike Neal,OLB,60,2015
Neiron Ball,OLB,60,2015
Nick Perry,OLB,60,2015
Nigel Bradham,OLB,60,2015
Philip Wheeler,OLB,60,2015
Quinton Coples,OLB,60,2015
Randell Johnson,OLB,60,2015
Rey Maualuga,OLB,60,2015
Rob Ninkovich,OLB,60,2015
Robert Mathis,OLB,60,2015
Sean Lee,OLB,60,2015
Shaq Thompson,OLB,60,2015
Shea McClellin,OLB,60,2015
Sio Moore,OLB,60,2015
Stephen Tulloch,OLB,60,2015
Tahir Whitehead,OLB,60,2015
Tamba Hali,OLB,60,2015
Telvin Smith,OLB,60,2015
Thomas Davis,OLB,60,2015
Travis Lewis,OLB,60,2015
Trent Cole,OLB,60,2015
Vincent Rey,OLB,60,2015
Von Miller,OLB,60,2015
Vontaze Burfict,OLB,60,2015
Willie Young,OLB,60,2015
Zach Brown,OLB,60,2015
Alejandro Villanueva,OT,60,2015
Alex Boone,OT,60,2015
Allen Barbre,OT,60,2015
Andre Smith,OT,60,2015
Andrew Whitworth,OT,60,2015
Anthony Castonzo,OT,60,2015
Austin Howard,OT,60,2015
Billy Turner,OT,60,2015
Bobby Hart,OT,60,2015
Bobby Massie,OT,60,2015
Branden Albert,OT,60,2015
Breno Giacomini,OT,60,2015
Bryan Bulaga,OT,60,2015
Bryce Harris,OT,60,2015
Cameron Fleming,OT,60,2015
Cedric Ogbuehi,OT,60,2015
Charles Brown,OT,60,2015
Charles Leno Jr.,OT,60,2015
Chris Clark,OT,60,2015
Chris Hairston,OT,60,2015
Cordy Glenn,OT,60,2015
Cornelius Lucas,OT,60,2015
Cyrus Kouandjio,OT,60,2015
D'Brickashaw Ferguson,OT,60,2015
David Bakhtiari,OT,60,2015
Demar Dotson,OT,60,2015
Dennis Kelly,OT,60,2015
Derek Newton,OT,60,2015
Donald Penn,OT,60,2015
Donald Stephenson,OT,60,2015
Donovan Smith,OT,60,2015
Doug Free,OT,60,2015
Duane Brown,OT,60,2015
Eric Fisher,OT,60,2015
Eric Winston,OT,60,2015
Erik Pears,OT,60,2015
Eugene Monroe,OT,60,2015
Garrett Reynolds,OT,60,2015
Garry Gilliam,OT,60,2015
Gosder Cherilus,OT,60,2015
Greg Robinson,OT,60,2015
J'Marcus Webb,OT,60,2015
Ja'Wuan James,OT,60,2015
Jah Reid,OT,60,2015
Jake Fisher,OT,60,2015
Jake Matthews,OT,60,2015
Jared Veldheer,OT,60,2015
Jason Fox,OT,60,2015
Jason Peters,OT,60,2015
Jermey Parnell,OT,60,2015
Jermon Bushrod,OT,60,2015
Joe Barksdale,OT,60,2015
Joe Reitz,OT,60,2015
Joe Staley,OT,60,2015
Joe Thomas,OT,60,2015
John Jerry,OT,60,2015
Jordan Mills,OT,60,2015
Kelvin Beachum,OT,60,2015
Kendall Lamm,OT,60,2015
Khalif Barnes,OT,60,2015
King Dunlap,OT,60,2015
La'el Collins,OT,60,2015
LaAdrian Waddle,OT,60,2015
Lane Johnson,OT,60,2015
Marcus Cannon,OT,60,2015
Marcus Gilbert,OT,60,2015
Matt Kalil,OT,60,2015
Matt Tobin,OT,60,2015
Michael Oher,OT,60,2015
Michael Ola,OT,60,2015
Mitchell Schwartz,OT,60,2015
Morgan Moses,OT,60,2015
Nate Solder,OT,60,2015
Orlando Franklin,OT,60,2015
Reid Fragel,OT,60,2015
Rick Wagner,OT,60,2015
Riley Reiff,OT,60,2015
Rob Havenstein,OT,60,2015
Russell Okung,OT,60,2015
Ryan Harris,OT,60,2015
Ryan Schraeder,OT,60,2015
Seantrel Henderson,OT,60,2015
Sebastian Vollmer,OT,60,2015
T.J. Clemmings,OT,60,2015
Taylor Lewan,OT,60,2015
Terron Armstead,OT,60,2015
Tony Hills,OT,60,2015
Trent Williams,OT,60,2015
Ty Nsekhe,OT,60,2015
Ty Sambrailo,OT,60,2015
Tyler Polumbus,OT,60,2015
Tyreek Burwell,OT,60,2015
Tyron Smith,OT,60,2015
Zach Strief,OT,60,2015
Andy Lee,P,60,2015
Brad Nortman,P,60,2015
Brad Wing,P,60,2015
Bradley Pinion,P,60,2015
Brandon Fields,P,60,2015
Brett Kern,P,60,2015
Britton Colquitt,P,60,2015
Bryan Anger,P,60,2015
Chris Jones,P,60,2015
Colton Schmidt,P,60,2015
Donnie Jones,P,60,2015
Drew Butler,P,60,2015
Dustin Colquitt,P,60,2015
Jacob Schum,P,60,2015
Jeff Locke,P,60,2015
Johnny Hekker,P,60,2015
Jon Ryan,P,60,2015
Jordan Berry,P,60,2015
Kevin Huber,P,60,2015
Marquette King,P,60,2015
Matt Bosher,P,60,2015
Matt Darr,P,60,2015
Mike Scifres,P,60,2015
Pat O'Donnell,P,60,2015
Patrick McAfee,P,60,2015
Ryan Allen,P,60,2015
Ryan Quigley,P,60,2015
Sam Koch,P,60,2015
Sam Martin,P,60,2015
Shane Lechler,P,60,2015
Spencer Lanning,P,60,2015
Steve Weatherford,P,60,2015
Thomas Morstead,P,60,2015
Tim Masthay,P,60,2015
Tress Way,P,60,2015
Carson Palmer,QB,99,2015
Tom Brady,QB,99,2015
Cam Newton,QB,96,2015
Russell Wilson,QB,96,2015
Blake Bortles,QB,94,2015
Eli Manning,QB,94,2015
Aaron Rodgers,QB,93,2015
Drew Brees,QB,93,2015
Matthew Stafford,QB,92,2015
Derek Carr,QB,91,2015
Kirk Cousins,QB,91,2015
Philip Rivers,QB,91,2015
Ryan Fitzpatrick,QB,90,2015
Ryan Tannehill,QB,87,2015
Ben Roethlisberger,QB,86,2015
Matt Ryan,QB,86,2015
Alex Smith,QB,85,2015
Jameis Winston,QB,85,2015
Andy Dalton,QB,84,2015
Jay Cutler,QB,83,2015
Sam Bradford,QB,82,2015
Tyrod Taylor,QB,81,2015
Marcus Mariota,QB,80,2015
Brian Hoyer,QB,79,2015
Teddy Bridgewater,QB,78,2015
Joe Flacco,QB,77,2015
Peyton Manning,QB,75,2015
Andrew Luck,QB,74,2015
Josh McCown,QB,73,2015
Blaine Gabbert,QB,72,2015
Brock Osweiler,QB,72,2015
Matt Hasselbeck,QB,70,2015
Nick Foles,QB,70,2015
Johnny Manziel,QB,69,2015
Colin Kaepernick,QB,68,2015
AJ McCarron,QB,67,2015
Matt Cassel,QB,67,2015
Ryan Mallett,QB,67,2015
Brandon Weeden,QB,66,2015
Tony Romo,QB,66,2015
Case Keenum,QB,65,2015
Kellen Moore,QB,65,2015
Zach Mettenberger,QB,65,2015
Mark Sanchez,QB,64,2015
EJ Manuel,QB,63,2015
Jimmy Clausen,QB,63,2015
Landry Jones,QB,63,2015
Matt Schaub,QB,63,2015
T.J. Yates,QB,63,2015
Austin Davis,QB,62,2015
Geno Smith,QB,62,2015
Matt McGloin,QB,62,2015
Mike Vick,QB,62,2015
Alex Tanney,QB,61,2015
Colt McCoy,QB,61,2015
Dan Orlovsky,QB,61,2015
Josh Freeman,QB,61,2015
Kellen Clemens,QB,61,2015
Luke McCown,QB,61,2015
Ryan Lindley,QB,61,2015
Ryan Nassib,QB,61,2015
Charlie Whitehurst,QB,60,2015
Chase Daniel,QB,60,2015
Derek Anderson,QB,60,2015
Drew Stanton,QB,60,2015
Jimmy Garoppolo,QB,60,2015
Joe Webb,QB,60,2015
Matt Moore,QB,60,2015
Scott Tolzien,QB,60,2015
Sean Mannion,QB,60,2015
Sean Renfree,QB,60,2015
Shaun Hill,QB,60,2015
Tarvaris Jackson,QB,60,2015
Trevor Siemian,QB,60,2015
Adrian Peterson,RB,99,2015
Devonta Freeman,RB,94,2015
Jeremy Hill,RB,93,2015
DeAngelo Williams,RB,92,2015
Todd Gurley,RB,92,2015
Jonathan Stewart,RB,91,2015
Doug Martin,RB,88,2015
Chris Ivory,RB,86,2015
Lamar Miller,RB,86,2015
C.J. Anderson,RB,85,2015
David Johnson,RB,85,2015
Latavius Murray,RB,84,2015
Ronnie Hillman,RB,84,2015
Frank Gore,RB,83,2015
Mark Ingram,RB,81,2015
DeMarco Murray,RB,80,2015
Karlos Williams,RB,80,2015
LeGarrette Blount,RB,80,2015
Spencer Ware,RB,79,2015
Charcandrick West,RB,78,2015
Darren McFadden,RB,78,2015
Eddie Lacy,RB,78,2015
Jeremy Langford,RB,78,2015
Matt Forte,RB,78,2015
Ryan Mathews,RB,78,2015
Thomas Rawls,RB,77,2015
Isaiah Crowell,RB,76,2015
LeSean McCoy,RB,76,2015
Rashad Jennings,RB,76,2015
Chris Johnson,RB,75,2015
James Starks,RB,74,2015
Alfred Blue,RB,73,2015
Giovani Bernard,RB,73,2015
Antonio Andrews,RB,72,2015
Jamaal Charles,RB,72,2015
Le'Veon Bell,RB,72,2015
T.J. Yeldon,RB,72,2015
Tim Hightower,RB,72,2015
Alfred Morris,RB,71,2015
Ameer Abdullah,RB,71,2015
Carlos Hyde,RB,71,2015
Joique Bell,RB,71,2015
Joseph Randle,RB,71,2015
Justin Forsett,RB,71,2015
Marshawn Lynch,RB,71,2015
Matt Jones,RB,71,2015
Danny Woodhead,RB,70,2015
Khiry Robinson,RB,70,2015
Andre Ellington,RB,69,2015
Darren Sproles,RB,69,2015
Mike Gillislee,RB,69,2015
Javorius Allen,RB,68,2015
Dion Lewis,RB,67,2015
Jerick McKinnon,RB,67,2015
Melvin Gordon,RB,67,2015
Bilal Powell,RB,66,2015
Charles Sims,RB,66,2015
Chris Polk,RB,66,2015
Ka'Deem Carey,RB,66,2015
Tevin Coleman,RB,66,2015
Andre Williams,RB,65,2015
Denard Robinson,RB,65,2015
Donald Brown,RB,65,2015
James White,RB,65,2015
Jonathan Grimes,RB,65,2015
Shaun Draughn,RB,65,2015
Steven Jackson,RB,65,2015
Arian Foster,RB,64,2015
Bishop Sankey,RB,64,2015
Cameron Artis-Payne,RB,64,2015
Christine Michael,RB,64,2015
David Cobb,RB,64,2015
Duke Johnson,RB,64,2015
Fitzgerald Toussaint,RB,64,2015
Jay Ajayi,RB,64,2015
Kerwynn Williams,RB,64,2015
Orleans Darkwa,RB,64,2015
Robert Turbin,RB,64,2015
Tre Mason,RB,64,2015
Brandon Bolden,RB,63,2015
Bryce Brown,RB,63,2015
Chris Thompson,RB,63,2015
Fozzy Whittaker,RB,63,2015
Jamize Olawale,RB,63,2015
Knile Davis,RB,63,2015
Shane Vereen,RB,63,2015
Terrance West,RB,63,2015
Terron Ward,RB,63,2015
Zac Stacy,RB,63,2015
Anthony Dixon,RB,62,2015
Benny Cunningham,RB,62,2015
DuJuan Harris,RB,62,2015
Jalston Fowler,RB,62,2015
Jonas Gray,RB,62,2015
Lorenzo Taliaferro,RB,62,2015
Theo Riddick,RB,62,2015
Will Johnson,RB,62,2015
Ahmad Bradshaw,RB,61,2015
Akeem Hunt,RB,61,2015
Branden Oliver,RB,61,2015
C.J. Spiller,RB,61,2015
Damien Williams,RB,61,2015
Dan Herron,RB,61,2015
Fred Jackson,RB,61,2015
Jarryd Hayne,RB,61,2015
Jordan Todman,RB,61,2015
Juwan Thompson,RB,61,2015
Kenjon Barner,RB,61,2015
Lance Dunbar,RB,61,2015
Matt Asiata,RB,61,2015
Mike Davis,RB,61,2015
Pierre Thomas,RB,61,2015
Stepfan Taylor,RB,61,2015
Stevan Ridley,RB,61,2015
Taiwan Jones,RB,61,2015
Toby Gerhart,RB,61,2015
Zach Zenner,RB,61,2015
Alonzo Harris,RB,60,2015
Antone Smith,RB,60,2015
Bernard Pierce,RB,60,2015
Bobby Rainey,RB,60,2015
Cedric Peerman,RB,60,2015
Chase Reynolds,RB,60,2015
Cierre Wood,RB,60,2015
Cordarrelle Patterson,RB,60,2015
Corey Grant,RB,60,2015
Dri Archer,RB,60,2015
George Winn,RB,60,2015
Glenn Winston,RB,60,2015
Isaiah Pead,RB,60,2015
Jacquizz Rodgers,RB,60,2015
Joe Banyard,RB,60,2015
John Crockett,RB,60,2015
Josh Robinson,RB,60,2015
Kapri Bibbs,RB,60,2015
Kendall Gaskins,RB,60,2015
Kendall Hunter,RB,60,2015
LaMichael James,RB,60,2015
Malcolm Brown,RB,60,2015
Malcolm Johnson,RB,60,2015
Marcus Murphy,RB,60,2015
Patrick DiMarco,RB,60,2015
Raheem Mostert,RB,60,2015
Reggie Bush,RB,60,2015
Rex Burkhead,RB,60,2015
Rod Smith,RB,60,2015
Roy Helu,RB,60,2015
Terrence Magee,RB,60,2015
Travaris Cadet,RB,60,2015
Trey Williams,RB,60,2015
Zurlon Tipton,RB,60,2015
Aaron Williams,S,60,2015
Adrian Amos,S,60,2015
Antone Exum,S,60,2015
Antrel Rolle,S,60,2015
Barry Church,S,60,2015
Bradley McDougald,S,60,2015
Brandon Meriweather,S,60,2015
Clayton Geathers,S,60,2015
Colin Jones,S,60,2015
Corey White,S,60,2015
Craig Dahl,S,60,2015
Da'Norris Searcy,S,60,2015
Daimion Stafford,S,60,2015
Damarious Randall,S,60,2015
Darian Stewart,S,60,2015
David Bruton,S,60,2015
DeAngelo Hall,S,60,2015
Dean Marlowe,S,60,2015
Dion Bailey,S,60,2015
Donte Whitner,S,60,2015
Duke Williams,S,60,2015
Duron Harmon,S,60,2015
Eric Reid,S,60,2015
George Iloka,S,60,2015
Ha Ha Clinton-Dix,S,60,2015
Isa Abdul-Quddus,S,60,2015
Jahleel Addae,S,60,2015
Jamarca Sanford,S,60,2015
James Ihedigbo,S,60,2015
James Sample,S,60,2015
Jaquiski Tartt,S,60,2015
Jason McCourty,S,60,2015
Jeff Heath,S,60,2015
Jimmy Wilson,S,60,2015
Kareem Jackson,S,60,2015
Kayvon Webster,S,60,2015
Keith McGill,S,60,2015
Kelcie McCray,S,60,2015
Kemal Ishmael,S,60,2015
Kendrick Lewis,S,60,2015
Kenny Vaccaro,S,60,2015
Kurt Coleman,S,60,2015
Kyshoen Jarrett,S,60,2015
Lamarcus Joyner,S,60,2015
Larry Asante,S,60,2015
Malcolm Jenkins,S,60,2015
Marcus Gilchrist,S,60,2015
Micah Hyde,S,60,2015
Mike Mitchell,S,60,2015
Morgan Burnett,S,60,2015
Nate Allen,S,60,2015
Omar Bolden,S,60,2015
Patrick Chung,S,60,2015
Quandre Diggs,S,60,2015
Quintin Demps,S,60,2015
Roman Harper,S,60,2015
Shawn Williams,S,60,2015
T.J. McDonald,S,60,2015
Taylor Mays,S,60,2015
Tony Jefferson,S,60,2015
Trenton Robinson,S,60,2015
Tyvon Branch,S,60,2015
Walter Thurmond,S,60,2015
Will Allen,S,60,2015
Will Davis,S,60,2015
Will Hill,S,60,2015
William Moore,S,60,2015
Jimmie Ward,SAF,60,2015
Lonnie Ballentine,SAF,60,2015
Shamiel Gary,SAF,60,2015
Rob Gronkowski,TE,99,2015
Jordan Reed,TE,92,2015
Tyler Eifert,TE,90,2015
Greg Olsen,TE,88,2015
Gary Barnidge,TE,87,2015
Jordan Matthews,TE,84,2015
Delanie Walker,TE,82,2015
Richard Rodgers,TE,80,2015
Benjamin Watson,TE,79,2015
Travis Kelce,TE,79,2015
Antonio Gates,TE,75,2015
Owen Daniels,TE,75,2015
Eric Ebron,TE,74,2015
Kyle Rudolph,TE,74,2015
Jason Witten,TE,73,2015
Julius Thomas,TE,73,2015
Zach Miller,TE,73,2015
Zach Ertz,TE,72,2015
Charles Clay,TE,71,2015
Crockett Gillmore,TE,71,2015
Darren Fells,TE,71,2015
Ladarius Green,TE,71,2015
Austin Seferian-Jenkins,TE,70,2015
Coby Fleener,TE,70,2015
Jimmy Graham,TE,70,2015
Martellus Bennett,TE,70,2015
Scott Chandler,TE,70,2015
Will Tye,TE,70,2015
Brent Celek,TE,69,2015
Clive Walford,TE,69,2015
Heath Miller,TE,69,2015
Jacob Tamme,TE,69,2015
Jordan Cameron,TE,69,2015
Vance McDonald,TE,69,2015
Cameron Brate,TE,68,2015
Garrett Celek,TE,67,2015
Anthony Fasano,TE,66,2015
Lance Kendricks,TE,66,2015
Larry Donnell,TE,66,2015
Michael Hoomanawanui,TE,66,2015
Ryan Griffin,TE,66,2015
Craig Stevens,TE,65,2015
Ed Dickson,TE,65,2015
Jared Cook,TE,65,2015
Josh Hill,TE,65,2015
Luke Willson,TE,65,2015
Maxx Williams,TE,65,2015
Mychal Rivera,TE,65,2015
Jake Stoneburner,TE,64,2015
Jermaine Gresham,TE,64,2015
Timothy Wright,TE,64,2015
Troy Niklas,TE,64,2015
Vernon Davis,TE,64,2015
Virgil Green,TE,64,2015
C.J. Fiedorowicz,TE,63,2015
Clay Harbor,TE,63,2015
Demetrius Harris,TE,63,2015
Derek Carrier,TE,63,2015
Dion Sims,TE,63,2015
Dwayne Allen,TE,63,2015
Jesse James,TE,63,2015
Justin Perillo,TE,63,2015
Rhett Ellison,TE,63,2015
Tyler Kroft,TE,63,2015
Blake Bell,TE,62,2015
Brandon Pettigrew,TE,62,2015
Chase Coffman,TE,62,2015
Chris Gragg,TE,62,2015
Garrett Graham,TE,62,2015
Gavin Escobar,TE,62,2015
Jack Doyle,TE,62,2015
John Phillips,TE,62,2015
Kellen Davis,TE,62,2015
Lee Smith,TE,62,2015
Luke Stocker,TE,62,2015
Marcedes Lewis,TE,62,2015
Nick Boyle,TE,62,2015
Tony Moeaki,TE,62,2015
Brandon Myers,TE,61,2015
Cooper Helfet,TE,61,2015
Daniel Brown,TE,61,2015
Daniel Fells,TE,61,2015
James Hanna,TE,61,2015
James O'Shaughnessy,TE,61,2015
Jeff Cumberland,TE,61,2015
Jerome Cunningham,TE,61,2015
Jim Dray,TE,61,2015
MyCole Pruitt,TE,61,2015
Ryan Hewitt,TE,61,2015
Trey Burton,TE,61,2015
Alex Smith,TE,60,2015
Andrew Quarless,TE,60,2015
Asante Cleveland,TE,60,2015
Bear Pascoe,TE,60,2015
Brandon Williams,TE,60,2015
Brian Leonhardt,TE,60,2015
Brian Parker,TE,60,2015
C.J. Uzomah,TE,60,2015
Cory Harkey,TE,60,2015
Darren Waller,TE,60,2015
David Johnson,TE,60,2015
E.J. Bibbs,TE,60,2015
Geoff Swaim,TE,60,2015
Greg Scruggs,TE,60,2015
Khari Lee,TE,60,2015
Levine Toilolo,TE,60,2015
MarQueis Gray,TE,60,2015
Matt LaCosse,TE,60,2015
Matt Spaeth,TE,60,2015
Matthew Mulligan,TE,60,2015
Michael Williams,TE,60,2015
Neal Sterling,TE,60,2015
Nic Jacobs,TE,60,2015
Nick O'Leary,TE,60,2015
Phillip Supernaw,TE,60,2015
Richie Brockel,TE,60,2015
Rob Housler,TE,60,2015
Scott Simonson,TE,60,2015
Vince Mayle,TE,60,2015
Brandon Marshall,WR,99,2015
Allen Robinson,WR,98,2015
Doug Baldwin,WR,98,2015
Antonio Brown,WR,97,2015
Odell Beckham Jr.,WR,97,2015
DeAndre Hopkins,WR,95,2015
A.J. Green,WR,93,2015
Julio Jones,WR,93,2015
Eric Decker,WR,91,2015
Larry Fitzgerald,WR,91,2015
Calvin Johnson,WR,88,2015
Allen Hurns,WR,87,2015
Brandin Cooks,WR,87,2015
Sammy Watkins,WR,86,2015
Ted Ginn,WR,86,2015
Jeremy Maclin,WR,85,2015
Michael Crabtree,WR,85,2015
Demaryius Thomas,WR,84,2015
Emmanuel Sanders,WR,84,2015
James Jones,WR,83,2015
John Brown,WR,83,2015
Michael Floyd,WR,83,2015
Martavis Bryant,WR,82,2015
Rueben Randle,WR,82,2015
Amari Cooper,WR,81,2015
Randall Cobb,WR,81,2015
Jermaine Kearse,WR,80,2015
Julian Edelman,WR,80,2015
T.Y. Hilton,WR,80,2015
Tyler Lockett,WR,80,2015
Jarvis Landry,WR,79,2015
Pierre Garcon,WR,79,2015
Donte Moncrief,WR,78,2015
Golden Tate,WR,78,2015
Kamar Aiken,WR,78,2015
Travis Benjamin,WR,78,2015
Markus Wheaton,WR,77,2015
Mike Evans,WR,77,2015
Devin Funchess,WR,76,2015
Alshon Jeffery,WR,75,2015
Anquan Boldin,WR,75,2015
Corey Brown,WR,75,2015
Marvin Jones,WR,75,2015
Willie Snead,WR,75,2015
Cole Beasley,WR,74,2015
Keenan Allen,WR,74,2015
Nate Washington,WR,74,2015
Rishard Matthews,WR,74,2015
Stefon Diggs,WR,74,2015
Terrance Williams,WR,74,2015
Torrey Smith,WR,74,2015
Seth Roberts,WR,73,2015
Tavon Austin,WR,73,2015
Andre Johnson,WR,72,2015
Danny Amendola,WR,72,2015
DeSean Jackson,WR,72,2015
Dorial Green-Beckham,WR,72,2015
Kenny Britt,WR,72,2015
Marques Colston,WR,72,2015
Steve Smith,WR,72,2015
Dwayne Harris,WR,71,2015
Jerricho Cotchery,WR,71,2015
Malcom Floyd,WR,71,2015
Robert Woods,WR,71,2015
Vincent Jackson,WR,71,2015
Albert Wilson,WR,70,2015
DeVante Parker,WR,70,2015
Dontrelle Inman,WR,70,2015
Jamison Crowder,WR,70,2015
Kenny Stills,WR,70,2015
Lance Moore,WR,70,2015
Steve Johnson,WR,70,2015
Andre Holmes,WR,69,2015
Brian Hartline,WR,69,2015
Davante Adams,WR,69,2015
Dez Bryant,WR,69,2015
Kendall Wright,WR,69,2015
Brandon Coleman,WR,68,2015
Cecil Shorts,WR,68,2015
Chris Hogan,WR,68,2015
Harry Douglas,WR,68,2015
Josh Huff,WR,68,2015
Leonard Hankerson,WR,68,2015
Mike Wallace,WR,68,2015
Darrius Heyward-Bey,WR,67,2015
J.J. Nelson,WR,67,2015
Jaelen Strong,WR,67,2015
Keshawn Martin,WR,67,2015
Riley Cooper,WR,67,2015
Roddy White,WR,67,2015
Chris Conley,WR,66,2015
Jeff Janis,WR,66,2015
Josh Bellamy,WR,66,2015
Marquess Wilson,WR,66,2015
Quinton Patton,WR,66,2015
Ryan Grant,WR,66,2015
Brandon LaFell,WR,65,2015
Bryan Walters,WR,65,2015
Chris Givens,WR,65,2015
Jarius Wright,WR,65,2015
Jeremy Kerley,WR,65,2015
Nelson Agholor,WR,65,2015
Nick Williams,WR,65,2015
Ty Montgomery,WR,65,2015
Adam Humphries,WR,64,2015
Andre Caldwell,WR,64,2015
Dexter McCluster,WR,64,2015
Eddie Royal,WR,64,2015
Greg Jennings,WR,64,2015
Griff Whalen,WR,64,2015
Jeremy Butler,WR,64,2015
Justin Hunter,WR,64,2015
Marqise Lee,WR,64,2015
Miles Austin,WR,64,2015
Mohamed Sanu,WR,64,2015
Percy Harvin,WR,64,2015
Phillip Dorsett,WR,64,2015
Rashad Greene,WR,64,2015
Rashad Ross,WR,64,2015
Stedman Bailey,WR,64,2015
Andrew Hawkins,WR,63,2015
Brice Butler,WR,63,2015
Chris Matthews,WR,63,2015
Cody Latimer,WR,63,2015
De'Anthony Thomas,WR,63,2015
Devin Smith,WR,63,2015
Devin Street,WR,63,2015
Donteea Dye,WR,63,2015
Jaron Brown,WR,63,2015
Marc Mariani,WR,63,2015
Marlon Moore,WR,63,2015
Myles White,WR,63,2015
Quincy Enunwa,WR,63,2015
T.J. Jones,WR,63,2015
Tyrell Williams,WR,63,2015
Bennie Fowler,WR,62,2015
Brandon Tate,WR,62,2015
Bruce Ellington,WR,62,2015
Jared Abbrederis,WR,62,2015
Jason Avant,WR,62,2015
Javontee Herndon,WR,62,2015
Jerome Simpson,WR,62,2015
Jordan Norwood,WR,62,2015
Justin Hardy,WR,62,2015
Kenbrell Thompkins,WR,62,2015
Louis Murphy,WR,62,2015
Marcus Easley,WR,62,2015
Ricardo Lockette,WR,62,2015
Russell Shepard,WR,62,2015
Taylor Gabriel,WR,62,2015
Tre McBride,WR,62,2015
Aaron Dobson,WR,61,2015
Adam Thielen,WR,61,2015
Andre Roberts,WR,61,2015
Bradley Marquez,WR,61,2015
Brenton Bersin,WR,61,2015
Brian Quick,WR,61,2015
Cameron Meredith,WR,61,2015
Charles D. Johnson,WR,61,2015
Chris Owusu,WR,61,2015
Corey Fuller,WR,61,2015
Darius Jennings,WR,61,2015
Deonte Thompson,WR,61,2015
Dwayne Bowe,WR,61,2015
Hakeem Nicks,WR,61,2015
Jeremy Ross,WR,61,2015
Keith Mumphery,WR,61,2015
Kevin Smith,WR,61,2015
Marlon Brown,WR,61,2015
Sammie Coates,WR,61,2015
Wes Welker,WR,61,2015
Andrew Turzilli,WR,60,2015
B.J. Daniels,WR,60,2015
Ben Edwards,WR,60,2015
Brittan Golden,WR,60,2015
Chandler Worthy,WR,60,2015
Chris Harper,WR,60,2015
Damaris Johnson,WR,60,2015
DeAndrew White,WR,60,2015
Denarius Moore,WR,60,2015
Devin Hester,WR,60,2015
Eric Weems,WR,60,2015
Evan Spencer,WR,60,2015
Frankie Hammond,WR,60,2015
Geremy Davis,WR,60,2015
Greg Salas,WR,60,2015
Jacoby Jones,WR,60,2015
Jonathan Krause,WR,60,2015
Kaelin Clay,WR,60,2015
Kasen Williams,WR,60,2015
Kevin Norwood,WR,60,2015
Lucky Whitehead,WR,60,2015
Marcus Thigpen,WR,60,2015
Mario Alford,WR,60,2015
Marquise Goodwin,WR,60,2015
Matt Hazel,WR,60,2015
Matthew Slater,WR,60,2015
Michael Campanaro,WR,60,2015
Paul Richardson,WR,60,2015
Preston Parker,WR,60,2015
Quan Bray,WR,60,2015
Rico Richardson,WR,60,2015
Rod Streater,WR,60,2015
Saalim Hakim,WR,60,2015
Seantavius Jones,WR,60,2015
Seyi Ajirotutu,WR,60,2015
Terrelle Pryor,WR,60,2015
Tony Washington,WR,60,2015
Trevor Graham,WR,60,2015
Tyler Murphy,WR,60,2015
Vincent Brown,WR,60,2015
Walt Powell,WR,60,2015
A.Q. Shipley,C,60,2016
Alex Mack,C,60,2016
Austin Blythe,C,60,2016
Ben Garland,C,60,2016
Ben Jones,C,60,2016
Brandon Linder,C,60,2016
Brett Jones,C,60,2016
Brian Schwenke,C,60,2016
Corey Linsley,C,60,2016
Daniel Kilgore,C,60,2016
David Andrews,C,60,2016
Eric Wood,C,60,2016
Gino Gradkowski,C,60,2016
Graham Glasgow,C,60,2016
JC Tretter,C,60,2016
Jason Kelce,C,60,2016
Jeremy Zuttah,C,60,2016
Joe Hawley,C,60,2016
Joey Hunt,C,60,2016
John Greco,C,60,2016
Jonotthan Harrison,C,60,2016
Justin Britt,C,60,2016
Kory Lichtensteiger,C,60,2016
Marcus Martin,C,60,2016
Matt Paradis,C,60,2016
Maurkice Pouncey,C,60,2016
Max Unger,C,60,2016
Mike Pouncey,C,60,2016
Mitch Morse,C,60,2016
Nick Mangold,C,60,2016
Rodney Hudson,C,60,2016
Russell Bodine,C,60,2016
Ryan Jensen,C,60,2016
Ryan Kalil,C,60,2016
Ryan Kelly,C,60,2016
Spencer Long,C,60,2016
Spencer Pulley,C,60,2016
Ted Karras,C,60,2016
Tim Barnes,C,60,2016
Travis Frederick,C,60,2016
Travis Swanson,C,60,2016
Tyler Larsen,C,60,2016
Tyler Shatley,C,60,2016
Wesley Johnson,C,60,2016
Weston Richburg,C,60,2016
A.J. Bouye,CB,60,2016
Aaron Colvin,CB,60,2016
Adairius Barnes,CB,60,2016
Anthony Brown,CB,60,2016
Antonio Cromartie,CB,60,2016
Antonio Hamilton,CB,60,2016
Aqib Talib,CB,60,2016
Artie Burns,CB,60,2016
B.W. Webb,CB,60,2016
Bashaud Breeland,CB,60,2016
Bene' Benwikere,CB,60,2016
Blake Countess,CB,60,2016
Bobby McCain,CB,60,2016
Bradley Roby,CB,60,2016
Brandon Carr,CB,60,2016
Brandon Flowers,CB,60,2016
Brandon Williams,CB,60,2016
Brent Grimes,CB,60,2016
Brian Poole,CB,60,2016
Brice McCain,CB,60,2016
Briean Boddy-Calhoun,CB,60,2016
Bryce Callahan,CB,60,2016
Bryson Keeton,CB,60,2016
Buster Skrine,CB,60,2016
Byron Jones,CB,60,2016
Byron Maxwell,CB,60,2016
C.J. Goodwin,CB,60,2016
C.J. Smith,CB,60,2016
Casey Hayward,CB,60,2016
Chris Davis,CB,60,2016
Chris Harris,CB,60,2016
Chris Lewis-Harris,CB,60,2016
Chris Milton,CB,60,2016
Cody Riggs,CB,60,2016
Coty Sensabaugh,CB,60,2016
Craig Mager,CB,60,2016
Cre'von LeBlanc,CB,60,2016
Crezdon Butler,CB,60,2016
Cyrus Jones,CB,60,2016
D.J. White,CB,60,2016
Darius Slay,CB,60,2016
Darryl Roberts,CB,60,2016
Dashaun Phillips,CB,60,2016
De'Vante Harris,CB,60,2016
DeAndre Elliott,CB,60,2016
DeVante Bausby,CB,60,2016
Deji Olatoye,CB,60,2016
Delvin Breaux,CB,60,2016
Derrick Kindred,CB,60,2016
Desmond Trufant,CB,60,2016
Dexter McDonald,CB,60,2016
Dexter McDougle,CB,60,2016
Dominique Rodgers-Cromartie,CB,60,2016
Dre Kirkpatrick,CB,60,2016
Dwayne Gratz,CB,60,2016
E.J. Gaines,CB,60,2016
Eli Apple,CB,60,2016
Eric Rowe,CB,60,2016
Frankie Williams,CB,60,2016
Harlan Miller,CB,60,2016
Herb Waters,CB,60,2016
JaCorey Shepherd,CB,60,2016
Jacoby Glenn,CB,60,2016
Jalen Collins,CB,60,2016
Jalen Mills,CB,60,2016
Jalen Ramsey,CB,60,2016
Jamar Taylor,CB,60,2016
James Bradberry,CB,60,2016
Janoris Jenkins,CB,60,2016
Javien Elliott,CB,60,2016
Jeremy Lane,CB,60,2016
Jimmy Smith,CB,60,2016
Joe Haden,CB,60,2016
Johnathan Joseph,CB,60,2016
Jonathan Jones,CB,60,2016
Josh Hawkins,CB,60,2016
Josh Johnson,CB,60,2016
Josh Norman,CB,60,2016
Josh Shaw,CB,60,2016
Jude Adjei-Barimah,CB,60,2016
Justin Bethel,CB,60,2016
Justin Coleman,CB,60,2016
KeiVarae Russell,CB,60,2016
Keith Reaser,CB,60,2016
Ken Crawley,CB,60,2016
Kendall Fuller,CB,60,2016
Kenneth Acker,CB,60,2016
Kevin Johnson,CB,60,2016
Kevon Seymour,CB,60,2016
LaDarius Gunter,CB,60,2016
Lafayette Pitts,CB,60,2016
LeShaun Sims,CB,60,2016
Leodis McKelvin,CB,60,2016
Logan Ryan,CB,60,2016
Lorenzo Doss,CB,60,2016
Mackensie Alexander,CB,60,2016
Makinton Dorleant,CB,60,2016
Malcolm Butler,CB,60,2016
Marcus Peters,CB,60,2016
Maurice Canady,CB,60,2016
Michael Hunter,CB,60,2016
Mike Jordan,CB,60,2016
Morris Claiborne,CB,60,2016
Neiko Thorpe,CB,60,2016
Nevin Lawson,CB,60,2016
Nick Marshall,CB,60,2016
Nolan Carroll,CB,60,2016
Patrick Peterson,CB,60,2016
Patrick Robinson,CB,60,2016
Perrish Cox,CB,60,2016
Phillip Gaines,CB,60,2016
Pierre Desir,CB,60,2016
Prince Amukamara,CB,60,2016
Prince Charles Iworah,CB,60,2016
Quinten Rollins,CB,60,2016
Quinton Dunbar,CB,60,2016
Rashaan Melvin,CB,60,2016
Rashard Robinson,CB,60,2016
Richard Sherman,CB,60,2016
Robert Alford,CB,60,2016
Ron Brooks,CB,60,2016
Ronald Darby,CB,60,2016
Ross Cockrell,CB,60,2016
Ryan Smith,CB,60,2016
Sam Shields,CB,60,2016
Sean Smith,CB,60,2016
Stephon Gilmore,CB,60,2016
Sterling Moore,CB,60,2016
Steven Nelson,CB,60,2016
Taurean Nixon,CB,60,2016
Tavon Young,CB,60,2016
Terence Newman,CB,60,2016
Terrance Mitchell,CB,60,2016
Tharold Simon,CB,60,2016
Tracy Howard,CB,60,2016
Tracy Porter,CB,60,2016
Trae Waynes,CB,60,2016
Tramon Williams,CB,60,2016
Trevin Wade,CB,60,2016
Trevor Williams,CB,60,2016
Trovon Reed,CB,60,2016
Troy Hill,CB,60,2016
Trumaine Johnson,CB,60,2016
Vernon Hargreaves III,CB,60,2016
Vontae Davis,CB,60,2016
Xavien Howard,CB,60,2016
Xavier Rhodes,CB,60,2016
Zack Sanchez,CB,60,2016
Adam Jones,DB,60,2016
Adrian Phillips,DB,60,2016
Al-Hajj Shabazz,DB,60,2016
Alterraun Verner,DB,60,2016
Andre Hal,DB,60,2016
Andrew Adams,DB,60,2016
Anthony Harris,DB,60,2016
Anthony Levine,DB,60,2016
Antonio Allen,DB,60,2016
Asa Jackson,DB,60,2016
Brian Dixon,DB,60,2016
Brynden Trawick,DB,60,2016
Calvin Pryor,DB,60,2016
Captain Munnerlyn,DB,60,2016
Charles James,DB,60,2016
Chimdi Chekwa,DB,60,2016
Chris Banjo,DB,60,2016
Chris Maragos,DB,60,2016
Chris Prosinski,DB,60,2016
Christian Bryant,DB,60,2016
Chykie Brown,DB,60,2016
Clayton Fejedelem,DB,60,2016
Cody Davis,DB,60,2016
Colt Anderson,DB,60,2016
Corey Moore,DB,60,2016
D.J. Hayden,DB,60,2016
Daniel Sorensen,DB,60,2016
Darian Thompson,DB,60,2016
Darqueze Dennard,DB,60,2016
Darrell Stuckey,DB,60,2016
Darrelle Revis,DB,60,2016
Darryl Morris,DB,60,2016
Dashon Goldson,DB,60,2016
David Amerson,DB,60,2016
Davon House,DB,60,2016
DeAndre Houston-Carson,DB,60,2016
DeShawn Shead,DB,60,2016
Deiondre' Hall,DB,60,2016
Demetri Goodson,DB,60,2016
Demontre Hurst,DB,60,2016
Denzel Rice,DB,60,2016
Deshazor Everett,DB,60,2016
Dexter McCoil,DB,60,2016
Don Carey,DB,60,2016
Don Jones,DB,60,2016
Dontae Johnson,DB,60,2016
Eddie Pleasant,DB,60,2016
Eric Berry,DB,60,2016
Eric Pinkins,DB,60,2016
Greg Toler,DB,60,2016
Harold Jones-Quartey,DB,60,2016
Ibraheim Campbell,DB,60,2016
Isaiah Johnson,DB,60,2016
J.J. Wilcox,DB,60,2016
Jairus Byrd,DB,60,2016
Jason Verrett,DB,60,2016
Jeron Johnson,DB,60,2016
Jerraud Powers,DB,60,2016
Johnathan Cyprien,DB,60,2016
Johnson Bademosi,DB,60,2016
Johnthan Banks,DB,60,2016
Jonathan Meeks,DB,60,2016
Josh Evans,DB,60,2016
Josh Robinson,DB,60,2016
Justin Gilbert,DB,60,2016
K.J. Dillon,DB,60,2016
Kalan Reed,DB,60,2016
Kam Chancellor,DB,60,2016
Keith Tandy,DB,60,2016
Leon Hall,DB,60,2016
Leon McFadden,DB,60,2016
Leonard Johnson,DB,60,2016
Lou Young,DB,60,2016
Marcus Ball,DB,60,2016
Marcus Burley,DB,60,2016
Marcus Cooper,DB,60,2016
Marcus Cromartie,DB,60,2016
Marcus Roberson,DB,60,2016
Marcus Sherels,DB,60,2016
Marcus Williams,DB,60,2016
Marqueston Huff,DB,60,2016
Marqui Christian,DB,60,2016
Marwin Evans,DB,60,2016
Matthias Farley,DB,60,2016
Michael Thomas,DB,60,2016
Mykkele Thompson,DB,60,2016
Nat Berhe,DB,60,2016
Nate Ebner,DB,60,2016
Nickell Robey-Coleman,DB,60,2016
Orlando Scandrick,DB,60,2016
Peyton Thompson,DB,60,2016
Rafael Bush,DB,60,2016
Robenson Therezie,DB,60,2016
Robert Blanton,DB,60,2016
Robert McClain,DB,60,2016
Robert Nelson,DB,60,2016
Ronald Martin,DB,60,2016
Rontez Miles,DB,60,2016
Sergio Brown,DB,60,2016
Shamarko Thomas,DB,60,2016
Shareece Wright,DB,60,2016
Sherrick McManis,DB,60,2016
Shiloh Keo,DB,60,2016
Steve Williams,DB,60,2016
Steven Terrell,DB,60,2016
Su'a Cravens,DB,60,2016
T.J. Carrie,DB,60,2016
T.J. Green,DB,60,2016
T.J. Ward,DB,60,2016
Teddy Williams,DB,60,2016
Tony Lippett,DB,60,2016
Tramaine Brock,DB,60,2016
Travell Dixon,DB,60,2016
Tyvis Powell,DB,60,2016
Valentino Blake,DB,60,2016
Vinnie Sunseri,DB,60,2016
Walt Aikens,DB,60,2016
A'Shawn Robinson,DE,60,2016
Adam Gotsis,DE,60,2016
Adrian Clayborn,DE,60,2016
Akiem Hicks,DE,60,2016
Alex Okafor,DE,60,2016
Allen Bailey,DE,60,2016
Andre Branch,DE,60,2016
Angelo Blackson,DE,60,2016
Anthony Johnson,DE,60,2016
Anthony Lanier,DE,60,2016
Anthony Zettel,DE,60,2016
Antonio Smith,DE,60,2016
Armonty Bryant,DE,60,2016
Arthur Moats,DE,60,2016
Billy Winn,DE,60,2016
Branden Jackson,DE,60,2016
Brandon Graham,DE,60,2016
Brandon Williams,DE,60,2016
Brent Urban,DE,60,2016
Brian Robison,DE,60,2016
C.J. Wilson,DE,60,2016
Calais Campbell,DE,60,2016
Cameron Jordan,DE,60,2016
Carlos Dunlap,DE,60,2016
Chandler Jones,DE,60,2016
Channing Ward,DE,60,2016
Charles Johnson,DE,60,2016
Chris Jones,DE,60,2016
Chris Long,DE,60,2016
Chris McCain,DE,60,2016
Christian Covington,DE,60,2016
Christian Ringo,DE,60,2016
Cliff Avril,DE,60,2016
Corey Peters,DE,60,2016
Cornelius Washington,DE,60,2016
Courtney Upshaw,DE,60,2016
DJ Reader,DE,60,2016
DaVonte Lambert,DE,60,2016
Damontre Moore,DE,60,2016
Danielle Hunter,DE,60,2016
Dante Fowler Jr.,DE,60,2016
Darryl Tapp,DE,60,2016
Datone Jones,DE,60,2016
DeMarcus Lawrence,DE,60,2016
DeShawn Williams,DE,60,2016
Dee Ford,DE,60,2016
Derek Wolfe,DE,60,2016
Derrick Shelby,DE,60,2016
Devin Taylor,DE,60,2016
Dwight Freeney,DE,60,2016
Ed Stinson,DE,60,2016
Elvis Dumervil,DE,60,2016
Emmanuel Ogbah,DE,60,2016
Eugene Sims,DE,60,2016
Everson Griffen,DE,60,2016
Ezekiel Ansah,DE,60,2016
Frostee Rucker,DE,60,2016
Geneo Grissom,DE,60,2016
Henry Anderson,DE,60,2016
J.J. Watt,DE,60,2016
Jabaal Sheard,DE,60,2016
Jared Crick,DE,60,2016
Jared Odrick,DE,60,2016
Jason Jones,DE,60,2016
Jaye Howard,DE,60,2016
Jerry Hughes,DE,60,2016
Joel Heath,DE,60,2016
Joey Bosa,DE,60,2016
Jonathan Bullard,DE,60,2016
Jordan Jenkins,DE,60,2016
Josh Mauro,DE,60,2016
Julius Peppers,DE,60,2016
Julius Warmsley,DE,60,2016
Jurrell Casey,DE,60,2016
Justin Trattou,DE,60,2016
Karl Klug,DE,60,2016
Kasim Edebali,DE,60,2016
Kedric Golston,DE,60,2016
Kendall Langford,DE,60,2016
Kerry Hyder,DE,60,2016
Kerry Wynn,DE,60,2016
Kony Ealy,DE,60,2016
Kyle Peko,DE,60,2016
L.T. Walton,DE,60,2016
Larry Webster,DE,60,2016
Leger Douzable,DE,60,2016
Leonard Floyd,DE,60,2016
Leonard Williams,DE,60,2016
Lerentee McCray,DE,60,2016
Letroy Guion,DE,60,2016
Malliciah Goodman,DE,60,2016
Margus Hunt,DE,60,2016
Mario Williams,DE,60,2016
Mehdi Abdesmad,DE,60,2016
Michael Bennett,DE,60,2016
Michael Johnson,DE,60,2016
Mike Daniels,DE,60,2016
Morgan Fox,DE,60,2016
Muhammad Wilkerson,DE,60,2016
Nate Orchard,DE,60,2016
Noah Spence,DE,60,2016
Olivier Vernon,DE,60,2016
Owa Odighizuwa,DE,60,2016
Paul Kruger,DE,60,2016
Paul Soliai,DE,60,2016
Preston Smith,DE,60,2016
Quinton Jefferson,DE,60,2016
Ricardo Mathews,DE,60,2016
Robert Ayers,DE,60,2016
Robert Quinn,DE,60,2016
Rodney Gunter,DE,60,2016
Romeo Okwara,DE,60,2016
Ronald Blair,DE,60,2016
Ryan Davis,DE,60,2016
Ryan Delaire,DE,60,2016
Ryan Kerrigan,DE,60,2016
Ryan Russell,DE,60,2016
Shaq Lawson,DE,60,2016
Shilique Calhoun,DE,60,2016
Stephen Weatherly,DE,60,2016
Stephon Tuitt,DE,60,2016
Tank Carradine,DE,60,2016
Taylor Hart,DE,60,2016
Tenny Palepoi,DE,60,2016
Terrence Fede,DE,60,2016
Tony Jerod-Eddie,DE,60,2016
Trent Murphy,DE,60,2016
Tyrunn Walker,DE,60,2016
Tyson Alualu,DE,60,2016
Tyson Jackson,DE,60,2016
Ufomba Kamalu,DE,60,2016
Vic Beasley,DE,60,2016
Vinny Curry,DE,60,2016
Wallace Gilberry,DE,60,2016
Wes Horton,DE,60,2016
Whitney Mercilus,DE,60,2016
Will Clarke,DE,60,2016
William Hayes,DE,60,2016
Xavier Cooper,DE,60,2016
Yannick Ngakoue,DE,60,2016
Za'Darius Smith,DE,60,2016
Zach Kerr,DE,60,2016
Aaron Donald,DL,60,2016
Mario Addison,DL,60,2016
Abry Jones,DT,60,2016
Adolphus Washington,DT,60,2016
Akeem Spence,DT,60,2016
Al Woods,DT,60,2016
Antwaun Woods,DT,60,2016
Arik Armstead,DT,60,2016
Arthur Jones,DT,60,2016
Beau Allen,DT,60,2016
Bennie Logan,DT,60,2016
Brandon Mebane,DT,60,2016
Cam Thomas,DT,60,2016
Cameron Heyward,DT,60,2016
Caraun Reid,DT,60,2016
Cedric Thornton,DT,60,2016
Chris Baker,DT,60,2016
Chris Jones,DT,60,2016
Clinton McDonald,DT,60,2016
Corbin Bryant,DT,60,2016
Corey Liuget,DT,60,2016
Cullen Jenkins,DT,60,2016
DaQuan Jones,DT,60,2016
Damion Square,DT,60,2016
Damon Harrison,DT,60,2016
Dan McCullers,DT,60,2016
Dan Williams,DT,60,2016
Danny Shelton,DT,60,2016
Darius Latham,DT,60,2016
Darius Philon,DT,60,2016
David Irving,DT,60,2016
David Onyemata,DT,60,2016
David Parry,DT,60,2016
DeForest Buckner,DT,60,2016
Dean Lowry,DT,60,2016
Deandre Coleman,DT,60,2016
Denico Autry,DT,60,2016
Deon Simon,DT,60,2016
Destiny Vaeao,DT,60,2016
Devon Still,DT,60,2016
Dontari Poe,DT,60,2016
Earl Mitchell,DT,60,2016
Ethan Westbrooks,DT,60,2016
Fletcher Cox,DT,60,2016
Gabe Wright,DT,60,2016
Garrison Smith,DT,60,2016
Geno Atkins,DT,60,2016
Gerald McCoy,DT,60,2016
Grady Jarrett,DT,60,2016
Haloti Ngata,DT,60,2016
Hassan Ridgeway,DT,60,2016
Jack Crawford,DT,60,2016
Jamie Meder,DT,60,2016
Jarran Reed,DT,60,2016
Jarvis Jenkins,DT,60,2016
Jay Bromley,DT,60,2016
Jerel Worthy,DT,60,2016
Joe Vellano,DT,60,2016
John Hughes,DT,60,2016
John Jenkins,DT,60,2016
Johnathan Hankins,DT,60,2016
Johnny Maxey,DT,60,2016
Jonathan Babineaux,DT,60,2016
Jordan Phillips,DT,60,2016
Justin Ellis,DT,60,2016
Kawann Short,DT,60,2016
Kendall Reyes,DT,60,2016
Khyri Thornton,DT,60,2016
Kyle Love,DT,60,2016
Kyle Williams,DT,60,2016
Lawrence Guy,DT,60,2016
Leon Orr,DT,60,2016
Linval Joseph,DT,60,2016
Malcom Brown,DT,60,2016
Maliek Collins,DT,60,2016
Malik Jackson,DT,60,2016
Marcell Dareus,DT,60,2016
Mario Edwards,DT,60,2016
Matthew Ioannidis,DT,60,2016
Michael Brockers,DT,60,2016
Michael Pierce,DT,60,2016
Mike Pennel,DT,60,2016
Mitch Unrein,DT,60,2016
Nick Fairley,DT,60,2016
Nick Williams,DT,60,2016
Pat Sims,DT,60,2016
Quinton Dial,DT,60,2016
Ra'Shede Hageman,DT,60,2016
Rakeem Nunez-Roches,DT,60,2016
Richard Ash,DT,60,2016
Ricky Jean Francois,DT,60,2016
Robert Nkemdiche,DT,60,2016
Roy Miller,DT,60,2016
Sealver Siliga,DT,60,2016
Sen'Derrick Marks,DT,60,2016
Shamar Stephen,DT,60,2016
Sheldon Day,DT,60,2016
Sheldon Rankins,DT,60,2016
Sheldon Richardson,DT,60,2016
Stacy McGee,DT,60,2016
Star Lotulelei,DT,60,2016
Stefan Charles,DT,60,2016
Stephen Paea,DT,60,2016
Sylvester Williams,DT,60,2016
T.J. Barnes,DT,60,2016
T.Y. McGill,DT,60,2016
Terrell McClain,DT,60,2016
Timmy Jernigan,DT,60,2016
Toby Johnson,DT,60,2016
Tom Johnson,DT,60,2016
Tony McDaniel,DT,60,2016
Tyeler Davison,DT,60,2016
Tyrone Crawford,DT,60,2016
Vernon Butler,DT,60,2016
Vincent Valentine,DT,60,2016
William Gholston,DT,60,2016
Woodrow Hamilton,DT,60,2016
Ziggy Hood,DT,60,2016
Aaron Ripkowski,FB,60,2016
Andy Janovich,FB,60,2016
Anthony Sherman,FB,60,2016
Austin Johnson,FB,60,2016
Derek Watt,FB,60,2016
Glenn Gronkowski,FB,60,2016
James Develin,FB,60,2016
Jay Prosch,FB,60,2016
Jerome Felton,FB,60,2016
Joe Kerridge,FB,60,2016
John Kuhn,FB,60,2016
Julian Howsare,FB,60,2016
Keith Smith,FB,60,2016
Kyle Juszczyk,FB,60,2016
Lawrence Thomas,FB,60,2016
Marcel Reece,FB,60,2016
Michael Burton,FB,60,2016
Mike Tolbert,FB,60,2016
Paul Lasike,FB,60,2016
Roosevelt Nix,FB,60,2016
Will Tukuafu,FB,60,2016
Zach Line,FB,60,2016
Andrew Sendejo,FS,60,2016
Antoine Bethea,FS,60,2016
Bacarri Rambo,FS,60,2016
Chris Conte,FS,60,2016
Corey Graham,FS,60,2016
D.J. Swearinger,FS,60,2016
Darius Butler,FS,60,2016
Derron Smith,FS,60,2016
Devin McCourty,FS,60,2016
Doug Middleton,FS,60,2016
Duke Ihenacho,FS,60,2016
Dwight Lowery,FS,60,2016
Earl Thomas,FS,60,2016
Ed Reynolds,FS,60,2016
Eric Weddle,FS,60,2016
Erik Harris,FS,60,2016
Glover Quin,FS,60,2016
Harrison Smith,FS,60,2016
Jarrod Wilson,FS,60,2016
Jaylen Watkins,FS,60,2016
Jordan Poyer,FS,60,2016
Jordan Richards,FS,60,2016
Justin Simmons,FS,60,2016
Juston Burris,FS,60,2016
Karl Joseph,FS,60,2016
Kavon Frazier,FS,60,2016
Kevin Byard,FS,60,2016
Lardarius Webb,FS,60,2016
Michael Griffin,FS,60,2016
Mike Adams,FS,60,2016
Rashad Johnson,FS,60,2016
Reggie Nelson,FS,60,2016
Reshad Jones,FS,60,2016
Ricardo Allen,FS,60,2016
Robert Golden,FS,60,2016
Rodney McLeod Jr.,FS,60,2016
Ron Parker,FS,60,2016
Sean Davis,FS,60,2016
Tashaun Gipson,FS,60,2016
Tavon Wilson,FS,60,2016
Terrence Brooks,FS,60,2016
Tre Boston,FS,60,2016
Tyrann Mathieu,FS,60,2016
Will Blackmon,FS,60,2016
William Gay,FS,60,2016
Winston Guy,FS,60,2016
A.J. Cann,G,60,2016
Alex Lewis,G,60,2016
Ali Marpet,G,60,2016
Alvin Bailey,G,60,2016
Andrew Norwell,G,60,2016
Andrew Tiller,G,60,2016
Andrus Peat,G,60,2016
Andy Levitre,G,60,2016
Anthony Steen,G,60,2016
Austin Pasztor,G,60,2016
B.J. Finney,G,60,2016
Brandon Brooks,G,60,2016
Brandon Fusco,G,60,2016
Brandon Scherff,G,60,2016
Brent Qvale,G,60,2016
Brian Winters,G,60,2016
Caleb Benenoch,G,60,2016
Cameron Erving,G,60,2016
Chris Chester,G,60,2016
Chris Reed,G,60,2016
Chris Scott,G,60,2016
Clint Boling,G,60,2016
Cody Whitehair,G,60,2016
Cody Wichmann,G,60,2016
D.J. Fluker,G,60,2016
Dakota Dozier,G,60,2016
David DeCastro,G,60,2016
Denzelle Good,G,60,2016
Don Barclay,G,60,2016
Earl Watford,G,60,2016
Emmett Cleary,G,60,2016
Ereck Flowers,G,60,2016
Eric Kush,G,60,2016
Evan Boehm,G,60,2016
Gabe Jackson,G,60,2016
Greg Mancz,G,60,2016
Halapoulivaati Vaitai,G,60,2016
Isaac Seumalo,G,60,2016
Jack Mewhort,G,60,2016
Jahri Evans,G,60,2016
James Carpenter,G,60,2016
James Hurst,G,60,2016
Jamon Brown,G,60,2016
Jeff Allen,G,60,2016
Joe Berger,G,60,2016
Joe Thuney,G,60,2016
Joel Bitonio,G,60,2016
John Miller,G,60,2016
John Urschel,G,60,2016
John Wetzel,G,60,2016
Jonathan Cooper,G,60,2016
Josh Kline,G,60,2016
Josh Sitton,G,60,2016
Joshua Garnett,G,60,2016
Justin Pugh,G,60,2016
Kelechi Osemele,G,60,2016
Kenny Wiggins,G,60,2016
Kevin Pamphile,G,60,2016
Kevin Zeitler,G,60,2016
Kyle Long,G,60,2016
Laken Tomlinson,G,60,2016
Lane Taylor,G,60,2016
Larry Warford,G,60,2016
Laurent Duvernay-Tardif,G,60,2016
Luke Joeckel,G,60,2016
Mark Glowinski,G,60,2016
Marshal Yanda,G,60,2016
Marshall Newhouse,G,60,2016
Matt Slauson,G,60,2016
Max Garcia,G,60,2016
Michael Schofield,G,60,2016
Mike Iupati,G,60,2016
Mike Remmers,G,60,2016
Nick Easton,G,60,2016
Oday Aboushi,G,60,2016
Patrick Omameh,G,60,2016
Quinton Spain,G,60,2016
Ramon Foster,G,60,2016
Richie Incognito,G,60,2016
Rodger Saffold,G,60,2016
Ronald Leary,G,60,2016
Senio Kelemete,G,60,2016
Shaq Mason,G,60,2016
Shawn Lauvao,G,60,2016
Spencer Drango,G,60,2016
Stefen Wisniewski,G,60,2016
T.J. Lang,G,60,2016
Ted Larsen,G,60,2016
Tim Lelito,G,60,2016
Tom Compton,G,60,2016
Trai Turner,G,60,2016
Vladimir Ducasse,G,60,2016
Xavier Su'a-Filo,G,60,2016
Zac Kerin,G,60,2016
Zach Fulton,G,60,2016
Zack Martin,G,60,2016
Zane Beadles,G,60,2016
Adarius Taylor,ILB,60,2016
Alec Ogletree,ILB,60,2016
Antonio Morrison,ILB,60,2016
Avery Williamson,ILB,60,2016
Benardrick McKinney,ILB,60,2016
Blake Martinez,ILB,60,2016
Brandon Marshall,ILB,60,2016
Brian Cushing,ILB,60,2016
C.J. Mosley,ILB,60,2016
Connor Barwin,ILB,60,2016
Corey Nelson,ILB,60,2016
Cory Littleton,ILB,60,2016
D'Qwell Jackson,ILB,60,2016
Danny Trevathan,ILB,60,2016
Darron Lee,ILB,60,2016
Dominique Alexander,ILB,60,2016
Edwin Jackson,ILB,60,2016
James Laurinaitis,ILB,60,2016
Jerrell Freeman,ILB,60,2016
John Timu,ILB,60,2016
Josh Bynes,ILB,60,2016
Josh McNary,ILB,60,2016
Karlos Dansby,ILB,60,2016
Kevin Minter,ILB,60,2016
Luke Kuechly,ILB,60,2016
Mark Barron,ILB,60,2016
Mason Foster,ILB,60,2016
Max Bullough,ILB,60,2016
Nick Kwiatkoski,ILB,60,2016
Patrick Onwuasor,ILB,60,2016
Ramik Wilson,ILB,60,2016
Tank Carder,ILB,60,2016
Todd Davis,ILB,60,2016
Tyler Matakevich,ILB,60,2016
Vince Williams,ILB,60,2016
Wesley Woodyard,ILB,60,2016
Will Compton,ILB,60,2016
Zach Orr,ILB,60,2016
Zaire Anderson,ILB,60,2016
Adam Vinatieri,K,60,2016
Andrew Franks,K,60,2016
Blair Walsh,K,60,2016
Brandon McManus,K,60,2016
Cairo Santos,K,60,2016
Caleb Sturgis,K,60,2016
Chandler Catanzaro,K,60,2016
Chris Boswell,K,60,2016
Cody Parkey,K,60,2016
Connor Barth,K,60,2016
Dan Bailey,K,60,2016
Dan Carpenter,K,60,2016
Dustin Hopkins,K,60,2016
Graham Gano,K,60,2016
Greg Zuerlein,K,60,2016
Jason Myers,K,60,2016
Jordan Gay,K,60,2016
Josh Brown,K,60,2016
Josh Lambo,K,60,2016
Justin Tucker,K,60,2016
Kai Forbath,K,60,2016
Mason Crosby,K,60,2016
Matt Bryant,K,60,2016
Matt Prater,K,60,2016
Mike Nugent,K,60,2016
Nick Folk,K,60,2016
Nick Novak,K,60,2016
Patrick Murray,K,60,2016
Phil Dawson,K,60,2016
Randy Bullock,K,60,2016
Robbie Gould,K,60,2016
Roberto Aguayo,K,60,2016
Ryan Succop,K,60,2016
Sebastian Janikowski,K,60,2016
Stephen Gostkowski,K,60,2016
Steven Hauschka,K,60,2016
Wil Lutz,K,60,2016
Aaron Wallace,LB,60,2016
Akeem Ayers,LB,60,2016
Alani Fua,LB,60,2016
Albert McClellan,LB,60,2016
Andrew Gachkar,LB,60,2016
Anthony Chickillo,LB,60,2016
Antwione Williams,LB,60,2016
Arthur Brown,LB,60,2016
Ben Heeney,LB,60,2016
Brandon King,LB,60,2016
Brandon Spikes,LB,60,2016
Brennen Beyer,LB,60,2016
Brian Peters,LB,60,2016
Brock Coyle,LB,60,2016
Brooks Reed,LB,60,2016
Bruce Carter,LB,60,2016
Bruce Irvin,LB,60,2016
Bryan Braman,LB,60,2016
Cameron Lynch,LB,60,2016
Cameron Wake,LB,60,2016
Carl Bradford,LB,60,2016
Carl Nassib,LB,60,2016
Cassius Marsh,LB,60,2016
Chris Carter,LB,60,2016
Chris Landrum,LB,60,2016
Chris Smith,LB,60,2016
Craig Robertson,LB,60,2016
D.J. Alexander,LB,60,2016
Dadi Nicolas,LB,60,2016
Dannell Ellerbe,LB,60,2016
Daren Bates,LB,60,2016
Deion Jones,LB,60,2016
Dekoda Watson,LB,60,2016
Deon King,LB,60,2016
Deontae Skinner,LB,60,2016
Derrick Johnson,LB,60,2016
Dewey McDonald,LB,60,2016
Dezman Moses,LB,60,2016
Edmond Robinson,LB,60,2016
Eli Harold,LB,60,2016
Erik Walden,LB,60,2016
Frank Clark,LB,60,2016
Frank Zombo,LB,60,2016
Gabe Martin,LB,60,2016
Gerald Hodges,LB,60,2016
Hayes Pullard,LB,60,2016
Houston Bates,LB,60,2016
Howard Jones,LB,60,2016
Jake Ryan,LB,60,2016
James Cowser,LB,60,2016
Jared Norris,LB,60,2016
Jason Pierre-Paul,LB,60,2016
Jay Elliott,LB,60,2016
Jelani Jenkins,LB,60,2016
Jeremiah Attaochu,LB,60,2016
Jeremy Cash,LB,60,2016
Jihad Ward,LB,60,2016
John Simon,LB,60,2016
Jonathan Anderson,LB,60,2016
Jonathan Freeny,LB,60,2016
Jordan Tripp,LB,60,2016
Josh Forrest,LB,60,2016
Josh Keyes,LB,60,2016
Josh Martin,LB,60,2016
Joshua Perry,LB,60,2016
Julian Stanford,LB,60,2016
Justin March,LB,60,2016
Justin Staples,LB,60,2016
Kelvin Sheppard,LB,60,2016
Kentrell Brothers,LB,60,2016
Kevin Pierre-Louis,LB,60,2016
Korey Toomer,LB,60,2016
Kyle Wilber,LB,60,2016
Kyler Fackrell,LB,60,2016
L.J. Fort,LB,60,2016
LaRoy Reynolds,LB,60,2016
Lamarr Houston,LB,60,2016
Landon Collins,LB,60,2016
Lavar Edwards,LB,60,2016
Lynden Trail,LB,60,2016
Marcus Smith,LB,60,2016
Markus Golden,LB,60,2016
Marquis Flowers,LB,60,2016
Martrell Spaight,LB,60,2016
Maurice Alexander,LB,60,2016
Melvin Ingram,LB,60,2016
Michael Mauti,LB,60,2016
Mike Hull,LB,60,2016
Mychal Kendricks,LB,60,2016
Najee Goode,LB,60,2016
Nate Palmer,LB,60,2016
Neville Hewitt,LB,60,2016
Nicholas Grigsby,LB,60,2016
Nick Bellore,LB,60,2016
Nick Dzubnar,LB,60,2016
Nick Moody,LB,60,2016
Paul Dawson,LB,60,2016
Paul Worrilow,LB,60,2016
Pernell McPhee,LB,60,2016
Quentin Gause,LB,60,2016
Ramon Humber,LB,60,2016
Randy Gregory,LB,60,2016
Ray-Ray Armstrong,LB,60,2016
Ryan Shazier,LB,60,2016
Sam Acho,LB,60,2016
Sam Barrington,LB,60,2016
Scooby Wright,LB,60,2016
Sean Spence,LB,60,2016
Sean Weatherspoon,LB,60,2016
Shane Ray,LB,60,2016
Shaquil Barrett,LB,60,2016
Shayne Skov,LB,60,2016
Spencer Paysinger,LB,60,2016
Stephone Anthony,LB,60,2016
Steven Johnson,LB,60,2016
Steven Means,LB,60,2016
Taiwan Jones,LB,60,2016
Terence Garvin,LB,60,2016
Terrance Smith,LB,60,2016
Thurston Armbrister,LB,60,2016
Trevor Roach,LB,60,2016
Trey Flowers,LB,60,2016
Tyrone Holmes,LB,60,2016
Victor Ochi,LB,60,2016
Zach Vigil,LB,60,2016
Zaviar Gooden,LB,60,2016
Aaron Brewer,LS,60,2016
Beau Brinkley,LS,60,2016
Carson Tinker,LS,60,2016
Casey Kreiter,LS,60,2016
Charley Hughlett,LS,60,2016
Clark Harris,LS,60,2016
Don Muhlbach,LS,60,2016
Garrison Sanborn,LS,60,2016
Greg Warren,LS,60,2016
J.J. Jansen,LS,60,2016
Jake McQuaide,LS,60,2016
James Winchester,LS,60,2016
Joe Cardona,LS,60,2016
John Denney,LS,60,2016
Jon Condo,LS,60,2016
Jon Weeks,LS,60,2016
Josh Harris,LS,60,2016
Justin Drescher,LS,60,2016
Kevin McDermott,LS,60,2016
Kyle Nelson,LS,60,2016
L.P. LaDouceur,LS,60,2016
Matt Overton,LS,60,2016
Morgan Cox,LS,60,2016
Nolan Frese,LS,60,2016
Patrick Scales,LS,60,2016
Thomas Gafford,LS,60,2016
Zak DeOssie,LS,60,2016
Anthony Hitchens,MLB,60,2016
Audie Cole,MLB,60,2016
B.J. Goodson,MLB,60,2016
Bobby Wagner,MLB,60,2016
Denzel Perryman,MLB,60,2016
Eric Kendricks,MLB,60,2016
Joe Schobert,MLB,60,2016
Jordan Hicks,MLB,60,2016
Kwon Alexander,MLB,60,2016
Kyle Van Noy,MLB,60,2016
Malcolm Smith,MLB,60,2016
Manti Te'o,MLB,60,2016
Myles Jack,MLB,60,2016
NaVorro Bowman,MLB,60,2016
Nate Stupar,MLB,60,2016
Paul Posluszny,MLB,60,2016
Perry Riley,MLB,60,2016
Preston Brown,MLB,60,2016
Trevor Reilly,MLB,60,2016
Ahtyba Rubin,NT,60,2016
Alan Branch,NT,60,2016
Austin Johnson,NT,60,2016
Brandon Dunn,NT,60,2016
Darius Kilgo,NT,60,2016
Domata Peko Sr.,NT,60,2016
Eddie Goldman,NT,60,2016
Glenn Dorsey,NT,60,2016
Javon Hargrave,NT,60,2016
Kenny Clark,NT,60,2016
Mike Purcell,NT,60,2016
Ndamukong Suh,NT,60,2016
Robert Thomas,NT,60,2016
Ryan Carrethers,NT,60,2016
Steve McLendon,NT,60,2016
Vince Wilfork,NT,60,2016
Will Sutton,NT,60,2016
Xavier Williams,NT,60,2016
A.J. Klein,OLB,60,2016
Aaron Lynch,OLB,60,2016
Ahmad Brooks,OLB,60,2016
Akeem Dent,OLB,60,2016
Anthony Barr,OLB,60,2016
Barkevious Mingo,OLB,60,2016
Benson Mayowa,OLB,60,2016
Brandon Copeland,OLB,60,2016
Brennan Scarlett,OLB,60,2016
Brian Orakpo,OLB,60,2016
Bryce Hager,OLB,60,2016
Bud Dupree,OLB,60,2016
Cam Johnson,OLB,60,2016
Chad Greenway,OLB,60,2016
Christian Jones,OLB,60,2016
Christian Kirksey,OLB,60,2016
Clay Matthews,OLB,60,2016
Corey Lemonier,OLB,60,2016
Cory James,OLB,60,2016
Curt Maggitt,OLB,60,2016
Damien Wilson,OLB,60,2016
Dan Skuta,OLB,60,2016
Daryl Smith,OLB,60,2016
David Bass,OLB,60,2016
David Harris,OLB,60,2016
David Mayo,OLB,60,2016
De'Vondre Campbell,OLB,60,2016
DeMarcus Ware,OLB,60,2016
Deandre Levy,OLB,60,2016
Demario Davis,OLB,60,2016
Deone Bucannon,OLB,60,2016
Derrick Morgan,OLB,60,2016
Devon Kennard,OLB,60,2016
Dominique Easley,OLB,60,2016
Donald Butler,OLB,60,2016
Dont'a Hightower,OLB,60,2016
Elandon Roberts,OLB,60,2016
Emmanuel Lamur,OLB,60,2016
Erin Henderson,OLB,60,2016
Freddie Bishop,OLB,60,2016
Jadeveon Clowney,OLB,60,2016
James Harrison,OLB,60,2016
Jamie Collins,OLB,60,2016
Jarvis Jones,OLB,60,2016
Jatavis Brown,OLB,60,2016
Joe Thomas,OLB,60,2016
Jonathan Casillas,OLB,60,2016
Justin Durant,OLB,60,2016
Justin Houston,OLB,60,2016
K.J. Wright,OLB,60,2016
Kamalei Correa,OLB,60,2016
Kamu Grugier-Hill,OLB,60,2016
Kareem Martin,OLB,60,2016
Keenan Robinson,OLB,60,2016
Kevin Dodd,OLB,60,2016
Khalil Mack,OLB,60,2016
Kiko Alonso,OLB,60,2016
Koa Misi,OLB,60,2016
Kyle Emanuel,OLB,60,2016
Lavonte David,OLB,60,2016
Lawrence Timmons,OLB,60,2016
Lorenzo Alexander,OLB,60,2016
Lorenzo Mauldin,OLB,60,2016
Mark Herzlich,OLB,60,2016
Mark Nzeocha,OLB,60,2016
Matt Longacre,OLB,60,2016
Matthew Judon,OLB,60,2016
Michael Wilhoite,OLB,60,2016
Mike Catapano,OLB,60,2016
Mike Morgan,OLB,60,2016
Nick Perry,OLB,60,2016
Nick Vigil,OLB,60,2016
Nigel Bradham,OLB,60,2016
Philip Wheeler,OLB,60,2016
Rey Maualuga,OLB,60,2016
Rob Ninkovich,OLB,60,2016
Robert Mathis,OLB,60,2016
Sean Lee,OLB,60,2016
Shaq Thompson,OLB,60,2016
Shea McClellin,OLB,60,2016
Sio Moore,OLB,60,2016
Stephen Tulloch,OLB,60,2016
Tahir Whitehead,OLB,60,2016
Tamba Hali,OLB,60,2016
Telvin Smith,OLB,60,2016
Terrell Suggs,OLB,60,2016
Thomas Davis,OLB,60,2016
Tourek Williams,OLB,60,2016
Trent Cole,OLB,60,2016
Vincent Rey,OLB,60,2016
Von Miller,OLB,60,2016
Vontaze Burfict,OLB,60,2016
Willie Young,OLB,60,2016
Zach Brown,OLB,60,2016
Alejandro Villanueva,OT,60,2016
Alex Boone,OT,60,2016
Allen Barbre,OT,60,2016
Andre Smith,OT,60,2016
Andrew Donnal,OT,60,2016
Andrew Whitworth,OT,60,2016
Anthony Castonzo,OT,60,2016
Austin Howard,OT,60,2016
Ben Ijalana,OT,60,2016
Billy Turner,OT,60,2016
Bobby Hart,OT,60,2016
Bobby Massie,OT,60,2016
Branden Albert,OT,60,2016
Brandon Shell,OT,60,2016
Breno Giacomini,OT,60,2016
Bryan Bulaga,OT,60,2016
Cameron Fleming,OT,60,2016
Cedric Ogbuehi,OT,60,2016
Charles Leno Jr.,OT,60,2016
Chaz Green,OT,60,2016
Chris Clark,OT,60,2016
Chris Hairston,OT,60,2016
Chris Hubbard,OT,60,2016
Cordy Glenn,OT,60,2016
Corey Robinson,OT,60,2016
Cornelius Lucas,OT,60,2016
Cyrus Kouandjio,OT,60,2016
D.J. Humphries,OT,60,2016
D.J. Tialavea,OT,60,2016
David Bakhtiari,OT,60,2016
Demar Dotson,OT,60,2016
Dennis Kelly,OT,60,2016
Derek Newton,OT,60,2016
Donald Penn,OT,60,2016
Donald Stephenson,OT,60,2016
Donovan Smith,OT,60,2016
Doug Free,OT,60,2016
Duane Brown,OT,60,2016
Eric Fisher,OT,60,2016
Eric Winston,OT,60,2016
Garry Gilliam,OT,60,2016
George Fant,OT,60,2016
Germain Ifedi,OT,60,2016
Gosder Cherilus,OT,60,2016
Greg Robinson,OT,60,2016
J'Marcus Webb,OT,60,2016
Ja'Wuan James,OT,60,2016
Jack Conklin,OT,60,2016
Jah Reid,OT,60,2016
Jake Fisher,OT,60,2016
Jake Long,OT,60,2016
Jake Matthews,OT,60,2016
Jared Veldheer,OT,60,2016
Jason Peters,OT,60,2016
Jason Spriggs,OT,60,2016
Jeremiah Sirles,OT,60,2016
Jermey Parnell,OT,60,2016
Jermon Bushrod,OT,60,2016
Joe Barksdale,OT,60,2016
Joe Haeg,OT,60,2016
Joe Reitz,OT,60,2016
Joe Staley,OT,60,2016
Joe Thomas,OT,60,2016
John Jerry,OT,60,2016
John Theus,OT,60,2016
Jordan Mills,OT,60,2016
Josh Wells,OT,60,2016
Kelvin Beachum,OT,60,2016
King Dunlap,OT,60,2016
Kyle Murphy,OT,60,2016
La'el Collins,OT,60,2016
Lane Johnson,OT,60,2016
Laremy Tunsil,OT,60,2016
Le'Raven Clark,OT,60,2016
Leonard Wester,OT,60,2016
Marcus Cannon,OT,60,2016
Marcus Gilbert,OT,60,2016
Matt Kalil,OT,60,2016
Matt McCants,OT,60,2016
Matt Tobin,OT,60,2016
Menelik Watson,OT,60,2016
Michael Oher,OT,60,2016
Mike Adams,OT,60,2016
Mitchell Schwartz,OT,60,2016
Morgan Moses,OT,60,2016
Nate Solder,OT,60,2016
Orlando Franklin,OT,60,2016
Rick Wagner,OT,60,2016
Riley Reiff,OT,60,2016
Rob Havenstein,OT,60,2016
Ronnie Stanley,OT,60,2016
Russell Okung,OT,60,2016
Ryan Clady,OT,60,2016
Ryan Schraeder,OT,60,2016
T.J. Clemmings,OT,60,2016
Taylor Decker,OT,60,2016
Taylor Lewan,OT,60,2016
Tony Hills,OT,60,2016
Trent Brown,OT,60,2016
Trent Williams,OT,60,2016
Ty Nsekhe,OT,60,2016
Ty Sambrailo,OT,60,2016
Tyron Smith,OT,60,2016
Ulrick John,OT,60,2016
Vadal Alexander,OT,60,2016
Zach Strief,OT,60,2016
Andy Lee,P,60,2016
Brad Nortman,P,60,2016
Brad Wing,P,60,2016
Bradley Pinion,P,60,2016
Brett Kern,P,60,2016
Britton Colquitt,P,60,2016
Bryan Anger,P,60,2016
Chris Jones,P,60,2016
Colton Schmidt,P,60,2016
Donnie Jones,P,60,2016
Drew Butler,P,60,2016
Drew Kaser,P,60,2016
Dustin Colquitt,P,60,2016
Jacob Schum,P,60,2016
Jeff Locke,P,60,2016
Johnny Hekker,P,60,2016
Jon Ryan,P,60,2016
Jordan Berry,P,60,2016
Kevin Huber,P,60,2016
Lachlan Edwards,P,60,2016
Marquette King,P,60,2016
Matt Bosher,P,60,2016
Matt Darr,P,60,2016
Matt Wile,P,60,2016
Michael Palardy,P,60,2016
Pat O'Donnell,P,60,2016
Patrick McAfee,P,60,2016
Riley Dixon,P,60,2016
Ryan Allen,P,60,2016
Ryan Quigley,P,60,2016
Sam Koch,P,60,2016
Sam Martin,P,60,2016
Shane Lechler,P,60,2016
Thomas Morstead,P,60,2016
Tress Way,P,60,2016
Aaron Rodgers,QB,99,2016
Matt Ryan,QB,99,2016
Drew Brees,QB,92,2016
Tom Brady,QB,90,2016
Ben Roethlisberger,QB,88,2016
Philip Rivers,QB,88,2016
Andrew Luck,QB,87,2016
Eli Manning,QB,85,2016
Jameis Winston,QB,85,2016
Kirk Cousins,QB,85,2016
Russell Wilson,QB,85,2016
Carson Palmer,QB,84,2016
Derek Carr,QB,84,2016
Matthew Stafford,QB,84,2016
Dak Prescott,QB,83,2016
Blake Bortles,QB,82,2016
Marcus Mariota,QB,82,2016
Joe Flacco,QB,81,2016
Andy Dalton,QB,80,2016
Sam Bradford,QB,80,2016
Cam Newton,QB,79,2016
Carson Wentz,QB,78,2016
Trevor Siemian,QB,78,2016
Alex Smith,QB,77,2016
Brock Osweiler,QB,77,2016
Ryan Tannehill,QB,77,2016
Tyrod Taylor,QB,76,2016
Colin Kaepernick,QB,74,2016
Ryan Fitzpatrick,QB,73,2016
Case Keenum,QB,70,2016
Matt Barkley,QB,68,2016
Brian Hoyer,QB,67,2016
Cody Kessler,QB,67,2016
Matt Moore,QB,67,2016
Josh McCown,QB,66,2016
Blaine Gabbert,QB,65,2016
Jared Goff,QB,65,2016
Jay Cutler,QB,65,2016
Bryce Petty,QB,64,2016
Jimmy Garoppolo,QB,63,2016
Landry Jones,QB,63,2016
Nick Foles,QB,63,2016
Robert Griffin III,QB,63,2016
Connor Cook,QB,62,2016
Derek Anderson,QB,62,2016
Drew Stanton,QB,62,2016
Matt Cassel,QB,62,2016
Paxton Lynch,QB,62,2016
Charlie Whitehurst,QB,61,2016
Geno Smith,QB,61,2016
Jacoby Brissett,QB,61,2016
Mike Glennon,QB,61,2016
Scott Tolzien,QB,61,2016
Shaun Hill,QB,61,2016
Tom Savage,QB,61,2016
Tony Romo,QB,61,2016
Trevone Boykin,QB,61,2016
Brett Hundley,QB,60,2016
Cardale Jones,QB,60,2016
Chad Henne,QB,60,2016
Chase Daniel,QB,60,2016
David Fales,QB,60,2016
EJ Manuel,QB,60,2016
Joe Webb,QB,60,2016
Kellen Clemens,QB,60,2016
Kevin Hogan,QB,60,2016
Mark Sanchez,QB,60,2016
Matt McGloin,QB,60,2016
Matt Schaub,QB,60,2016
Ryan Mallett,QB,60,2016
Sean Mannion,QB,60,2016
LeGarrette Blount,RB,99,2016
Ezekiel Elliott,RB,97,2016
David Johnson,RB,94,2016
Devonta Freeman,RB,90,2016
LeSean McCoy,RB,90,2016
Le'Veon Bell,RB,87,2016
Latavius Murray,RB,86,2016
DeMarco Murray,RB,84,2016
Jay Ajayi,RB,83,2016
Melvin Gordon,RB,83,2016
Jeremy Hill,RB,81,2016
Jonathan Stewart,RB,80,2016
Jordan Howard,RB,80,2016
Lamar Miller,RB,80,2016
Isaiah Crowell,RB,79,2016
Tevin Coleman,RB,79,2016
Mark Ingram,RB,78,2016
Ryan Mathews,RB,78,2016
Carlos Hyde,RB,77,2016
Matt Forte,RB,77,2016
Mike Gillislee,RB,77,2016
Todd Gurley,RB,77,2016
Christine Michael,RB,76,2016
Frank Gore,RB,75,2016
Rob Kelley,RB,75,2016
Spencer Ware,RB,74,2016
Terrance West,RB,74,2016
Derrick Henry,RB,72,2016
Matt Asiata,RB,72,2016
Robert Turbin,RB,72,2016
Bilal Powell,RB,71,2016
DeAngelo Williams,RB,71,2016
Devontae Booker,RB,71,2016
Thomas Rawls,RB,71,2016
Tim Hightower,RB,71,2016
C.J. Anderson,RB,70,2016
Rashad Jennings,RB,70,2016
Zach Zenner,RB,69,2016
Chris Ivory,RB,68,2016
Chris Thompson,RB,68,2016
Doug Martin,RB,68,2016
Jacquizz Rodgers,RB,68,2016
Jeremy Langford,RB,68,2016
Jerick McKinnon,RB,68,2016
Matt Jones,RB,68,2016
Shaun Draughn,RB,68,2016
Darren Sproles,RB,67,2016
DeAndre Washington,RB,67,2016
Damien Williams,RB,66,2016
Giovani Bernard,RB,66,2016
Jalen Richard,RB,66,2016
Kenneth Dixon,RB,66,2016
Rex Burkhead,RB,66,2016
T.J. Yeldon,RB,66,2016
Alfred Blue,RB,65,2016
Alfred Morris,RB,65,2016
Dion Lewis,RB,65,2016
Duke Johnson,RB,65,2016
James White,RB,65,2016
Kenyan Drake,RB,65,2016
Theo Riddick,RB,65,2016
Cameron Artis-Payne,RB,64,2016
Charcandrick West,RB,64,2016
Dwayne Washington,RB,64,2016
Justin Forsett,RB,64,2016
Kenjon Barner,RB,64,2016
Kerwynn Williams,RB,64,2016
Orleans Darkwa,RB,64,2016
Paul Perkins,RB,64,2016
Wendell Smallwood,RB,64,2016
Alex Collins,RB,63,2016
C.J. Prosise,RB,63,2016
Charles Sims,RB,63,2016
Corey Grant,RB,63,2016
Eddie Lacy,RB,63,2016
Jamize Olawale,RB,63,2016
Peyton Barber,RB,63,2016
Shane Vereen,RB,63,2016
Chris Johnson,RB,62,2016
Fozzy Whittaker,RB,62,2016
George Atkinson,RB,62,2016
Jamaal Charles,RB,62,2016
Jonathan Williams,RB,62,2016
Juwan Thompson,RB,62,2016
Kenneth Farrow,RB,62,2016
Lance Dunbar,RB,62,2016
Mack Brown,RB,62,2016
Mike Davis,RB,62,2016
Terrell Watson,RB,62,2016
Adrian Peterson,RB,61,2016
Akeem Hunt,RB,61,2016
Ameer Abdullah,RB,61,2016
Andre Ellington,RB,61,2016
Andre Williams,RB,61,2016
Benny Cunningham,RB,61,2016
Bobby Rainey,RB,61,2016
Byron Marshall,RB,61,2016
Danny Woodhead,RB,61,2016
Darren McFadden,RB,61,2016
Denard Robinson,RB,61,2016
DuJuan Harris,RB,61,2016
Fitzgerald Toussaint,RB,61,2016
James Starks,RB,61,2016
Jonathan Grimes,RB,61,2016
Jordan Todman,RB,61,2016
Ka'Deem Carey,RB,61,2016
Kapri Bibbs,RB,61,2016
Reggie Bush,RB,61,2016
Ronnie Hillman,RB,61,2016
Terron Ward,RB,61,2016
Antone Smith,RB,60,2016
Antonio Andrews,RB,60,2016
Arian Foster,RB,60,2016
Brandon Bolden,RB,60,2016
Brandon Burks,RB,60,2016
Brandon Wilds,RB,60,2016
Bronson Hill,RB,60,2016
C.J. Spiller,RB,60,2016
Cedric Peerman,RB,60,2016
Chase Reynolds,RB,60,2016
Cordarrelle Patterson,RB,60,2016
D.J. Foster,RB,60,2016
Daniel Lasco,RB,60,2016
Danny Vitale,RB,60,2016
Daryl Richardson,RB,60,2016
Don Jackson,RB,60,2016
George Farmer,RB,60,2016
Isaiah Pead,RB,60,2016
J.D. McKissic,RB,60,2016
Jalston Fowler,RB,60,2016
Javorius Allen,RB,60,2016
Joe Banyard,RB,60,2016
Joique Bell,RB,60,2016
Josh Ferguson,RB,60,2016
Khiry Robinson,RB,60,2016
Knile Davis,RB,60,2016
Lorenzo Taliaferro,RB,60,2016
Malcolm Brown,RB,60,2016
Malcolm Johnson,RB,60,2016
Marcus Murphy,RB,60,2016
Mike James,RB,60,2016
Patrick DiMarco,RB,60,2016
Raheem Mostert,RB,60,2016
Rod Smith,RB,60,2016
Stepfan Taylor,RB,60,2016
Stevan Ridley,RB,60,2016
Taiwan Jones,RB,60,2016
Terrence Magee,RB,60,2016
Travaris Cadet,RB,60,2016
Troymaine Pope,RB,60,2016
Tyler Ervin,RB,60,2016
Aaron Williams,S,60,2016
Adrian Amos,S,60,2016
Barry Church,S,60,2016
Bradley McDougald,S,60,2016
Clayton Geathers,S,60,2016
Colin Jones,S,60,2016
Corey White,S,60,2016
Da'Norris Searcy,S,60,2016
Daimion Stafford,S,60,2016
Damarious Randall,S,60,2016
Darian Stewart,S,60,2016
Daryl Worley,S,60,2016
David Bruton,S,60,2016
DeAngelo Hall,S,60,2016
Donte Whitner,S,60,2016
Duke Williams,S,60,2016
Duron Harmon,S,60,2016
Eric Murray,S,60,2016
Eric Reid,S,60,2016
George Iloka,S,60,2016
Ha Ha Clinton-Dix,S,60,2016
Isa Abdul-Quddus,S,60,2016
Jahleel Addae,S,60,2016
James Ihedigbo,S,60,2016
Jaquiski Tartt,S,60,2016
Jason McCourty,S,60,2016
Jayron Kearse,S,60,2016
Jeff Heath,S,60,2016
Jordan Lucas,S,60,2016
Kareem Jackson,S,60,2016
Kayvon Webster,S,60,2016
Keanu Neal,S,60,2016
Keith McGill,S,60,2016
Kelcie McCray,S,60,2016
Kemal Ishmael,S,60,2016
Kendrick Lewis,S,60,2016
Kenny Vaccaro,S,60,2016
Kentrell Brice,S,60,2016
Kurt Coleman,S,60,2016
Lamarcus Joyner,S,60,2016
Malcolm Jenkins,S,60,2016
Marcus Gilchrist,S,60,2016
Matt Elam,S,60,2016
Micah Hyde,S,60,2016
Mike Mitchell,S,60,2016
Morgan Burnett,S,60,2016
Nate Allen,S,60,2016
P.J. Williams,S,60,2016
Patrick Chung,S,60,2016
Quandre Diggs,S,60,2016
Quintin Demps,S,60,2016
Roman Harper,S,60,2016
Sharrod Neasman,S,60,2016
Shawn Williams,S,60,2016
T.J. McDonald,S,60,2016
Tony Jefferson,S,60,2016
Tyvon Branch,S,60,2016
Vonn Bell,S,60,2016
Will Davis,S,60,2016
Will Parks,S,60,2016
Deon Bush,SAF,60,2016
Jimmie Ward,SAF,60,2016
Jordan Dangerfield,SAF,60,2016
Miles Killebrew,SAF,60,2016
Shamiel Gary,SAF,60,2016
Jimmy Graham,TE,99,2016
Cameron Brate,TE,96,2016
Delanie Walker,TE,96,2016
Kyle Rudolph,TE,96,2016
Martellus Bennett,TE,96,2016
Travis Kelce,TE,94,2016
Hunter Henry,TE,93,2016
Antonio Gates,TE,91,2016
Jordan Reed,TE,91,2016
Greg Olsen,TE,89,2016
C.J. Fiedorowicz,TE,87,2016
Zach Ertz,TE,87,2016
Dwayne Allen,TE,86,2016
Jack Doyle,TE,86,2016
Jason Witten,TE,85,2016
Jordan Matthews,TE,84,2016
Charles Clay,TE,82,2016
Tyler Eifert,TE,82,2016
Coby Fleener,TE,81,2016
Zach Miller,TE,81,2016
Jared Cook,TE,80,2016
Dennis Pitta,TE,79,2016
Rob Gronkowski,TE,79,2016
Vance McDonald,TE,79,2016
Austin Hooper,TE,78,2016
Jesse James,TE,78,2016
Dion Sims,TE,77,2016
Gary Barnidge,TE,77,2016
Julius Thomas,TE,77,2016
Vernon Davis,TE,77,2016
Clive Walford,TE,76,2016
Eric Ebron,TE,76,2016
Garrett Celek,TE,75,2016
Lance Kendricks,TE,75,2016
Richard Rodgers,TE,75,2016
Ryan Griffin,TE,75,2016
Jacob Tamme,TE,73,2016
Jermaine Gresham,TE,73,2016
Levine Toilolo,TE,71,2016
Will Tye,TE,71,2016
Ladarius Green,TE,69,2016
Trey Burton,TE,69,2016
Anthony Fasano,TE,68,2016
Darren Waller,TE,68,2016
Erik Swoope,TE,68,2016
Luke Willson,TE,68,2016
Seth DeValve,TE,68,2016
Xavier Grimble,TE,68,2016
C.J. Uzomah,TE,67,2016
Mychal Rivera,TE,67,2016
Virgil Green,TE,67,2016
Austin Seferian-Jenkins,TE,66,2016
Ben Koyack,TE,66,2016
Darren Fells,TE,66,2016
Josh Hill,TE,66,2016
Marcedes Lewis,TE,66,2016
Daniel Brown,TE,65,2016
Demetrius Harris,TE,65,2016
Ed Dickson,TE,65,2016
Jerell Adams,TE,65,2016
Larry Donnell,TE,65,2016
Stephen Anderson,TE,65,2016
Tyler Higbee,TE,65,2016
Alan Cross,TE,64,2016
Brandon Myers,TE,64,2016
Crockett Gillmore,TE,64,2016
Dominique Jones,TE,64,2016
Gavin Escobar,TE,64,2016
John Phillips,TE,64,2016
Jordan Cameron,TE,64,2016
Josh Perkins,TE,64,2016
A.J. Derby,TE,63,2016
Brent Celek,TE,63,2016
Connor Hamlett,TE,63,2016
Jeff Heuerman,TE,63,2016
MarQueis Gray,TE,63,2016
Matt Lengel,TE,63,2016
Blake Bell,TE,62,2016
Neal Sterling,TE,62,2016
Nick O'Leary,TE,62,2016
Tyler Kroft,TE,62,2016
Ben Braunecker,TE,61,2016
Brandon Bostick,TE,61,2016
Brandon Williams,TE,61,2016
David Johnson,TE,61,2016
Geoff Swaim,TE,61,2016
Ifeanyi Momah,TE,61,2016
Jace Amaro,TE,61,2016
Justin Perillo,TE,61,2016
Lee Smith,TE,61,2016
Nick Boyle,TE,61,2016
Nick Vannett,TE,61,2016
Phillip Supernaw,TE,61,2016
Rhett Ellison,TE,61,2016
Alex Ellis,TE,60,2016
Bradley Sowell,TE,60,2016
Braedon Bowman,TE,60,2016
Chris Manhertz,TE,60,2016
Clay Harbor,TE,60,2016
Cole Wick,TE,60,2016
Cory Harkey,TE,60,2016
David Morgan,TE,60,2016
Derek Carrier,TE,60,2016
Eric Tomlinson,TE,60,2016
Gerald Christian,TE,60,2016
Hakeem Valles,TE,60,2016
Henry Krieger-Coble,TE,60,2016
James O'Shaughnessy,TE,60,2016
Je'Ron Hamm,TE,60,2016
Kellen Davis,TE,60,2016
Khari Lee,TE,60,2016
Logan Paulsen,TE,60,2016
Luke Stocker,TE,60,2016
Matthew Mulligan,TE,60,2016
Maxx Williams,TE,60,2016
MyCole Pruitt,TE,60,2016
Niles Paul,TE,60,2016
Orson Charles,TE,60,2016
Randall Telfer,TE,60,2016
Ross Travis,TE,60,2016
Ryan Hewitt,TE,60,2016
Sean McGrath,TE,60,2016
Temarrick Hemingway,TE,60,2016
Troy Niklas,TE,60,2016
Vince Mayle,TE,60,2016
Antonio Brown,WR,99,2016
Jordy Nelson,WR,98,2016
Davante Adams,WR,95,2016
Mike Evans,WR,93,2016
Julio Jones,WR,92,2016
Odell Beckham Jr.,WR,90,2016
Doug Baldwin,WR,88,2016
Dez Bryant,WR,86,2016
Michael Thomas,WR,86,2016
Brandin Cooks,WR,85,2016
Michael Crabtree,WR,84,2016
Rishard Matthews,WR,84,2016
T.Y. Hilton,WR,84,2016
Kenny Stills,WR,83,2016
Tyrell Williams,WR,82,2016
Julian Edelman,WR,81,2016
Kelvin Benjamin,WR,81,2016
Sterling Shepard,WR,81,2016
Amari Cooper,WR,80,2016
Chris Hogan,WR,80,2016
Jamison Crowder,WR,80,2016
Larry Fitzgerald,WR,80,2016
Randall Cobb,WR,80,2016
Allen Robinson,WR,79,2016
Anquan Boldin,WR,79,2016
DeAndre Hopkins,WR,79,2016
Demaryius Thomas,WR,79,2016
Emmanuel Sanders,WR,79,2016
Jarvis Landry,WR,79,2016
Adam Thielen,WR,78,2016
Brandon LaFell,WR,78,2016
Golden Tate,WR,78,2016
Kenny Britt,WR,78,2016
Mohamed Sanu,WR,78,2016
Cole Beasley,WR,77,2016
DeSean Jackson,WR,77,2016
Marvin Jones,WR,77,2016
Mike Wallace,WR,77,2016
Taylor Gabriel,WR,77,2016
Terrelle Pryor,WR,77,2016
A.J. Green,WR,76,2016
J.J. Nelson,WR,76,2016
Steve Smith,WR,76,2016
Tyreek Hill,WR,76,2016
Willie Snead,WR,76,2016
Cameron Meredith,WR,75,2016
DeVante Parker,WR,75,2016
Donte Moncrief,WR,75,2016
Dontrelle Inman,WR,75,2016
Pierre Garcon,WR,75,2016
Quincy Enunwa,WR,75,2016
Stefon Diggs,WR,74,2016
Ted Ginn,WR,74,2016
Brandon Marshall,WR,73,2016
Marqise Lee,WR,73,2016
Michael Floyd,WR,73,2016
Terrance Williams,WR,73,2016
Travis Benjamin,WR,73,2016
Danny Amendola,WR,72,2016
Eli Rogers,WR,72,2016
Jeremy Kerley,WR,72,2016
Seth Roberts,WR,72,2016
Alshon Jeffery,WR,71,2016
Brian Quick,WR,71,2016
Malcolm Mitchell,WR,71,2016
Allen Hurns,WR,70,2016
Breshad Perriman,WR,70,2016
Devin Funchess,WR,70,2016
Tavon Austin,WR,70,2016
Will Fuller,WR,70,2016
Adam Humphries,WR,69,2016
Corey Coleman,WR,69,2016
Jeremy Maclin,WR,69,2016
Justin Hardy,WR,69,2016
Kendall Wright,WR,69,2016
Marquise Goodwin,WR,69,2016
Phillip Dorsett,WR,69,2016
Robbie Chosen,WR,69,2016
Albert Wilson,WR,68,2016
Andre Holmes,WR,68,2016
Andrew Hawkins,WR,68,2016
Brandon Coleman,WR,68,2016
Cobi Hamilton,WR,68,2016
John Brown,WR,68,2016
Justin Hunter,WR,68,2016
Robert Woods,WR,68,2016
Sammie Coates,WR,68,2016
Sammy Watkins,WR,68,2016
Tajae Sharpe,WR,68,2016
Torrey Smith,WR,68,2016
Tyler Boyd,WR,68,2016
Tyler Lockett,WR,68,2016
Victor Cruz,WR,68,2016
Aldrick Robinson,WR,67,2016
Brice Butler,WR,67,2016
Dorial Green-Beckham,WR,67,2016
Eddie Royal,WR,67,2016
Jermaine Kearse,WR,67,2016
Nelson Agholor,WR,67,2016
Paul Richardson,WR,67,2016
Russell Shepard,WR,67,2016
Bryan Walters,WR,66,2016
Deonte Thompson,WR,66,2016
Geronimo Allison,WR,66,2016
Bennie Fowler,WR,65,2016
Chris Conley,WR,65,2016
Darrius Heyward-Bey,WR,65,2016
Eric Decker,WR,65,2016
Jalin Marshall,WR,65,2016
Jordan Taylor,WR,65,2016
Kamar Aiken,WR,65,2016
Rod Streater,WR,65,2016
Tanner McEvoy,WR,65,2016
Andre Johnson,WR,64,2016
Andre Roberts,WR,64,2016
Corey Brown,WR,64,2016
Jaron Brown,WR,64,2016
Jordan Norwood,WR,64,2016
Josh Bellamy,WR,64,2016
Quinton Patton,WR,64,2016
Roger Lewis,WR,64,2016
Ty Montgomery,WR,64,2016
Arrelious Benn,WR,63,2016
Braxton Miller,WR,63,2016
Chester Rogers,WR,63,2016
Freddie Martino,WR,63,2016
Greg Salas,WR,63,2016
Jeff Janis,WR,63,2016
Josh Huff,WR,63,2016
Marquess Wilson,WR,63,2016
Tavarres King,WR,63,2016
Brittan Golden,WR,62,2016
Cecil Shorts,WR,62,2016
Charles D. Johnson,WR,62,2016
Charone Peake,WR,62,2016
Cody Core,WR,62,2016
DeMarcus Ayers,WR,62,2016
Dwayne Harris,WR,62,2016
Harry Douglas,WR,62,2016
Jarius Wright,WR,62,2016
Jeremy Ross,WR,62,2016
Kevin White,WR,62,2016
Leonte Carroo,WR,62,2016
Markus Wheaton,WR,62,2016
Ricardo Louis,WR,62,2016
Trevor Davis,WR,62,2016
Vincent Jackson,WR,62,2016
Aaron Burbridge,WR,61,2016
Alex Erickson,WR,61,2016
Brandon Tate,WR,61,2016
Bryce Treggs,WR,61,2016
Chris Harper,WR,61,2016
Cody Latimer,WR,61,2016
Jaelen Strong,WR,61,2016
James Wright,WR,61,2016
Josh Doctson,WR,61,2016
Keenan Allen,WR,61,2016
Keith Mumphery,WR,61,2016
Maurice Harris,WR,61,2016
Nick Williams,WR,61,2016
Paul Turner,WR,61,2016
Pharoh Cooper,WR,61,2016
Rashard Higgins,WR,61,2016
Ryan Grant,WR,61,2016
T.J. Jones,WR,61,2016
Tommylee Lewis,WR,61,2016
Walt Powell,WR,61,2016
Wendall Williams,WR,61,2016
Bradley Marquez,WR,60,2016
Bralon Addison,WR,60,2016
Brenton Bersin,WR,60,2016
Chris Moore,WR,60,2016
Damiere Byrd,WR,60,2016
Daniel Braverman,WR,60,2016
De'Anthony Thomas,WR,60,2016
DeAndre Smelter,WR,60,2016
Demarcus Robinson,WR,60,2016
Devin Hester,WR,60,2016
Devin Smith,WR,60,2016
Devin Street,WR,60,2016
Dexter McCluster,WR,60,2016
Dezmin Lewis,WR,60,2016
Eric Weems,WR,60,2016
Geremy Davis,WR,60,2016
Griff Whalen,WR,60,2016
Isaac Fruechte,WR,60,2016
Isaiah Burse,WR,60,2016
Jake Lampman,WR,60,2016
Jakeem Grant,WR,60,2016
Jared Abbrederis,WR,60,2016
Jeremy Butler,WR,60,2016
Johnny Holton,WR,60,2016
Jordan Payton,WR,60,2016
Kalif Raymond,WR,60,2016
Kasen Williams,WR,60,2016
Keshawn Martin,WR,60,2016
Laquon Treadwell,WR,60,2016
Lucky Whitehead,WR,60,2016
Marc Mariani,WR,60,2016
Mario Alford,WR,60,2016
Matthew Slater,WR,60,2016
Michael Campanaro,WR,60,2016
Mike Thomas,WR,60,2016
Paul McRoberts,WR,60,2016
Percy Harvin,WR,60,2016
Quan Bray,WR,60,2016
Rashad Greene,WR,60,2016
Rashad Ross,WR,60,2016
Shane Wynn,WR,60,2016
Tony Washington,WR,60,2016
A.Q. Shipley,C,60,2017
Aaron Neary,C,60,2017
Adam Redmond,C,60,2017
Alex Mack,C,60,2017
Austin Blythe,C,60,2017
Ben Garland,C,60,2017
Ben Jones,C,60,2017
Brandon Linder,C,60,2017
Brett Jones,C,60,2017
Chase Roullier,C,60,2017
Corey Linsley,C,60,2017
Daniel Kilgore,C,60,2017
David Andrews,C,60,2017
Deyshawn Bond,C,60,2017
Eric Wood,C,60,2017
Ethan Pocic,C,60,2017
Evan Smith,C,60,2017
Graham Glasgow,C,60,2017
Hroniss Grasu,C,60,2017
JC Tretter,C,60,2017
Jason Kelce,C,60,2017
Joe Hawley,C,60,2017
John Greco,C,60,2017
John Sullivan,C,60,2017
Jon Halapio,C,60,2017
Justin Britt,C,60,2017
Kyle Kalis,C,60,2017
Matt Paradis,C,60,2017
Maurkice Pouncey,C,60,2017
Max Unger,C,60,2017
Mike Pouncey,C,60,2017
Mitch Morse,C,60,2017
Nick Martin,C,60,2017
Pat Elflein,C,60,2017
Rodney Hudson,C,60,2017
Russell Bodine,C,60,2017
Ryan Jensen,C,60,2017
Spencer Pulley,C,60,2017
Travis Frederick,C,60,2017
Travis Swanson,C,60,2017
Trey Hopkins,C,60,2017
Tyler Larsen,C,60,2017
Tyler Shatley,C,60,2017
Wesley Johnson,C,60,2017
Weston Richburg,C,60,2017
A.J. Bouye,CB,60,2017
Aaron Colvin,CB,60,2017
Adoree' Jackson,CB,60,2017
Ahkello Witherspoon,CB,60,2017
Anthony Brown,CB,60,2017
Antonio Hamilton,CB,60,2017
Aqib Talib,CB,60,2017
Arthur Maulet,CB,60,2017
Artie Burns,CB,60,2017
Bashaud Breeland,CB,60,2017
Bene' Benwikere,CB,60,2017
Blake Countess,CB,60,2017
Bobby McCain,CB,60,2017
Bradley Roby,CB,60,2017
Brandon Carr,CB,60,2017
Brandon Williams,CB,60,2017
Brent Grimes,CB,60,2017
Breon Borders,CB,60,2017
Brian Allen,CB,60,2017
Brian Poole,CB,60,2017
Brice McCain,CB,60,2017
Briean Boddy-Calhoun,CB,60,2017
Bryce Callahan,CB,60,2017
Buster Skrine,CB,60,2017
Byron Jones,CB,60,2017
Byron Maxwell,CB,60,2017
C.J. Goodwin,CB,60,2017
C.J. Smith,CB,60,2017
Cameron Sutton,CB,60,2017
Casey Hayward,CB,60,2017
Chidobe Awuzie,CB,60,2017
Chris Harris,CB,60,2017
Chris Milton,CB,60,2017
Cordrea Tankersley,CB,60,2017
Coty Sensabaugh,CB,60,2017
Cre'von LeBlanc,CB,60,2017
D.J. White,CB,60,2017
Darius Slay,CB,60,2017
Darryl Roberts,CB,60,2017
De'Vante Harris,CB,60,2017
Deji Olatoye,CB,60,2017
Derrick Kindred,CB,60,2017
Desmond Trufant,CB,60,2017
Dexter McDonald,CB,60,2017
Dexter McDougle,CB,60,2017
Dominique Hatfield,CB,60,2017
Dominique Rodgers-Cromartie,CB,60,2017
Donte' Deayon,CB,60,2017
Dre Kirkpatrick,CB,60,2017
E.J. Gaines,CB,60,2017
Eli Apple,CB,60,2017
Eric Rowe,CB,60,2017
Fabian Moreau,CB,60,2017
Gareon Conley,CB,60,2017
Greg Mabin,CB,60,2017
Harlan Miller,CB,60,2017
Jalen Mills,CB,60,2017
Jalen Myrick,CB,60,2017
Jalen Ramsey,CB,60,2017
Jamar Taylor,CB,60,2017
James Bradberry,CB,60,2017
Janoris Jenkins,CB,60,2017
Javien Elliott,CB,60,2017
Jaylen Hill,CB,60,2017
Jeremy Clark,CB,60,2017
Jeremy Lane,CB,60,2017
Jimmy Smith,CB,60,2017
Joe Haden,CB,60,2017
Johnathan Joseph,CB,60,2017
Jonathan Jones,CB,60,2017
Josh Hawkins,CB,60,2017
Josh Norman,CB,60,2017
Josh Shaw,CB,60,2017
Joshua Holsey,CB,60,2017
Jourdan Lewis,CB,60,2017
Justin Bethel,CB,60,2017
Justin Coleman,CB,60,2017
KeiVarae Russell,CB,60,2017
Keith Reaser,CB,60,2017
Ken Crawley,CB,60,2017
Kendall Fuller,CB,60,2017
Kenneth Acker,CB,60,2017
Kenny Moore II,CB,60,2017
Kevin Johnson,CB,60,2017
Kevin King,CB,60,2017
Kevin Peterson,CB,60,2017
Kevon Seymour,CB,60,2017
Kyle Fuller,CB,60,2017
LaDarius Gunter,CB,60,2017
Lafayette Pitts,CB,60,2017
LeShaun Sims,CB,60,2017
Lenzy Pipkins,CB,60,2017
Logan Ryan,CB,60,2017
Mackensie Alexander,CB,60,2017
Malcolm Butler,CB,60,2017
Marcus Peters,CB,60,2017
Marcus Rios,CB,60,2017
Marlon Humphrey,CB,60,2017
Marshon Lattimore,CB,60,2017
Maurice Canady,CB,60,2017
Michael Davis,CB,60,2017
Michael Hunter,CB,60,2017
Mike Hilton,CB,60,2017
Mike Jordan,CB,60,2017
Morris Claiborne,CB,60,2017
Nate Hairston,CB,60,2017
Neiko Thorpe,CB,60,2017
Nevin Lawson,CB,60,2017
Nolan Carroll,CB,60,2017
Patrick Peterson,CB,60,2017
Patrick Robinson,CB,60,2017
Phillip Gaines,CB,60,2017
Pierre Desir,CB,60,2017
Prince Amukamara,CB,60,2017
Quincy Wilson,CB,60,2017
Quinten Rollins,CB,60,2017
Quinton Dunbar,CB,60,2017
Rashaan Melvin,CB,60,2017
Rashard Robinson,CB,60,2017
Rasul Douglas,CB,60,2017
Richard Sherman,CB,60,2017
Robert Alford,CB,60,2017
Ronald Darby,CB,60,2017
Ross Cockrell,CB,60,2017
Ryan Smith,CB,60,2017
Sean Smith,CB,60,2017
Shaquill Griffin,CB,60,2017
Sidney Jones,CB,60,2017
Stanley Jean-Baptiste,CB,60,2017
Stephon Gilmore,CB,60,2017
Sterling Moore,CB,60,2017
Steven Nelson,CB,60,2017
Teez Tabor,CB,60,2017
Terence Newman,CB,60,2017
Terrance Mitchell,CB,60,2017
Tony McRae,CB,60,2017
Torry McTyer,CB,60,2017
Trae Waynes,CB,60,2017
Tramon Williams,CB,60,2017
Tre'Davious White,CB,60,2017
Trevor Williams,CB,60,2017
Troy Hill,CB,60,2017
Trumaine Johnson,CB,60,2017
Tye Smith,CB,60,2017
Vernon Hargreaves III,CB,60,2017
Vontae Davis,CB,60,2017
William Jackson,CB,60,2017
Xavien Howard,CB,60,2017
Xavier Coleman,CB,60,2017
Xavier Rhodes,CB,60,2017
Adam Jones,DB,60,2017
Adrian Phillips,DB,60,2017
Alterraun Verner,DB,60,2017
Andre Hal,DB,60,2017
Andrew Adams,DB,60,2017
Anthony Harris,DB,60,2017
Anthony Levine,DB,60,2017
Asa Jackson,DB,60,2017
Blidi Wreh-Wilson,DB,60,2017
Brandon Dixon,DB,60,2017
Brandon Wilson,DB,60,2017
Brynden Trawick,DB,60,2017
Calvin Pryor,DB,60,2017
Captain Munnerlyn,DB,60,2017
Charles Washington,DB,60,2017
Chris Banjo,DB,60,2017
Chris Maragos,DB,60,2017
Chris Prosinski,DB,60,2017
Chuck Clark,DB,60,2017
Clayton Fejedelem,DB,60,2017
Cody Davis,DB,60,2017
Colt Anderson,DB,60,2017
Corey Moore,DB,60,2017
D.J. Hayden,DB,60,2017
Daniel Sorensen,DB,60,2017
Darian Thompson,DB,60,2017
Darqueze Dennard,DB,60,2017
Darrelle Revis,DB,60,2017
Darryl Morris,DB,60,2017
David Amerson,DB,60,2017
Davon House,DB,60,2017
DeAndre Houston-Carson,DB,60,2017
DeShawn Shead,DB,60,2017
Demetrious Cox,DB,60,2017
Demetrius McCray,DB,60,2017
Deshazor Everett,DB,60,2017
Desmond King,DB,60,2017
Dexter McCoil,DB,60,2017
Don Carey,DB,60,2017
Donatello Brown,DB,60,2017
Dontae Johnson,DB,60,2017
Dymonte Thomas,DB,60,2017
Eddie Pleasant,DB,60,2017
Eric Berry,DB,60,2017
Fish Smithson,DB,60,2017
Ibraheim Campbell,DB,60,2017
Isaiah Johnson,DB,60,2017
J.J. Wilcox,DB,60,2017
Jairus Byrd,DB,60,2017
Jason Verrett,DB,60,2017
Jermaine Whitehead,DB,60,2017
John Johnson,DB,60,2017
Johnathan Cyprien,DB,60,2017
Johnson Bademosi,DB,60,2017
Johnthan Banks,DB,60,2017
Josh Robinson,DB,60,2017
Justin Hardee,DB,60,2017
K'Waun Williams,DB,60,2017
Kai Nacua,DB,60,2017
Kalan Reed,DB,60,2017
Kam Chancellor,DB,60,2017
Keith Tandy,DB,60,2017
Leon Hall,DB,60,2017
Leon McQuay III,DB,60,2017
Leonard Johnson,DB,60,2017
Lorenzo Jerome,DB,60,2017
Marcus Burley,DB,60,2017
Marcus Cooper,DB,60,2017
Marcus Sherels,DB,60,2017
Marcus Williams,DB,60,2017
Marqui Christian,DB,60,2017
Marwin Evans,DB,60,2017
Matthias Farley,DB,60,2017
Maurice Smith,DB,60,2017
Michael Thomas,DB,60,2017
Nat Berhe,DB,60,2017
Nate Ebner,DB,60,2017
Nickell Robey-Coleman,DB,60,2017
Obi Melifonwu,DB,60,2017
Orlando Scandrick,DB,60,2017
Peyton Thompson,DB,60,2017
Rafael Bush,DB,60,2017
Robert Blanton,DB,60,2017
Robert McClain,DB,60,2017
Robert Nelson,DB,60,2017
Rontez Miles,DB,60,2017
Ryan Murphy,DB,60,2017
Shalom Luani,DB,60,2017
Shamarko Thomas,DB,60,2017
Shareece Wright,DB,60,2017
Sherrick McManis,DB,60,2017
Stefan McClure,DB,60,2017
Steven Terrell,DB,60,2017
T.J. Carrie,DB,60,2017
T.J. Green,DB,60,2017
T.J. Ward,DB,60,2017
Tramaine Brock,DB,60,2017
Treston Decoud,DB,60,2017
Tyler Patmon,DB,60,2017
Tyvis Powell,DB,60,2017
Walt Aikens,DB,60,2017
A'Shawn Robinson,DE,60,2017
Adam Gotsis,DE,60,2017
Adrian Clayborn,DE,60,2017
Akiem Hicks,DE,60,2017
Al-Quadin Muhammad,DE,60,2017
Alex Barrett,DE,60,2017
Alex Okafor,DE,60,2017
Allen Bailey,DE,60,2017
Andre Branch,DE,60,2017
Angelo Blackson,DE,60,2017
Anthony Johnson,DE,60,2017
Anthony Lanier,DE,60,2017
Anthony Zettel,DE,60,2017
Arthur Moats,DE,60,2017
Avery Moss,DE,60,2017
Branden Jackson,DE,60,2017
Brandon Banks,DE,60,2017
Brandon Graham,DE,60,2017
Brandon Williams,DE,60,2017
Brent Urban,DE,60,2017
Brian Robison,DE,60,2017
Bryan Cox,DE,60,2017
Calais Campbell,DE,60,2017
Cameron Jordan,DE,60,2017
Cameron Malveaux,DE,60,2017
Cap Capi,DE,60,2017
Carl Lawson,DE,60,2017
Carlos Dunlap,DE,60,2017
Carlos Watkins,DE,60,2017
Carroll Phillips,DE,60,2017
Chandler Jones,DE,60,2017
Charles Johnson,DE,60,2017
Charles Tapper,DE,60,2017
Chris Jones,DE,60,2017
Chris Long,DE,60,2017
Chris McCain,DE,60,2017
Chris Odom,DE,60,2017
Chris Wormley,DE,60,2017
Christian Covington,DE,60,2017
Christian Ringo,DE,60,2017
Claude Pelon,DE,60,2017
Cliff Avril,DE,60,2017
Corey Peters,DE,60,2017
Cornelius Washington,DE,60,2017
Courtney Upshaw,DE,60,2017
DJ Reader,DE,60,2017
Dalvin Tomlinson,DE,60,2017
Damontre Moore,DE,60,2017
Danielle Hunter,DE,60,2017
Dante Fowler Jr.,DE,60,2017
Darryl Tapp,DE,60,2017
Datone Jones,DE,60,2017
David King,DE,60,2017
Dawuane Smoot,DE,60,2017
DeMarcus Lawrence,DE,60,2017
DeMarcus Walker,DE,60,2017
Deatrich Wise,DE,60,2017
Dee Ford,DE,60,2017
Derek Barnett,DE,60,2017
Derek Wolfe,DE,60,2017
Derrick Shelby,DE,60,2017
Devin Taylor,DE,60,2017
Dion Jordan,DE,60,2017
Dwight Freeney,DE,60,2017
Ed Stinson,DE,60,2017
Eddie Yarbrough,DE,60,2017
Elvis Dumervil,DE,60,2017
Emmanuel Ogbah,DE,60,2017
Eric Lee,DE,60,2017
Everson Griffen,DE,60,2017
Ezekiel Ansah,DE,60,2017
Frostee Rucker,DE,60,2017
Geneo Grissom,DE,60,2017
George Johnson,DE,60,2017
Henry Anderson,DE,60,2017
Isaac Rochell,DE,60,2017
J.J. Watt,DE,60,2017
Jabaal Sheard,DE,60,2017
Jacquies Smith,DE,60,2017
Jeremiah Valoaga,DE,60,2017
Jerry Hughes,DE,60,2017
Joel Heath,DE,60,2017
Joey Bosa,DE,60,2017
Jonathan Allen,DE,60,2017
Jonathan Bullard,DE,60,2017
Jordan Jenkins,DE,60,2017
Jordan Willis,DE,60,2017
Josh Mauro,DE,60,2017
Julius Peppers,DE,60,2017
Jurrell Casey,DE,60,2017
Karl Klug,DE,60,2017
Kasim Edebali,DE,60,2017
Kerry Wynn,DE,60,2017
Kony Ealy,DE,60,2017
Kyle Peko,DE,60,2017
L.T. Walton,DE,60,2017
Leger Douzable,DE,60,2017
Leonard Floyd,DE,60,2017
Leonard Williams,DE,60,2017
Lerentee McCray,DE,60,2017
Lewis Neal,DE,60,2017
Margus Hunt,DE,60,2017
Michael Bennett,DE,60,2017
Michael Johnson,DE,60,2017
Mike Daniels,DE,60,2017
Morgan Fox,DE,60,2017
Muhammad Wilkerson,DE,60,2017
Myles Garrett,DE,60,2017
Nate Orchard,DE,60,2017
Noah Spence,DE,60,2017
Olivier Vernon,DE,60,2017
Preston Smith,DE,60,2017
Quinton Jefferson,DE,60,2017
Reggie Gilbert,DE,60,2017
Robert Ayers,DE,60,2017
Robert Quinn,DE,60,2017
Rodney Gunter,DE,60,2017
Romeo Okwara,DE,60,2017
Ronald Blair,DE,60,2017
Roy Robertson-Harris,DE,60,2017
Ryan Davis,DE,60,2017
Ryan Kerrigan,DE,60,2017
Ryan Russell,DE,60,2017
Samson Ebukam,DE,60,2017
Shaq Lawson,DE,60,2017
Shilique Calhoun,DE,60,2017
Solomon Thomas,DE,60,2017
Stephen Weatherly,DE,60,2017
Stephon Tuitt,DE,60,2017
Taco Charlton,DE,60,2017
Takk McKinley,DE,60,2017
Tank Carradine,DE,60,2017
Tanoh Kpassagnon,DE,60,2017
Tashawn Bower,DE,60,2017
Tenny Palepoi,DE,60,2017
Terrence Fede,DE,60,2017
Trey Hendrickson,DE,60,2017
Tyrunn Walker,DE,60,2017
Tyson Alualu,DE,60,2017
Ufomba Kamalu,DE,60,2017
Vic Beasley,DE,60,2017
Vinny Curry,DE,60,2017
Wes Horton,DE,60,2017
Whitney Mercilus,DE,60,2017
Will Clarke,DE,60,2017
William Hayes,DE,60,2017
Xavier Cooper,DE,60,2017
Yannick Ngakoue,DE,60,2017
Za'Darius Smith,DE,60,2017
Zach Kerr,DE,60,2017
Aaron Donald,DL,60,2017
Mario Addison,DL,60,2017
A.J. Francis,DT,60,2017
Abry Jones,DT,60,2017
Adam Butler,DT,60,2017
Adolphus Washington,DT,60,2017
Akeem Spence,DT,60,2017
Al Woods,DT,60,2017
Andrew Billings,DT,60,2017
Arik Armstead,DT,60,2017
Beau Allen,DT,60,2017
Bennie Logan,DT,60,2017
Brandon Mebane,DT,60,2017
Brian Price,DT,60,2017
Caleb Brantley,DT,60,2017
Cam Thomas,DT,60,2017
Cameron Heyward,DT,60,2017
Carl Davis,DT,60,2017
Cedric Thornton,DT,60,2017
Chris Baker,DT,60,2017
Chunky Clements,DT,60,2017
Clinton McDonald,DT,60,2017
Corey Liuget,DT,60,2017
D.J. Jones,DT,60,2017
DaQuan Jones,DT,60,2017
Damion Square,DT,60,2017
Damon Harrison,DT,60,2017
Dan McCullers,DT,60,2017
Daniel Ross,DT,60,2017
Danny Shelton,DT,60,2017
Darius Latham,DT,60,2017
Darius Philon,DT,60,2017
David Irving,DT,60,2017
David Onyemata,DT,60,2017
David Parry,DT,60,2017
Davon Godchaux,DT,60,2017
DeForest Buckner,DT,60,2017
Dean Lowry,DT,60,2017
Deandre Coleman,DT,60,2017
Denico Autry,DT,60,2017
Destiny Vaeao,DT,60,2017
Dontari Poe,DT,60,2017
Earl Mitchell,DT,60,2017
Eddie Vanderdoes,DT,60,2017
Eli Ankou,DT,60,2017
Elijah Qualls,DT,60,2017
Ethan Westbrooks,DT,60,2017
Fletcher Cox,DT,60,2017
Gabe Wright,DT,60,2017
Garrison Smith,DT,60,2017
Geno Atkins,DT,60,2017
Gerald McCoy,DT,60,2017
Grady Jarrett,DT,60,2017
Grover Stewart,DT,60,2017
Haloti Ngata,DT,60,2017
Hassan Ridgeway,DT,60,2017
Jack Crawford,DT,60,2017
Jaleel Johnson,DT,60,2017
Jamie Meder,DT,60,2017
Jarran Reed,DT,60,2017
Jarvis Jenkins,DT,60,2017
Jay Bromley,DT,60,2017
Jerel Worthy,DT,60,2017
Jeremiah Ledbetter,DT,60,2017
Joe Vellano,DT,60,2017
Joey Mbu,DT,60,2017
John Hughes,DT,60,2017
John Jenkins,DT,60,2017
Johnathan Hankins,DT,60,2017
Jordan Phillips,DT,60,2017
Justin Ellis,DT,60,2017
Justin Hamilton,DT,60,2017
Kawann Short,DT,60,2017
Khyri Thornton,DT,60,2017
Kyle Love,DT,60,2017
Kyle Williams,DT,60,2017
Larry Ogunjobi,DT,60,2017
Lawrence Guy,DT,60,2017
Linval Joseph,DT,60,2017
Malcom Brown,DT,60,2017
Maliek Collins,DT,60,2017
Malik Jackson,DT,60,2017
Marcell Dareus,DT,60,2017
Mario Edwards,DT,60,2017
Matthew Ioannidis,DT,60,2017
Michael Bennett,DT,60,2017
Michael Brockers,DT,60,2017
Michael Pierce,DT,60,2017
Mike Pennel,DT,60,2017
Mitch Unrein,DT,60,2017
Montravius Adams,DT,60,2017
Nazair Jones,DT,60,2017
Olsen Pierre,DT,60,2017
Pat Sims,DT,60,2017
Quinton Dial,DT,60,2017
Rakeem Nunez-Roches,DT,60,2017
Richard Ash,DT,60,2017
Ricky Jean Francois,DT,60,2017
Robert Nkemdiche,DT,60,2017
Roy Miller,DT,60,2017
Ryan Glasgow,DT,60,2017
Sealver Siliga,DT,60,2017
Shamar Stephen,DT,60,2017
Shelby Harris,DT,60,2017
Sheldon Day,DT,60,2017
Sheldon Rankins,DT,60,2017
Sheldon Richardson,DT,60,2017
Stacy McGee,DT,60,2017
Star Lotulelei,DT,60,2017
Stephen Paea,DT,60,2017
Sylvester Williams,DT,60,2017
T.Y. McGill,DT,60,2017
Tanzel Smart,DT,60,2017
Terrell McClain,DT,60,2017
Timmy Jernigan,DT,60,2017
Tom Johnson,DT,60,2017
Tony McDaniel,DT,60,2017
Trevon Coley,DT,60,2017
Treyvon Hester,DT,60,2017
Tyeler Davison,DT,60,2017
Tyrique Jarrett,DT,60,2017
Tyrone Crawford,DT,60,2017
Vernon Butler,DT,60,2017
Vincent Taylor,DT,60,2017
William Gholston,DT,60,2017
Willie Henry,DT,60,2017
Woodrow Hamilton,DT,60,2017
Ziggy Hood,DT,60,2017
Aaron Ripkowski,FB,60,2017
Andy Janovich,FB,60,2017
Anthony Sherman,FB,60,2017
C.J. Ham,FB,60,2017
Derek Watt,FB,60,2017
Derrick Coleman,FB,60,2017
Elijhaa Penny,FB,60,2017
James Develin,FB,60,2017
Jay Prosch,FB,60,2017
Joe Kerridge,FB,60,2017
John Kuhn,FB,60,2017
Keith Smith,FB,60,2017
Kyle Juszczyk,FB,60,2017
Lawrence Thomas,FB,60,2017
Marquez Williams,FB,60,2017
Michael Burton,FB,60,2017
Mike Tolbert,FB,60,2017
Patrick Ricard,FB,60,2017
Roosevelt Nix,FB,60,2017
Shane Smith,FB,60,2017
Tommy Bohanon,FB,60,2017
Tre Madden,FB,60,2017
Zach Line,FB,60,2017
Adrian Colbert,FS,60,2017
Andrew Sendejo,FS,60,2017
Antoine Bethea,FS,60,2017
Chris Conte,FS,60,2017
Corey Graham,FS,60,2017
Curtis Riley,FS,60,2017
D.J. Swearinger,FS,60,2017
Darius Butler,FS,60,2017
Derron Smith,FS,60,2017
Devin McCourty,FS,60,2017
Earl Thomas,FS,60,2017
Eddie Jackson,FS,60,2017
Eric Weddle,FS,60,2017
Erik Harris,FS,60,2017
Glover Quin,FS,60,2017
Harrison Smith,FS,60,2017
Isaiah Johnson,FS,60,2017
Jabrill Peppers,FS,60,2017
Jarrod Wilson,FS,60,2017
Jaylen Watkins,FS,60,2017
Jordan Poyer,FS,60,2017
Jordan Richards,FS,60,2017
Justin Simmons,FS,60,2017
Juston Burris,FS,60,2017
Karl Joseph,FS,60,2017
Kavon Frazier,FS,60,2017
Kevin Byard,FS,60,2017
Kurtis Drummond,FS,60,2017
Lardarius Webb,FS,60,2017
Malik Hooker,FS,60,2017
Marcus Maye,FS,60,2017
Marcus Williams,FS,60,2017
Mike Adams,FS,60,2017
Montae Nicholson,FS,60,2017
Reggie Nelson,FS,60,2017
Reshad Jones,FS,60,2017
Ricardo Allen,FS,60,2017
Robert Golden,FS,60,2017
Rodney McLeod Jr.,FS,60,2017
Ron Parker,FS,60,2017
Rudy Ford,FS,60,2017
Sean Davis,FS,60,2017
Tashaun Gipson,FS,60,2017
Tavon Wilson,FS,60,2017
Tedric Thompson,FS,60,2017
Terrence Brooks,FS,60,2017
Tre Boston,FS,60,2017
Tyrann Mathieu,FS,60,2017
William Gay,FS,60,2017
Xavier Woods,FS,60,2017
A.J. Cann,G,60,2017
Alex Redmond,G,60,2017
Ali Marpet,G,60,2017
Andrus Peat,G,60,2017
Andy Levitre,G,60,2017
Arie Kouandjio,G,60,2017
B.J. Finney,G,60,2017
Brandon Brooks,G,60,2017
Brandon Fusco,G,60,2017
Brandon Scherff,G,60,2017
Brent Qvale,G,60,2017
Brian Winters,G,60,2017
Bryan Witzmann,G,60,2017
Byron Bell,G,60,2017
Caleb Benenoch,G,60,2017
Cameron Erving,G,60,2017
Chad Slade,G,60,2017
Chance Warmack,G,60,2017
Chris Reed,G,60,2017
Clint Boling,G,60,2017
Cody Whitehair,G,60,2017
Connor McGovern,G,60,2017
D.J. Fluker,G,60,2017
Dakota Dozier,G,60,2017
Dan Feeney,G,60,2017
Danny Isidora,G,60,2017
David DeCastro,G,60,2017
Denzelle Good,G,60,2017
Don Barclay,G,60,2017
Earl Watford,G,60,2017
Emmett Cleary,G,60,2017
Ereck Flowers,G,60,2017
Evan Boehm,G,60,2017
Gabe Jackson,G,60,2017
Greg Van Roten,G,60,2017
Halapoulivaati Vaitai,G,60,2017
Isaac Seumalo,G,60,2017
J.R. Sweezy,G,60,2017
Jack Mewhort,G,60,2017
Jahri Evans,G,60,2017
James Carpenter,G,60,2017
James Hurst,G,60,2017
Jamon Brown,G,60,2017
Jeff Allen,G,60,2017
Jeremy Vujnovich,G,60,2017
Jermaine Eluemunor,G,60,2017
Jesse Davis,G,60,2017
Joe Berger,G,60,2017
Joe Thuney,G,60,2017
Joel Bitonio,G,60,2017
John Miller,G,60,2017
John Wetzel,G,60,2017
Jon Feliciano,G,60,2017
Jonathan Cooper,G,60,2017
Jordan Devey,G,60,2017
Josh Kline,G,60,2017
Josh LeRibeus,G,60,2017
Josh Sitton,G,60,2017
Justin McCray,G,60,2017
Justin Pugh,G,60,2017
Kelechi Osemele,G,60,2017
Kenny Wiggins,G,60,2017
Kevin Pamphile,G,60,2017
Kevin Zeitler,G,60,2017
Kyle Fuller,G,60,2017
Kyle Long,G,60,2017
Laken Tomlinson,G,60,2017
Larry Warford,G,60,2017
Laurent Duvernay-Tardif,G,60,2017
Lucas Patrick,G,60,2017
Luke Bowanko,G,60,2017
Luke Joeckel,G,60,2017
Mark Glowinski,G,60,2017
Marshall Newhouse,G,60,2017
Matt Slauson,G,60,2017
Max Garcia,G,60,2017
Michael Schofield,G,60,2017
Mike Iupati,G,60,2017
Mike Person,G,60,2017
Mike Remmers,G,60,2017
Nick Easton,G,60,2017
Oday Aboushi,G,60,2017
Parker Ehinger,G,60,2017
Patrick Omameh,G,60,2017
Quinton Spain,G,60,2017
Ramon Foster,G,60,2017
Rashaad Coward,G,60,2017
Richie Incognito,G,60,2017
Rodger Saffold,G,60,2017
Ronald Leary,G,60,2017
Senio Kelemete,G,60,2017
Shaq Mason,G,60,2017
Shawn Lauvao,G,60,2017
Stefen Wisniewski,G,60,2017
T.J. Johnson,G,60,2017
T.J. Lang,G,60,2017
Ted Larsen,G,60,2017
Tom Compton,G,60,2017
Tony Bergstrom,G,60,2017
Trai Turner,G,60,2017
Tyler Catalina,G,60,2017
Vladimir Ducasse,G,60,2017
Wes Schweitzer,G,60,2017
Will Holden,G,60,2017
Xavier Su'a-Filo,G,60,2017
Zac Kerin,G,60,2017
Zach Fulton,G,60,2017
Zack Martin,G,60,2017
Zane Beadles,G,60,2017
Adarius Taylor,ILB,60,2017
Alec Ogletree,ILB,60,2017
Antonio Morrison,ILB,60,2017
Avery Williamson,ILB,60,2017
Benardrick McKinney,ILB,60,2017
Blake Martinez,ILB,60,2017
Brandon Marshall,ILB,60,2017
Brian Cushing,ILB,60,2017
C.J. Mosley,ILB,60,2017
Connor Barwin,ILB,60,2017
Corey Nelson,ILB,60,2017
Cory Littleton,ILB,60,2017
Danny Trevathan,ILB,60,2017
Darron Lee,ILB,60,2017
Dominique Alexander,ILB,60,2017
Jayon Brown,ILB,60,2017
Jerrell Freeman,ILB,60,2017
John Timu,ILB,60,2017
Jon Bostic,ILB,60,2017
Josh Bynes,ILB,60,2017
Karlos Dansby,ILB,60,2017
Kevin Minter,ILB,60,2017
Luke Kuechly,ILB,60,2017
Mark Barron,ILB,60,2017
Mason Foster,ILB,60,2017
Nick Kwiatkoski,ILB,60,2017
Patrick Onwuasor,ILB,60,2017
Ramik Wilson,ILB,60,2017
Reggie Ragland,ILB,60,2017
Tanner Vallejo,ILB,60,2017
Todd Davis,ILB,60,2017
Tyler Matakevich,ILB,60,2017
Vince Williams,ILB,60,2017
Wesley Woodyard,ILB,60,2017
Will Compton,ILB,60,2017
Zach Cunningham,ILB,60,2017
Zaire Anderson,ILB,60,2017
Adam Vinatieri,K,60,2017
Aldrick Rosas,K,60,2017
Blair Walsh,K,60,2017
Brandon McManus,K,60,2017
Cairo Santos,K,60,2017
Caleb Sturgis,K,60,2017
Chandler Catanzaro,K,60,2017
Chris Boswell,K,60,2017
Cody Parkey,K,60,2017
Connor Barth,K,60,2017
Dan Bailey,K,60,2017
Dustin Hopkins,K,60,2017
Giorgio Tavecchio,K,60,2017
Graham Gano,K,60,2017
Greg Zuerlein,K,60,2017
Harrison Butker,K,60,2017
Jake Elliott,K,60,2017
Jason Myers,K,60,2017
Josh Lambo,K,60,2017
Justin Tucker,K,60,2017
Ka'imi Fairbairn,K,60,2017
Kai Forbath,K,60,2017
Marshall Koehn,K,60,2017
Mason Crosby,K,60,2017
Matt Bryant,K,60,2017
Matt Prater,K,60,2017
Mike Nugent,K,60,2017
Nick Folk,K,60,2017
Nick Novak,K,60,2017
Nick Rose,K,60,2017
Patrick Murray,K,60,2017
Phil Dawson,K,60,2017
Randy Bullock,K,60,2017
Robbie Gould,K,60,2017
Ryan Succop,K,60,2017
Sam Ficken,K,60,2017
Stephen Gostkowski,K,60,2017
Steven Hauschka,K,60,2017
Travis Coons,K,60,2017
Wil Lutz,K,60,2017
Younghoe Koo,K,60,2017
Zane Gonzalez,K,60,2017
Aaron Wallace,LB,60,2017
Adam Bighill,LB,60,2017
Akeem Ayers,LB,60,2017
Andrew Gachkar,LB,60,2017
Anthony Chickillo,LB,60,2017
B.J. Bello,LB,60,2017
Ben Heeney,LB,60,2017
Ben Jacobs,LB,60,2017
Blair Brown,LB,60,2017
Brandon Bell,LB,60,2017
Brandon King,LB,60,2017
Brian Peters,LB,60,2017
Brock Coyle,LB,60,2017
Brooks Reed,LB,60,2017
Bruce Carter,LB,60,2017
Bruce Irvin,LB,60,2017
Bryan Braman,LB,60,2017
Calvin Munson,LB,60,2017
Cameron Lynch,LB,60,2017
Cameron Wake,LB,60,2017
Carl Nassib,LB,60,2017
Carlos Thompson,LB,60,2017
Cassius Marsh,LB,60,2017
Charles Harris,LB,60,2017
Chris Carter,LB,60,2017
Chris Smith,LB,60,2017
Craig Robertson,LB,60,2017
Curtis Grant,LB,60,2017
D.J. Alexander,LB,60,2017
Dannell Ellerbe,LB,60,2017
Daren Bates,LB,60,2017
Deion Jones,LB,60,2017
Deiontrez Mount,LB,60,2017
Dekoda Watson,LB,60,2017
Deon King,LB,60,2017
Deon Lacey,LB,60,2017
Deontae Skinner,LB,60,2017
Derrick Johnson,LB,60,2017
Devante Bond,LB,60,2017
Dewey McDonald,LB,60,2017
Donald Payne,LB,60,2017
Dylan Cole,LB,60,2017
Dylan Donahue,LB,60,2017
Edmond Robinson,LB,60,2017
Eli Harold,LB,60,2017
Eric Wilson,LB,60,2017
Erik Walden,LB,60,2017
Frank Clark,LB,60,2017
Frank Zombo,LB,60,2017
Gabe Martin,LB,60,2017
Gerald Hodges,LB,60,2017
Gimel President,LB,60,2017
Harvey Langi,LB,60,2017
Hayes Pullard,LB,60,2017
Howard Jones,LB,60,2017
Isaiah Irving,LB,60,2017
Jake Ryan,LB,60,2017
Jalen Reeves-Maybin,LB,60,2017
Jamal Adams,LB,60,2017
Jamal Carter,LB,60,2017
James Cowser,LB,60,2017
James Onwualu,LB,60,2017
Jared Norris,LB,60,2017
Jason Pierre-Paul,LB,60,2017
Jelani Jenkins,LB,60,2017
Jeremiah Attaochu,LB,60,2017
Jeremiah George,LB,60,2017
Jeremy Cash,LB,60,2017
Jermaine Grace,LB,60,2017
Jerrol Garcia-Williams,LB,60,2017
Jihad Ward,LB,60,2017
Joe Jones,LB,60,2017
Joe Walker,LB,60,2017
John Simon,LB,60,2017
Jonathan Anderson,LB,60,2017
Jonathan Freeny,LB,60,2017
Jordan Williams,LB,60,2017
Josh Forrest,LB,60,2017
Josh Harvey-Clemons,LB,60,2017
Josh Keyes,LB,60,2017
Josh Martin,LB,60,2017
Julian Stanford,LB,60,2017
Junior Galette,LB,60,2017
Justin Currie,LB,60,2017
Justin March,LB,60,2017
Kelvin Sheppard,LB,60,2017
Kendell Beckwith,LB,60,2017
Kentrell Brothers,LB,60,2017
Kevin Pierre-Louis,LB,60,2017
Kevin Snyder,LB,60,2017
Korey Toomer,LB,60,2017
Kyle Wilber,LB,60,2017
Kyler Fackrell,LB,60,2017
L.J. Fort,LB,60,2017
LaRoy Reynolds,LB,60,2017
LaTroy Lewis,LB,60,2017
Lamarr Houston,LB,60,2017
Landon Collins,LB,60,2017
Lavar Edwards,LB,60,2017
Marcus Smith,LB,60,2017
Markus Golden,LB,60,2017
Marquis Flowers,LB,60,2017
Martrell Spaight,LB,60,2017
Maurice Alexander,LB,60,2017
Melvin Ingram,LB,60,2017
Michael Mauti,LB,60,2017
Mike Hull,LB,60,2017
Mychal Kendricks,LB,60,2017
Najee Goode,LB,60,2017
Nate Gerry,LB,60,2017
Nate Palmer,LB,60,2017
Neville Hewitt,LB,60,2017
Nicholas Grigsby,LB,60,2017
Nicholas Morrow,LB,60,2017
Nick Bellore,LB,60,2017
Nick Dzubnar,LB,60,2017
Nigel Harris,LB,60,2017
Obum Gwacham,LB,60,2017
Otha Peters,LB,60,2017
Paul Dawson,LB,60,2017
Paul Worrilow,LB,60,2017
Pernell McPhee,LB,60,2017
Pete Robertson,LB,60,2017
Ramon Humber,LB,60,2017
Ray-Ray Armstrong,LB,60,2017
Riley Bullough,LB,60,2017
Ryan Anderson,LB,60,2017
Ryan Shazier,LB,60,2017
Sam Acho,LB,60,2017
Scooby Wright,LB,60,2017
Sean Spence,LB,60,2017
Sean Weatherspoon,LB,60,2017
Shane Ray,LB,60,2017
Shaquil Barrett,LB,60,2017
Stephone Anthony,LB,60,2017
Steve Longa,LB,60,2017
Steven Johnson,LB,60,2017
Steven Means,LB,60,2017
Tarell Basham,LB,60,2017
Terence Garvin,LB,60,2017
Terrance Smith,LB,60,2017
Tim Williams,LB,60,2017
Trey Flowers,LB,60,2017
Tyrell Adams,LB,60,2017
Tyrone Holmes,LB,60,2017
Tyus Bowser,LB,60,2017
Ukeme Eligwe,LB,60,2017
Vince Biegel,LB,60,2017
Xavier Woodson-Luster,LB,60,2017
Zach Vigil,LB,60,2017
Aaron Brewer,LS,60,2017
Andrew DePaola,LS,60,2017
Beau Brinkley,LS,60,2017
Casey Kreiter,LS,60,2017
Charley Hughlett,LS,60,2017
Clark Harris,LS,60,2017
Colin Holba,LS,60,2017
Derek Hart,LS,60,2017
Garrison Sanborn,LS,60,2017
J.J. Jansen,LS,60,2017
James Winchester,LS,60,2017
Joe Cardona,LS,60,2017
John Denney,LS,60,2017
Jon Condo,LS,60,2017
Jon Weeks,LS,60,2017
Josh Harris,LS,60,2017
Justin Drescher,LS,60,2017
Kameron Canaday,LS,60,2017
Kyle Nelson,LS,60,2017
L.P. LaDouceur,LS,60,2017
Matt Overton,LS,60,2017
Mike Windt,LS,60,2017
Morgan Cox,LS,60,2017
Nick Sundberg,LS,60,2017
Reid Ferguson,LS,60,2017
Rick Lovato,LS,60,2017
Thomas Hennessy,LS,60,2017
Tyler Ott,LS,60,2017
Zach Wood,LS,60,2017
Zak DeOssie,LS,60,2017
Alex Anzalone,MLB,60,2017
Anthony Hitchens,MLB,60,2017
Anthony Walker,MLB,60,2017
B.J. Goodson,MLB,60,2017
Bobby Wagner,MLB,60,2017
Denzel Perryman,MLB,60,2017
Duke Riley,MLB,60,2017
Eric Kendricks,MLB,60,2017
Hardy Nickerson,MLB,60,2017
Jarrad Davis,MLB,60,2017
Jaylon Smith,MLB,60,2017
Joe Schobert,MLB,60,2017
Jordan Hicks,MLB,60,2017
Kwon Alexander,MLB,60,2017
Kyle Van Noy,MLB,60,2017
Manti Te'o,MLB,60,2017
Marquel Lee,MLB,60,2017
Myles Jack,MLB,60,2017
NaVorro Bowman,MLB,60,2017
Nate Stupar,MLB,60,2017
Paul Posluszny,MLB,60,2017
Preston Brown,MLB,60,2017
Trevor Reilly,MLB,60,2017
Ahtyba Rubin,NT,60,2017
Alan Branch,NT,60,2017
Austin Johnson,NT,60,2017
Brandon Dunn,NT,60,2017
Domata Peko Sr.,NT,60,2017
Eddie Goldman,NT,60,2017
Javon Hargrave,NT,60,2017
Kenny Clark,NT,60,2017
Ndamukong Suh,NT,60,2017
Rickey Hatley,NT,60,2017
Robert Thomas,NT,60,2017
Steve McLendon,NT,60,2017
Xavier Williams,NT,60,2017
A.J. Klein,OLB,60,2017
Aaron Lynch,OLB,60,2017
Ahmad Brooks,OLB,60,2017
Anthony Barr,OLB,60,2017
Barkevious Mingo,OLB,60,2017
Ben Gedeon,OLB,60,2017
Benson Mayowa,OLB,60,2017
Brennan Scarlett,OLB,60,2017
Brian Orakpo,OLB,60,2017
Bryce Hager,OLB,60,2017
Bud Dupree,OLB,60,2017
Chase Allen,OLB,60,2017
Christian Jones,OLB,60,2017
Christian Kirksey,OLB,60,2017
Clay Matthews,OLB,60,2017
Cory James,OLB,60,2017
Damien Wilson,OLB,60,2017
David Bass,OLB,60,2017
David Harris,OLB,60,2017
David Mayo,OLB,60,2017
De'Vondre Campbell,OLB,60,2017
Demario Davis,OLB,60,2017
Deone Bucannon,OLB,60,2017
Derrick Morgan,OLB,60,2017
Devon Kennard,OLB,60,2017
Dont'a Hightower,OLB,60,2017
Elandon Roberts,OLB,60,2017
Elijah Lee,OLB,60,2017
Emmanuel Lamur,OLB,60,2017
Freddie Bishop,OLB,60,2017
Haason Reddick,OLB,60,2017
Hau'oli Kikaha,OLB,60,2017
Jadeveon Clowney,OLB,60,2017
James Burgess,OLB,60,2017
James Harrison,OLB,60,2017
Jamie Collins,OLB,60,2017
Jatavis Brown,OLB,60,2017
Joe Thomas,OLB,60,2017
Jonathan Casillas,OLB,60,2017
Jordan Evans,OLB,60,2017
Justin Durant,OLB,60,2017
Justin Houston,OLB,60,2017
K.J. Wright,OLB,60,2017
Kamalei Correa,OLB,60,2017
Kamu Grugier-Hill,OLB,60,2017
Kareem Martin,OLB,60,2017
Keenan Robinson,OLB,60,2017
Kevin Dodd,OLB,60,2017
Khalil Mack,OLB,60,2017
Kiko Alonso,OLB,60,2017
Kyle Emanuel,OLB,60,2017
Lavonte David,OLB,60,2017
Lawrence Timmons,OLB,60,2017
Lorenzo Alexander,OLB,60,2017
Mark Nzeocha,OLB,60,2017
Matt Longacre,OLB,60,2017
Matt Milano,OLB,60,2017
Matthew Judon,OLB,60,2017
Michael Wilhoite,OLB,60,2017
Nick Perry,OLB,60,2017
Nick Vigil,OLB,60,2017
Nigel Bradham,OLB,60,2017
Reuben Foster,OLB,60,2017
Rey Maualuga,OLB,60,2017
Sean Lee,OLB,60,2017
Shaq Thompson,OLB,60,2017
T.J. Watt,OLB,60,2017
Tahir Whitehead,OLB,60,2017
Tamba Hali,OLB,60,2017
Telvin Smith,OLB,60,2017
Terrell Suggs,OLB,60,2017
Thomas Davis,OLB,60,2017
Vincent Rey,OLB,60,2017
Von Miller,OLB,60,2017
Vontaze Burfict,OLB,60,2017
Willie Young,OLB,60,2017
Zach Brown,OLB,60,2017
Adam Bisnowaty,OT,60,2017
Alejandro Villanueva,OT,60,2017
Alex Boone,OT,60,2017
Allen Barbre,OT,60,2017
Amini Silatolu,OT,60,2017
Andre Smith,OT,60,2017
Andrew Whitworth,OT,60,2017
Anthony Castonzo,OT,60,2017
Austin Howard,OT,60,2017
Ben Ijalana,OT,60,2017
Billy Turner,OT,60,2017
Bobby Hart,OT,60,2017
Bobby Massie,OT,60,2017
Brandon Shell,OT,60,2017
Breno Giacomini,OT,60,2017
Brian Mihalik,OT,60,2017
Bryan Bulaga,OT,60,2017
Cam Robinson,OT,60,2017
Cameron Fleming,OT,60,2017
Cedric Ogbuehi,OT,60,2017
Chad Wheeler,OT,60,2017
Charles Leno Jr.,OT,60,2017
Chaz Green,OT,60,2017
Chris Clark,OT,60,2017
Chris Hairston,OT,60,2017
Chris Hubbard,OT,60,2017
Corey Robinson,OT,60,2017
Cornelius Lucas,OT,60,2017
D.J. Humphries,OT,60,2017
Darrell Williams,OT,60,2017
Daryl Williams,OT,60,2017
David Bakhtiari,OT,60,2017
David Sharpe,OT,60,2017
Demar Dotson,OT,60,2017
Dion Dawkins,OT,60,2017
Donald Penn,OT,60,2017
Donald Stephenson,OT,60,2017
Donovan Smith,OT,60,2017
Duane Brown,OT,60,2017
Eric Fisher,OT,60,2017
Garett Bolles,OT,60,2017
Germain Ifedi,OT,60,2017
Greg Robinson,OT,60,2017
Ja'Wuan James,OT,60,2017
Jack Conklin,OT,60,2017
Jake Fisher,OT,60,2017
Jake Matthews,OT,60,2017
Jared Veldheer,OT,60,2017
Jason Peters,OT,60,2017
Jason Spriggs,OT,60,2017
Jeremiah Sirles,OT,60,2017
Jermey Parnell,OT,60,2017
Jermon Bushrod,OT,60,2017
Joe Barksdale,OT,60,2017
Joe Haeg,OT,60,2017
Joe Staley,OT,60,2017
Joe Thomas,OT,60,2017
John Jerry,OT,60,2017
Jordan Mills,OT,60,2017
Josh Wells,OT,60,2017
Julie'n Davenport,OT,60,2017
Kelvin Beachum,OT,60,2017
Kyle Murphy,OT,60,2017
La'el Collins,OT,60,2017
LaAdrian Waddle,OT,60,2017
Lane Johnson,OT,60,2017
Laremy Tunsil,OT,60,2017
Le'Raven Clark,OT,60,2017
Leonard Wester,OT,60,2017
Marcus Cannon,OT,60,2017
Marcus Gilbert,OT,60,2017
Matt Kalil,OT,60,2017
Matt Tobin,OT,60,2017
Menelik Watson,OT,60,2017
Mitchell Schwartz,OT,60,2017
Morgan Moses,OT,60,2017
Nate Solder,OT,60,2017
Rashod Hill,OT,60,2017
Rees Odhiambo,OT,60,2017
Rick Wagner,OT,60,2017
Riley Reiff,OT,60,2017
Rob Havenstein,OT,60,2017
Ronnie Stanley,OT,60,2017
Russell Okung,OT,60,2017
Ryan Ramczyk,OT,60,2017
Ryan Schraeder,OT,60,2017
Sam Tevi,OT,60,2017
Sam Young,OT,60,2017
Shon Coleman,OT,60,2017
Taylor Decker,OT,60,2017
Taylor Lewan,OT,60,2017
Terron Armstead,OT,60,2017
Trent Brown,OT,60,2017
Trent Williams,OT,60,2017
Ty Nsekhe,OT,60,2017
Ty Sambrailo,OT,60,2017
Tyron Smith,OT,60,2017
Vadal Alexander,OT,60,2017
William Beatty,OT,60,2017
Zach Sterup,OT,60,2017
Zach Strief,OT,60,2017
Andy Lee,P,60,2017
Brad Nortman,P,60,2017
Brad Wing,P,60,2017
Bradley Pinion,P,60,2017
Brett Kern,P,60,2017
Britton Colquitt,P,60,2017
Bryan Anger,P,60,2017
Chris Jones,P,60,2017
Colton Schmidt,P,60,2017
Donnie Jones,P,60,2017
Drew Kaser,P,60,2017
Dustin Colquitt,P,60,2017
Jeff Locke,P,60,2017
Johnny Hekker,P,60,2017
Jon Ryan,P,60,2017
Jordan Berry,P,60,2017
Justin Vogel,P,60,2017
Kasey Redfern,P,60,2017
Kevin Huber,P,60,2017
Lachlan Edwards,P,60,2017
Marquette King,P,60,2017
Matt Bosher,P,60,2017
Matt Haack,P,60,2017
Michael Palardy,P,60,2017
Pat O'Donnell,P,60,2017
Rigoberto Sanchez,P,60,2017
Riley Dixon,P,60,2017
Ryan Allen,P,60,2017
Ryan Quigley,P,60,2017
Sam Koch,P,60,2017
Sam Martin,P,60,2017
Shane Lechler,P,60,2017
Thomas Morstead,P,60,2017
Tress Way,P,60,2017
Tom Brady,QB,99,2017
Ben Roethlisberger,QB,92,2017
Russell Wilson,QB,91,2017
Drew Brees,QB,90,2017
Matthew Stafford,QB,89,2017
Philip Rivers,QB,89,2017
Alex Smith,QB,88,2017
Carson Wentz,QB,88,2017
Jared Goff,QB,88,2017
Kirk Cousins,QB,87,2017
Blake Bortles,QB,86,2017
Case Keenum,QB,85,2017
Matt Ryan,QB,85,2017
Andy Dalton,QB,84,2017
Cam Newton,QB,84,2017
Dak Prescott,QB,82,2017
Derek Carr,QB,82,2017
Eli Manning,QB,81,2017
Jameis Winston,QB,81,2017
Marcus Mariota,QB,80,2017
Joe Flacco,QB,79,2017
Josh McCown,QB,79,2017
Jay Cutler,QB,78,2017
Deshaun Watson,QB,76,2017
Jacoby Brissett,QB,76,2017
Tyrod Taylor,QB,76,2017
Aaron Rodgers,QB,74,2017
DeShone Kizer,QB,74,2017
Trevor Siemian,QB,73,2017
Carson Palmer,QB,71,2017
Nick Foles,QB,71,2017
Brett Hundley,QB,70,2017
Mitchell Trubisky,QB,70,2017
Jimmy Garoppolo,QB,68,2017
Blaine Gabbert,QB,67,2017
Ryan Fitzpatrick,QB,67,2017
Tom Savage,QB,67,2017
Brian Hoyer,QB,66,2017
Brock Osweiler,QB,66,2017
C.J. Beathard,QB,66,2017
Drew Stanton,QB,66,2017
Matt Moore,QB,65,2017
Mike Glennon,QB,65,2017
Kevin Hogan,QB,64,2017
T.J. Yates,QB,64,2017
Sam Bradford,QB,63,2017
Bryce Petty,QB,62,2017
Nathan Peterman,QB,62,2017
Paxton Lynch,QB,62,2017
David Fales,QB,61,2017
EJ Manuel,QB,61,2017
Geno Smith,QB,61,2017
Landry Jones,QB,61,2017
Matt Cassel,QB,61,2017
Patrick Mahomes,QB,61,2017
Ryan Mallett,QB,61,2017
Sean Mannion,QB,61,2017
AJ McCarron,QB,60,2017
Austin Davis,QB,60,2017
Chad Henne,QB,60,2017
Chase Daniel,QB,60,2017
Cody Kessler,QB,60,2017
Cooper Rush,QB,60,2017
Derek Anderson,QB,60,2017
Jake Rudock,QB,60,2017
Joe Callahan,QB,60,2017
Joe Webb,QB,60,2017
Kellen Clemens,QB,60,2017
Nate Sudfeld,QB,60,2017
Scott Tolzien,QB,60,2017
Taylor Heinicke,QB,60,2017
Teddy Bridgewater,QB,60,2017
Tyler Bray,QB,60,2017
Todd Gurley,RB,99,2017
Leonard Fournette,RB,98,2017
Mark Ingram,RB,95,2017
Le'Veon Bell,RB,93,2017
Kareem Hunt,RB,91,2017
Jordan Howard,RB,89,2017
Melvin Gordon,RB,87,2017
Latavius Murray,RB,86,2017
Alvin Kamara,RB,85,2017
Carlos Hyde,RB,85,2017
Devonta Freeman,RB,85,2017
LeSean McCoy,RB,84,2017
Ezekiel Elliott,RB,83,2017
Alex Collins,RB,82,2017
Dion Lewis,RB,82,2017
Marshawn Lynch,RB,82,2017
Derrick Henry,RB,81,2017
Jonathan Stewart,RB,79,2017
LeGarrette Blount,RB,79,2017
Bilal Powell,RB,78,2017
DeMarco Murray,RB,78,2017
Orleans Darkwa,RB,77,2017
Tevin Coleman,RB,77,2017
C.J. Anderson,RB,76,2017
Frank Gore,RB,76,2017
Lamar Miller,RB,75,2017
Javorius Allen,RB,74,2017
Jerick McKinnon,RB,74,2017
Joe Mixon,RB,74,2017
Ameer Abdullah,RB,73,2017
Isaiah Crowell,RB,73,2017
Jamaal Williams,RB,73,2017
Jay Ajayi,RB,73,2017
Mike Gillislee,RB,73,2017
Aaron Jones,RB,72,2017
Kenyan Drake,RB,72,2017
Rex Burkhead,RB,72,2017
Corey Clement,RB,71,2017
Duke Johnson,RB,71,2017
Doug Martin,RB,70,2017
Peyton Barber,RB,70,2017
Rod Smith,RB,70,2017
Adrian Peterson,RB,69,2017
Christian McCaffrey,RB,69,2017
Giovani Bernard,RB,69,2017
Marlon Mack,RB,69,2017
Matt Breida,RB,69,2017
T.J. Yeldon,RB,69,2017
Theo Riddick,RB,69,2017
Alfred Morris,RB,68,2017
Dalvin Cook,RB,68,2017
James White,RB,68,2017
Matt Forte,RB,68,2017
Rob Kelley,RB,68,2017
Samaje Perine,RB,68,2017
Tarik Cohen,RB,68,2017
Chris Thompson,RB,67,2017
D'Onta Foreman,RB,67,2017
Austin Ekeler,RB,66,2017
Chris Ivory,RB,66,2017
Corey Grant,RB,66,2017
Kerwynn Williams,RB,66,2017
Alfred Blue,RB,65,2017
Cordarrelle Patterson,RB,65,2017
DeAndre Washington,RB,65,2017
Devontae Booker,RB,65,2017
Elijah McGuire,RB,65,2017
Jalen Richard,RB,65,2017
Jamaal Charles,RB,65,2017
Malcolm Brown,RB,65,2017
Terrance West,RB,65,2017
Tion Green,RB,65,2017
Wayne Gallman,RB,65,2017
Charcandrick West,RB,64,2017
J.D. McKissic,RB,64,2017
Jacquizz Rodgers,RB,64,2017
Wendell Smallwood,RB,64,2017
Brandon Bolden,RB,63,2017
Cameron Artis-Payne,RB,63,2017
Mike Davis,RB,63,2017
Stevan Ridley,RB,63,2017
Andre Ellington,RB,62,2017
Chris Carson,RB,62,2017
Damien Williams,RB,62,2017
Eddie Lacy,RB,62,2017
Jalston Fowler,RB,62,2017
James Conner,RB,62,2017
Jamize Olawale,RB,62,2017
Kenjon Barner,RB,62,2017
Lance Dunbar,RB,62,2017
Robert Turbin,RB,62,2017
Shane Vereen,RB,62,2017
Thomas Rawls,RB,62,2017
Trey Edmunds,RB,62,2017
Zach Zenner,RB,62,2017
Branden Oliver,RB,61,2017
Charles Sims,RB,61,2017
Chris Johnson,RB,61,2017
Danny Woodhead,RB,61,2017
Darren Sproles,RB,61,2017
Jeremy Hill,RB,61,2017
Kapri Bibbs,RB,61,2017
Paul Perkins,RB,61,2017
Terron Ward,RB,61,2017
Travaris Cadet,RB,61,2017
Akeem Hunt,RB,60,2017
Alex Armah,RB,60,2017
Andre Williams,RB,60,2017
Benny Cunningham,RB,60,2017
Bobby Rainey,RB,60,2017
Brian Hill,RB,60,2017
Bronson Hill,RB,60,2017
Byron Marshall,RB,60,2017
C.J. Prosise,RB,60,2017
C.J. Spiller,RB,60,2017
D.J. Foster,RB,60,2017
Daniel Lasco,RB,60,2017
Danny Vitale,RB,60,2017
Darren McFadden,RB,60,2017
David Fluellen,RB,60,2017
David Johnson,RB,60,2017
De'Angelo Henderson Sr.,RB,60,2017
De'Veon Smith,RB,60,2017
Devante Mays,RB,60,2017
Dwayne Washington,RB,60,2017
Fitzgerald Toussaint,RB,60,2017
Fozzy Whittaker,RB,60,2017
Jeremy McNichols,RB,60,2017
Jordan Todman,RB,60,2017
Josh Ferguson,RB,60,2017
Justin Davis,RB,60,2017
LeShun Daniels,RB,60,2017
Mack Brown,RB,60,2017
Marcus Murphy,RB,60,2017
Matt Dayes,RB,60,2017
Matt Jones,RB,60,2017
Patrick DiMarco,RB,60,2017
Raheem Mostert,RB,60,2017
Senorise Perry,RB,60,2017
Taiwan Jones,RB,60,2017
Terrell Watson,RB,60,2017
Tyler Ervin,RB,60,2017
Adrian Amos,S,60,2017
Antone Exum,S,60,2017
Barry Church,S,60,2017
Bradley McDougald,S,60,2017
Budda Baker,S,60,2017
Clayton Geathers,S,60,2017
Colin Jones,S,60,2017
Da'Norris Searcy,S,60,2017
Damarious Randall,S,60,2017
Damontae Kazee,S,60,2017
Darian Stewart,S,60,2017
Daryl Worley,S,60,2017
DeAngelo Hall,S,60,2017
Duron Harmon,S,60,2017
Eric Murray,S,60,2017
Eric Reid,S,60,2017
George Iloka,S,60,2017
Ha Ha Clinton-Dix,S,60,2017
Jahleel Addae,S,60,2017
Jaquiski Tartt,S,60,2017
Jason McCourty,S,60,2017
Jayron Kearse,S,60,2017
Jeff Heath,S,60,2017
Jordan Lucas,S,60,2017
Josh Jones,S,60,2017
Justin Evans,S,60,2017
Kareem Jackson,S,60,2017
Kayvon Webster,S,60,2017
Keanu Neal,S,60,2017
Keith McGill,S,60,2017
Kemal Ishmael,S,60,2017
Kenny Vaccaro,S,60,2017
Kentrell Brice,S,60,2017
Kurt Coleman,S,60,2017
Lamarcus Joyner,S,60,2017
Malcolm Jenkins,S,60,2017
Marcus Gilchrist,S,60,2017
Micah Hyde,S,60,2017
Mike Mitchell,S,60,2017
Morgan Burnett,S,60,2017
Nate Allen,S,60,2017
P.J. Williams,S,60,2017
Patrick Chung,S,60,2017
Quandre Diggs,S,60,2017
Quintin Demps,S,60,2017
Sharrod Neasman,S,60,2017
Shawn Williams,S,60,2017
T.J. McDonald,S,60,2017
Tony Jefferson,S,60,2017
Tyvon Branch,S,60,2017
Vonn Bell,S,60,2017
Will Parks,S,60,2017
Deon Bush,SAF,60,2017
Jimmie Ward,SAF,60,2017
Lano Hill,SAF,60,2017
Miles Killebrew,SAF,60,2017
Rayshawn Jenkins,SAF,60,2017
Trae Elston,SAF,60,2017
Rob Gronkowski,TE,99,2017
Travis Kelce,TE,92,2017
Zach Ertz,TE,91,2017
Jimmy Graham,TE,87,2017
Kyle Rudolph,TE,86,2017
Evan Engram,TE,81,2017
Cameron Brate,TE,80,2017
Tyler Kroft,TE,80,2017
Delanie Walker,TE,78,2017
O.J. Howard,TE,78,2017
Jack Doyle,TE,77,2017
Jason Witten,TE,77,2017
Marcedes Lewis,TE,77,2017
Benjamin Watson,TE,75,2017
Eric Ebron,TE,75,2017
Hunter Henry,TE,75,2017
Trey Burton,TE,74,2017
Vernon Davis,TE,74,2017
Austin Hooper,TE,73,2017
David Njoku,TE,73,2017
Jared Cook,TE,73,2017
Garrett Celek,TE,72,2017
Austin Seferian-Jenkins,TE,71,2017
Charles Clay,TE,71,2017
George Kittle,TE,71,2017
Jesse James,TE,71,2017
Julius Thomas,TE,71,2017
Antonio Gates,TE,70,2017
Luke Willson,TE,70,2017
Ricky Seals-Jones,TE,69,2017
Adam Shaheen,TE,68,2017
Coby Fleener,TE,68,2017
Darren Fells,TE,68,2017
Ed Dickson,TE,68,2017
Greg Olsen,TE,68,2017
Jermaine Gresham,TE,68,2017
Nick O'Leary,TE,68,2017
A.J. Derby,TE,67,2017
Gerald Everett,TE,67,2017
Jordan Reed,TE,67,2017
Josh Hill,TE,67,2017
Rhett Ellison,TE,67,2017
Seth DeValve,TE,67,2017
Zach Miller,TE,67,2017
Jeff Heuerman,TE,66,2017
Jonnu Smith,TE,66,2017
Jordan Matthews,TE,66,2017
Stephen Anderson,TE,66,2017
Tyler Higbee,TE,66,2017
Vance McDonald,TE,66,2017
Demetrius Harris,TE,65,2017
Lance Kendricks,TE,65,2017
Brent Celek,TE,64,2017
Dion Sims,TE,64,2017
Eric Tomlinson,TE,64,2017
James O'Shaughnessy,TE,64,2017
Levine Toilolo,TE,64,2017
Martellus Bennett,TE,64,2017
Nick Vannett,TE,64,2017
Richard Rodgers,TE,64,2017
Ryan Griffin,TE,64,2017
Troy Niklas,TE,64,2017
Virgil Green,TE,64,2017
Anthony Fasano,TE,63,2017
Ben Koyack,TE,63,2017
C.J. Uzomah,TE,63,2017
David Morgan,TE,63,2017
Dwayne Allen,TE,63,2017
James Hanna,TE,63,2017
Logan Thomas,TE,63,2017
Maxx Williams,TE,63,2017
Michael Hoomanawanui,TE,63,2017
Nick Boyle,TE,63,2017
Phillip Supernaw,TE,63,2017
Brandon Williams,TE,62,2017
C.J. Fiedorowicz,TE,62,2017
Daniel Brown,TE,62,2017
Jeremy Sprinkle,TE,62,2017
Luke Stocker,TE,62,2017
Xavier Grimble,TE,62,2017
Alan Cross,TE,61,2017
Austin Traylor,TE,61,2017
Clive Walford,TE,61,2017
Derek Carrier,TE,61,2017
Ifeanyi Momah,TE,61,2017
Jacob Hollister,TE,61,2017
Jerell Adams,TE,61,2017
Lee Smith,TE,61,2017
Michael Roberts,TE,61,2017
Neal Sterling,TE,61,2017
Niles Paul,TE,61,2017
Orson Charles,TE,61,2017
Ross Travis,TE,61,2017
Sean McGrath,TE,61,2017
Tyler Eifert,TE,61,2017
Antony Auclair,TE,60,2017
Ben Braunecker,TE,60,2017
Blake Bell,TE,60,2017
Bradley Sowell,TE,60,2017
Bronson Kaufusi,TE,60,2017
Cethan Carter,TE,60,2017
Chris Manhertz,TE,60,2017
Cole Hikutini,TE,60,2017
Darrell Daniels,TE,60,2017
Emanuel Byrd,TE,60,2017
Eric Saubert,TE,60,2017
Evan Baylis,TE,60,2017
Gabe Holmes,TE,60,2017
Garrett Griffin,TE,60,2017
Geoff Swaim,TE,60,2017
Henry Krieger-Coble,TE,60,2017
Jason Vander Laan,TE,60,2017
Jeff Cumberland,TE,60,2017
John Phillips,TE,60,2017
Logan Paulsen,TE,60,2017
MarQueis Gray,TE,60,2017
Matt LaCosse,TE,60,2017
Randall Telfer,TE,60,2017
Ryan Hewitt,TE,60,2017
Ryan Malleck,TE,60,2017
Taysom Hill,TE,60,2017
Vince Mayle,TE,60,2017
Will Tye,TE,60,2017
DeAndre Hopkins,WR,99,2017
Antonio Brown,WR,98,2017
Alshon Jeffery,WR,93,2017
Marvin Jones,WR,89,2017
Michael Thomas,WR,89,2017
Davante Adams,WR,88,2017
Stefon Diggs,WR,88,2017
A.J. Green,WR,87,2017
Jarvis Landry,WR,87,2017
Tyreek Hill,WR,87,2017
Brandin Cooks,WR,86,2017
Doug Baldwin,WR,86,2017
Keenan Allen,WR,86,2017
Devin Funchess,WR,85,2017
JuJu Smith-Schuster,WR,85,2017
Julio Jones,WR,85,2017
Nelson Agholor,WR,85,2017
Larry Fitzgerald,WR,84,2017
Robbie Chosen,WR,83,2017
Adam Thielen,WR,82,2017
Cooper Kupp,WR,81,2017
Michael Crabtree,WR,81,2017
Sammy Watkins,WR,81,2017
Amari Cooper,WR,80,2017
Demaryius Thomas,WR,80,2017
Dez Bryant,WR,80,2017
Golden Tate,WR,80,2017
Kenny Stills,WR,80,2017
Mike Evans,WR,80,2017
Ted Ginn,WR,80,2017
Chris Hogan,WR,79,2017
Paul Richardson,WR,79,2017
Robert Woods,WR,79,2017
Danny Amendola,WR,78,2017
Jermaine Kearse,WR,78,2017
Mohamed Sanu,WR,78,2017
T.Y. Hilton,WR,78,2017
Josh Doctson,WR,77,2017
Rishard Matthews,WR,77,2017
Will Fuller,WR,77,2017
Jordy Nelson,WR,76,2017
Mike Wallace,WR,76,2017
Keelan Cole,WR,75,2017
Martavis Bryant,WR,75,2017
Randall Cobb,WR,75,2017
Tyrell Williams,WR,75,2017
Jamison Crowder,WR,74,2017
Marqise Lee,WR,74,2017
Marquise Goodwin,WR,74,2017
Ryan Grant,WR,74,2017
Travis Benjamin,WR,74,2017
DeSean Jackson,WR,73,2017
Jaron Brown,WR,73,2017
Kelvin Benjamin,WR,73,2017
Albert Wilson,WR,72,2017
Brandon LaFell,WR,72,2017
Sterling Shepard,WR,72,2017
Torrey Smith,WR,72,2017
Cole Beasley,WR,71,2017
Eric Decker,WR,71,2017
Kenny Golladay,WR,71,2017
Allen Hurns,WR,70,2017
Brandon Coleman,WR,70,2017
Deonte Thompson,WR,70,2017
Emmanuel Sanders,WR,70,2017
Jeremy Maclin,WR,70,2017
Tyler Lockett,WR,70,2017
Adam Humphries,WR,69,2017
Bennie Fowler,WR,69,2017
Brice Butler,WR,69,2017
Corey Davis,WR,69,2017
DeVante Parker,WR,69,2017
J.J. Nelson,WR,69,2017
John Brown,WR,69,2017
Kendall Wright,WR,69,2017
Odell Beckham Jr.,WR,69,2017
Chris Godwin Jr.,WR,68,2017
Chris Moore,WR,68,2017
Donte Moncrief,WR,68,2017
Johnny Holton,WR,68,2017
Justin Hardy,WR,68,2017
Roger Lewis,WR,68,2017
Tavarres King,WR,68,2017
Trent Taylor,WR,68,2017
Aldrick Robinson,WR,67,2017
Andre Holmes,WR,67,2017
Bruce Ellington,WR,67,2017
Cody Latimer,WR,67,2017
Corey Coleman,WR,67,2017
Jarius Wright,WR,67,2017
Rashard Higgins,WR,67,2017
Seth Roberts,WR,67,2017
Zay Jones,WR,67,2017
Dede Westbrook,WR,66,2017
Dontrelle Inman,WR,66,2017
Jakeem Grant,WR,66,2017
Josh Bellamy,WR,66,2017
Josh Gordon,WR,66,2017
Kenny Britt,WR,66,2017
Pierre Garcon,WR,66,2017
T.J. Jones,WR,66,2017
Taylor Gabriel,WR,66,2017
Terrance Williams,WR,66,2017
Tyler Boyd,WR,66,2017
Chester Rogers,WR,65,2017
Damiere Byrd,WR,65,2017
De'Anthony Thomas,WR,65,2017
Demarcus Robinson,WR,65,2017
Jaydon Mickens,WR,65,2017
Alex Erickson,WR,64,2017
Braxton Miller,WR,64,2017
Eli Rogers,WR,64,2017
Jeremy Kerley,WR,64,2017
Mack Hollins,WR,64,2017
Michael Campanaro,WR,64,2017
Ricardo Louis,WR,64,2017
Russell Shepard,WR,64,2017
Taywan Taylor,WR,64,2017
Terrelle Pryor,WR,64,2017
Ty Montgomery,WR,64,2017
Brandon Tate,WR,63,2017
Geronimo Allison,WR,63,2017
Josh Malone,WR,63,2017
Josh Reynolds,WR,63,2017
Kendrick Bourne,WR,63,2017
Louis Murphy,WR,63,2017
Maurice Harris,WR,63,2017
Phillip Dorsett,WR,63,2017
Tommylee Lewis,WR,63,2017
Bobo Wilson,WR,62,2017
Brandon Marshall,WR,62,2017
Brenton Bersin,WR,62,2017
Chris Conley,WR,62,2017
Hunter Sharp,WR,62,2017
Jaelen Strong,WR,62,2017
Jordan Taylor,WR,62,2017
Justin Hunter,WR,62,2017
Laquon Treadwell,WR,62,2017
Marvin Hall,WR,62,2017
Tre McBride,WR,62,2017
Amara Darboh,WR,61,2017
ArDarius Stewart,WR,61,2017
Breshad Perriman,WR,61,2017
Brian Quick,WR,61,2017
Brittan Golden,WR,61,2017
Bryce Treggs,WR,61,2017
Chad Hansen,WR,61,2017
Chris Thompson,WR,61,2017
Curtis Samuel,WR,61,2017
Darrius Heyward-Bey,WR,61,2017
Freddie Martino,WR,61,2017
Kaelin Clay,WR,61,2017
Kamar Aiken,WR,61,2017
Kasen Williams,WR,61,2017
Leonte Carroo,WR,61,2017
Markus Wheaton,WR,61,2017
Michael Floyd,WR,61,2017
Mike Thomas,WR,61,2017
Mike Williams,WR,61,2017
Pharoh Cooper,WR,61,2017
Sammie Coates,WR,61,2017
Tanner McEvoy,WR,61,2017
Tavon Austin,WR,61,2017
Travis Rudolph,WR,61,2017
Trevor Davis,WR,61,2017
Willie Snead,WR,61,2017
Allen Robinson,WR,60,2017
Andre Roberts,WR,60,2017
Andy Jones,WR,60,2017
Arrelious Benn,WR,60,2017
Bernard Reedy,WR,60,2017
Brendan Langley,WR,60,2017
Chad Williams,WR,60,2017
Charone Peake,WR,60,2017
Chris Matthews,WR,60,2017
Cobi Hamilton,WR,60,2017
Cody Core,WR,60,2017
Darius Powe,WR,60,2017
DeAndrew White,WR,60,2017
Dwayne Harris,WR,60,2017
Ed Eagan,WR,60,2017
Eric Weems,WR,60,2017
Griff Whalen,WR,60,2017
Harry Douglas,WR,60,2017
Isaac Whitney,WR,60,2017
Isaiah McKenzie,WR,60,2017
Jace Billingsley,WR,60,2017
Jamal Agnew,WR,60,2017
Jared Abbrederis,WR,60,2017
Jeff Janis,WR,60,2017
Jehu Chesson,WR,60,2017
JoJo Natson,WR,60,2017
John Ross,WR,60,2017
Jordan Leslie,WR,60,2017
K.J. Brent,WR,60,2017
Kalif Raymond,WR,60,2017
Kevin White,WR,60,2017
Krishawn Hogan,WR,60,2017
Larry Pinkard,WR,60,2017
Marcus Johnson,WR,60,2017
Marcus Kemp,WR,60,2017
Marquis Bundy,WR,60,2017
Matt Hazel,WR,60,2017
Matthew Slater,WR,60,2017
Max McCaffrey,WR,60,2017
Michael Clark,WR,60,2017
Nick Williams,WR,60,2017
Noah Brown,WR,60,2017
Quan Bray,WR,60,2017
Rashawn Scott,WR,60,2017
Ryan Switzer,WR,60,2017
Shelton Gibson,WR,60,2017
Stacy Coley,WR,60,2017
Tanner Gentry,WR,60,2017
Victor Bolden,WR,60,2017
Alex Mack,C,60,2018
Austin Blythe,C,60,2018
Austin Reiter,C,60,2018
Ben Garland,C,60,2018
Ben Jones,C,60,2018
Billy Price,C,60,2018
Bradley Bozeman,C,60,2018
Brandon Linder,C,60,2018
Cameron Tom,C,60,2018
Chase Roullier,C,60,2018
Connor Williams,C,60,2018
Corey Linsley,C,60,2018
Daniel Kilgore,C,60,2018
David Andrews,C,60,2018
Erik Magnuson,C,60,2018
Ethan Pocic,C,60,2018
Evan Smith,C,60,2018
Frank Ragnow,C,60,2018
Graham Glasgow,C,60,2018
JC Tretter,C,60,2018
Jake Brendel,C,60,2018
Jason Kelce,C,60,2018
Joe Looney,C,60,2018
Joey Hunt,C,60,2018
John Greco,C,60,2018
John Sullivan,C,60,2018
Jonotthan Harrison,C,60,2018
Justin Britt,C,60,2018
Mason Cole,C,60,2018
Matt Paradis,C,60,2018
Matt Skura,C,60,2018
Maurkice Pouncey,C,60,2018
Max Unger,C,60,2018
Mike Pouncey,C,60,2018
Mitch Morse,C,60,2018
Nick Martin,C,60,2018
Pat Elflein,C,60,2018
Rodney Hudson,C,60,2018
Russell Bodine,C,60,2018
Ryan Jensen,C,60,2018
Ryan Kalil,C,60,2018
Ryan Kelly,C,60,2018
Spencer Long,C,60,2018
Spencer Pulley,C,60,2018
Ted Karras,C,60,2018
Travis Swanson,C,60,2018
Trey Hopkins,C,60,2018
Tyler Larsen,C,60,2018
Tyler Shatley,C,60,2018
Weston Richburg,C,60,2018
A.J. Bouye,CB,60,2018
Aaron Colvin,CB,60,2018
Adoree' Jackson,CB,60,2018
Ahkello Witherspoon,CB,60,2018
Akeem King,CB,60,2018
Anthony Averett,CB,60,2018
Anthony Brown,CB,60,2018
Antonio Hamilton,CB,60,2018
Aqib Talib,CB,60,2018
Arthur Maulet,CB,60,2018
Artie Burns,CB,60,2018
Avonte Maddox,CB,60,2018
B.W. Webb,CB,60,2018
Bashaud Breeland,CB,60,2018
Bene' Benwikere,CB,60,2018
Blake Countess,CB,60,2018
Bobby McCain,CB,60,2018
Bradley Roby,CB,60,2018
Brandon Carr,CB,60,2018
Brandon Williams,CB,60,2018
Brent Grimes,CB,60,2018
Brian Allen,CB,60,2018
Brian Poole,CB,60,2018
Briean Boddy-Calhoun,CB,60,2018
Bryce Callahan,CB,60,2018
Buster Skrine,CB,60,2018
Byron Jones,CB,60,2018
C.J. Goodwin,CB,60,2018
Cameron Sutton,CB,60,2018
Carlton Davis III,CB,60,2018
Casey Hayward,CB,60,2018
Charvarius Ward,CB,60,2018
Chidobe Awuzie,CB,60,2018
Chris Harris,CB,60,2018
Chris Milton,CB,60,2018
Cordrea Tankersley,CB,60,2018
Corn Elder,CB,60,2018
Coty Sensabaugh,CB,60,2018
Cre'von LeBlanc,CB,60,2018
Cyrus Jones,CB,60,2018
D.J. Reed,CB,60,2018
Darius Phillips,CB,60,2018
Darius Slay,CB,60,2018
Darryl Roberts,CB,60,2018
Davontae Harris,CB,60,2018
De'Vante Harris,CB,60,2018
DeVante Bausby,CB,60,2018
Deatrick Nichols,CB,60,2018
Denzel Ward,CB,60,2018
Derrick Jones,CB,60,2018
Derrick Kindred,CB,60,2018
Desmond Trufant,CB,60,2018
Dexter McDougle,CB,60,2018
Dominique Hatfield,CB,60,2018
Dominique Rodgers-Cromartie,CB,60,2018
Donte Jackson,CB,60,2018
Donte' Deayon,CB,60,2018
Dre Kirkpatrick,CB,60,2018
E.J. Gaines,CB,60,2018
Eli Apple,CB,60,2018
Eric Rowe,CB,60,2018
Fabian Moreau,CB,60,2018
Gareon Conley,CB,60,2018
Greg Mabin,CB,60,2018
Greg Stroman,CB,60,2018
Isaac Yiadom,CB,60,2018
Jaire Alexander,CB,60,2018
Jalen Davis,CB,60,2018
Jalen Mills,CB,60,2018
Jalen Ramsey,CB,60,2018
Jamar Taylor,CB,60,2018
James Bradberry,CB,60,2018
Janoris Jenkins,CB,60,2018
Javien Elliott,CB,60,2018
Jimmy Smith,CB,60,2018
Joe Haden,CB,60,2018
Johnathan Joseph,CB,60,2018
Jonathan Jones,CB,60,2018
Josh Hawkins,CB,60,2018
Josh Jackson,CB,60,2018
Josh Norman,CB,60,2018
Josh Shaw,CB,60,2018
Joshua Holsey,CB,60,2018
Jourdan Lewis,CB,60,2018
Justin Bethel,CB,60,2018
Justin Coleman,CB,60,2018
KeiVarae Russell,CB,60,2018
Ken Crawley,CB,60,2018
Kendall Fuller,CB,60,2018
Kenny Moore II,CB,60,2018
Kevin Johnson,CB,60,2018
Kevin King,CB,60,2018
Kyle Fuller,CB,60,2018
Lafayette Pitts,CB,60,2018
LeShaun Sims,CB,60,2018
Lenzy Pipkins,CB,60,2018
Logan Ryan,CB,60,2018
Lorenzo Doss,CB,60,2018
Mackensie Alexander,CB,60,2018
Malcolm Butler,CB,60,2018
Marcus Peters,CB,60,2018
Marlon Humphrey,CB,60,2018
Marshon Lattimore,CB,60,2018
Maurice Canady,CB,60,2018
Michael Davis,CB,60,2018
Mike Ford,CB,60,2018
Mike Hilton,CB,60,2018
Mike Hughes,CB,60,2018
Morris Claiborne,CB,60,2018
Nate Hairston,CB,60,2018
Neiko Thorpe,CB,60,2018
Nevin Lawson,CB,60,2018
Nick Nelson,CB,60,2018
Parry Nickerson,CB,60,2018
Patrick Peterson,CB,60,2018
Patrick Robinson,CB,60,2018
Phillip Gaines,CB,60,2018
Pierre Desir,CB,60,2018
Prince Amukamara,CB,60,2018
Quenton Meeks,CB,60,2018
Quincy Wilson,CB,60,2018
Quinton Dunbar,CB,60,2018
Rashaan Melvin,CB,60,2018
Rashard Robinson,CB,60,2018
Rasul Douglas,CB,60,2018
Richard Sherman,CB,60,2018
Robert Alford,CB,60,2018
Ronald Darby,CB,60,2018
Ryan Lewis,CB,60,2018
Ryan Smith,CB,60,2018
Sam Shields,CB,60,2018
Shaquill Griffin,CB,60,2018
Sidney Jones,CB,60,2018
Siran Neal,CB,60,2018
Stephon Gilmore,CB,60,2018
Steven Nelson,CB,60,2018
Taron Johnson,CB,60,2018
Tavon Young,CB,60,2018
Teez Tabor,CB,60,2018
Terrance Mitchell,CB,60,2018
Tony McRae,CB,60,2018
Torry McTyer,CB,60,2018
Trae Waynes,CB,60,2018
Tramon Williams,CB,60,2018
Tre Flowers,CB,60,2018
Tre Herndon,CB,60,2018
Tre'Davious White,CB,60,2018
Tremon Smith,CB,60,2018
Trevor Williams,CB,60,2018
Troy Hill,CB,60,2018
Trumaine Johnson,CB,60,2018
Vernon Hargreaves III,CB,60,2018
Vontae Davis,CB,60,2018
Will Redmond,CB,60,2018
William Jackson,CB,60,2018
Xavien Howard,CB,60,2018
Xavier Rhodes,CB,60,2018
A.J. Moore,DB,60,2018
Adam Jones,DB,60,2018
Adonis Alexander,DB,60,2018
Adrian Phillips,DB,60,2018
Andre Hal,DB,60,2018
Andrew Adams,DB,60,2018
Anthony Harris,DB,60,2018
Anthony Levine,DB,60,2018
Armani Watts,DB,60,2018
Blidi Wreh-Wilson,DB,60,2018
Brandon Facyson,DB,60,2018
Brandon Wilson,DB,60,2018
Brynden Trawick,DB,60,2018
C.J. Reavis,DB,60,2018
Captain Munnerlyn,DB,60,2018
Chandon Sullivan,DB,60,2018
Charles Washington,DB,60,2018
Chris Banjo,DB,60,2018
Chuck Clark,DB,60,2018
Clayton Fejedelem,DB,60,2018
Cody Davis,DB,60,2018
Corey Moore,DB,60,2018
Cornell Armstrong,DB,60,2018
D.J. Hayden,DB,60,2018
Dallin Leavitt,DB,60,2018
Dane Cruikshank,DB,60,2018
Daniel Sorensen,DB,60,2018
Danny Johnson,DB,60,2018
Darqueze Dennard,DB,60,2018
David Amerson,DB,60,2018
Davon House,DB,60,2018
DeAndre Houston-Carson,DB,60,2018
DeShawn Shead,DB,60,2018
Deante Burton,DB,60,2018
Dee Virgin,DB,60,2018
Deiondre' Hall,DB,60,2018
Denzel Rice,DB,60,2018
Deshazor Everett,DB,60,2018
Desmond King,DB,60,2018
Dymonte Thomas,DB,60,2018
Eddie Pleasant,DB,60,2018
Emmanuel Moseley,DB,60,2018
Eric Berry,DB,60,2018
George Odum,DB,60,2018
Grant Haley,DB,60,2018
Holton Hill,DB,60,2018
Ibraheim Campbell,DB,60,2018
Isaiah Johnson,DB,60,2018
J.C. Jackson,DB,60,2018
J.J. Wilcox,DB,60,2018
J.T. Gray,DB,60,2018
Jeff Richards,DB,60,2018
Jeremiah McKinnon,DB,60,2018
Jermaine Whitehead,DB,60,2018
John Johnson,DB,60,2018
Johnson Bademosi,DB,60,2018
Josh Robinson,DB,60,2018
Joshua Kalu,DB,60,2018
Justin Hardee,DB,60,2018
K'Waun Williams,DB,60,2018
Keion Crossen,DB,60,2018
Keith Tandy,DB,60,2018
Kenneth Durden,DB,60,2018
Kenny Ladler,DB,60,2018
Kevin Toliver,DB,60,2018
Leon Hall,DB,60,2018
Leonard Johnson,DB,60,2018
Levi Wallace,DB,60,2018
Marcell Harris,DB,60,2018
Marcus Cooper,DB,60,2018
Marcus Sherels,DB,60,2018
Marcus Williams,DB,60,2018
Marqui Christian,DB,60,2018
Matthias Farley,DB,60,2018
Maurice Smith,DB,60,2018
Michael Thomas,DB,60,2018
Mike Tyson,DB,60,2018
Nat Berhe,DB,60,2018
Nate Ebner,DB,60,2018
Natrell Jamerson,DB,60,2018
Nickell Robey-Coleman,DB,60,2018
Obi Melifonwu,DB,60,2018
Orlando Scandrick,DB,60,2018
Rafael Bush,DB,60,2018
Rashaan Gaulden,DB,60,2018
Robertson Daniel,DB,60,2018
Ronnie Harrison,DB,60,2018
Rontez Miles,DB,60,2018
Sean Chandler,DB,60,2018
Shalom Luani,DB,60,2018
Shamarko Thomas,DB,60,2018
Shareece Wright,DB,60,2018
Sherrick McManis,DB,60,2018
Su'a Cravens,DB,60,2018
T.J. Carrie,DB,60,2018
Tarvarius Moore,DB,60,2018
Tony Brown,DB,60,2018
Tony Lippett,DB,60,2018
Tracy Walker III,DB,60,2018
Tramaine Brock,DB,60,2018
Tre Sullivan,DB,60,2018
Troy Apke,DB,60,2018
Tyler Patmon,DB,60,2018
Tyvis Powell,DB,60,2018
Walt Aikens,DB,60,2018
A'Shawn Robinson,DE,60,2018
Adam Gotsis,DE,60,2018
Adrian Clayborn,DE,60,2018
Akiem Hicks,DE,60,2018
Al-Quadin Muhammad,DE,60,2018
Alex Okafor,DE,60,2018
Allen Bailey,DE,60,2018
Andre Branch,DE,60,2018
Angelo Blackson,DE,60,2018
Anthony Zettel,DE,60,2018
B.J. Hill,DE,60,2018
Branden Jackson,DE,60,2018
Brandon Graham,DE,60,2018
Brandon Williams,DE,60,2018
Breeland Speaks,DE,60,2018
Brent Urban,DE,60,2018
Bryan Cox,DE,60,2018
Calais Campbell,DE,60,2018
Cameron Jordan,DE,60,2018
Cameron Malveaux,DE,60,2018
Carl Lawson,DE,60,2018
Carlos Dunlap,DE,60,2018
Carlos Watkins,DE,60,2018
Carroll Phillips,DE,60,2018
Chandler Jones,DE,60,2018
Chris Jones,DE,60,2018
Chris Long,DE,60,2018
Chris Wormley,DE,60,2018
Christian Covington,DE,60,2018
Christian Ringo,DE,60,2018
Corey Peters,DE,60,2018
DJ Reader,DE,60,2018
Da'Shawn Hand,DE,60,2018
Daeshon Hall,DE,60,2018
Dalvin Tomlinson,DE,60,2018
Damontre Moore,DE,60,2018
Danielle Hunter,DE,60,2018
Dante Fowler Jr.,DE,60,2018
Datone Jones,DE,60,2018
Dawuane Smoot,DE,60,2018
DeMarcus Lawrence,DE,60,2018
DeMarcus Walker,DE,60,2018
Deatrich Wise,DE,60,2018
Dee Ford,DE,60,2018
Derek Barnett,DE,60,2018
Derek Rivers,DE,60,2018
Derek Wolfe,DE,60,2018
Derrick Shelby,DE,60,2018
Dion Jordan,DE,60,2018
Dorance Armstrong,DE,60,2018
Eddie Yarbrough,DE,60,2018
Efe Obada,DE,60,2018
Emmanuel Ogbah,DE,60,2018
Eric Lee,DE,60,2018
Everson Griffen,DE,60,2018
Ezekiel Ansah,DE,60,2018
Fadol Brown,DE,60,2018
Frostee Rucker,DE,60,2018
Genard Avery,DE,60,2018
Geneo Grissom,DE,60,2018
Henry Anderson,DE,60,2018
Ifeadi Odenigbo,DE,60,2018
Isaac Rochell,DE,60,2018
J.J. Watt,DE,60,2018
Jabaal Sheard,DE,60,2018
Jacob Martin,DE,60,2018
Jacquies Smith,DE,60,2018
Jerry Hughes,DE,60,2018
Joel Heath,DE,60,2018
Joey Bosa,DE,60,2018
John Atkins,DE,60,2018
John Franklin-Myers,DE,60,2018
Jonathan Allen,DE,60,2018
Jonathan Bullard,DE,60,2018
Jonathan Woodard,DE,60,2018
Jordan Jenkins,DE,60,2018
Jordan Willis,DE,60,2018
Josh Mauro,DE,60,2018
Julius Peppers,DE,60,2018
Jurrell Casey,DE,60,2018
Keionta Davis,DE,60,2018
Kemoko Turay,DE,60,2018
Kerry Hyder,DE,60,2018
Kerry Wynn,DE,60,2018
Kony Ealy,DE,60,2018
L.T. Walton,DE,60,2018
Leonard Floyd,DE,60,2018
Leonard Williams,DE,60,2018
Lerentee McCray,DE,60,2018
Lyndon Johnson,DE,60,2018
Marcus Davenport,DE,60,2018
Margus Hunt,DE,60,2018
Matt Dickerson,DE,60,2018
Michael Bennett,DE,60,2018
Michael Johnson,DE,60,2018
Mike Daniels,DE,60,2018
Mike Love,DE,60,2018
Muhammad Wilkerson,DE,60,2018
Myles Garrett,DE,60,2018
Nate Orchard,DE,60,2018
Noah Spence,DE,60,2018
Olivier Vernon,DE,60,2018
Preston Smith,DE,60,2018
Quinton Jefferson,DE,60,2018
Rasheem Green,DE,60,2018
Reggie Gilbert,DE,60,2018
Robert Quinn,DE,60,2018
Rodney Gunter,DE,60,2018
Romeo Okwara,DE,60,2018
Ronald Blair,DE,60,2018
Roy Robertson-Harris,DE,60,2018
Ryan Delaire,DE,60,2018
Ryan Kerrigan,DE,60,2018
Sam Hubbard,DE,60,2018
Samson Ebukam,DE,60,2018
Shaq Lawson,DE,60,2018
Shilique Calhoun,DE,60,2018
Solomon Thomas,DE,60,2018
Stephen Weatherly,DE,60,2018
Stephon Tuitt,DE,60,2018
Taco Charlton,DE,60,2018
Takk McKinley,DE,60,2018
Tank Carradine,DE,60,2018
Tanoh Kpassagnon,DE,60,2018
Tashawn Bower,DE,60,2018
Trent Murphy,DE,60,2018
Trevon Young,DE,60,2018
Trey Hendrickson,DE,60,2018
Tyquan Lewis,DE,60,2018
Tyson Alualu,DE,60,2018
Ufomba Kamalu,DE,60,2018
Vic Beasley,DE,60,2018
Vinny Curry,DE,60,2018
Wes Horton,DE,60,2018
Whitney Mercilus,DE,60,2018
William Hayes,DE,60,2018
Yannick Ngakoue,DE,60,2018
Za'Darius Smith,DE,60,2018
Zach Kerr,DE,60,2018
Zach Moore,DE,60,2018
Aaron Donald,DL,60,2018
Mario Addison,DL,60,2018
Abry Jones,DT,60,2018
Adam Butler,DT,60,2018
Adolphus Washington,DT,60,2018
Akeem Spence,DT,60,2018
Al Woods,DT,60,2018
Andrew Billings,DT,60,2018
Antwaun Woods,DT,60,2018
Arik Armstead,DT,60,2018
Beau Allen,DT,60,2018
Bennie Logan,DT,60,2018
Bilal Nichols,DT,60,2018
Brandon Mebane,DT,60,2018
Brian Price,DT,60,2018
Bruce Hector,DT,60,2018
Caleb Brantley,DT,60,2018
Cameron Heyward,DT,60,2018
Caraun Reid,DT,60,2018
Carl Davis,DT,60,2018
Clinton McDonald,DT,60,2018
Corey Liuget,DT,60,2018
D.J. Jones,DT,60,2018
DaQuan Jones,DT,60,2018
Damion Square,DT,60,2018
Damon Harrison,DT,60,2018
Dan McCullers,DT,60,2018
Daniel Ross,DT,60,2018
Danny Shelton,DT,60,2018
Darius Philon,DT,60,2018
David Irving,DT,60,2018
David Onyemata,DT,60,2018
David Parry,DT,60,2018
Davon Godchaux,DT,60,2018
DeForest Buckner,DT,60,2018
Deadrin Senat,DT,60,2018
Dean Lowry,DT,60,2018
Denico Autry,DT,60,2018
Destiny Vaeao,DT,60,2018
Dontari Poe,DT,60,2018
Earl Mitchell,DT,60,2018
Eli Ankou,DT,60,2018
Ethan Westbrooks,DT,60,2018
Fletcher Cox,DT,60,2018
Foley Fatukasi,DT,60,2018
Gabe Wright,DT,60,2018
Garrison Smith,DT,60,2018
Geno Atkins,DT,60,2018
Gerald McCoy,DT,60,2018
Grady Jarrett,DT,60,2018
Grover Stewart,DT,60,2018
Haloti Ngata,DT,60,2018
Harrison Phillips,DT,60,2018
Hassan Ridgeway,DT,60,2018
Jack Crawford,DT,60,2018
Jaleel Johnson,DT,60,2018
Jalyn Holmes,DT,60,2018
Jamiyus Pittman,DT,60,2018
Jarran Reed,DT,60,2018
Jarvis Jenkins,DT,60,2018
Jay Bromley,DT,60,2018
Jerel Worthy,DT,60,2018
Jeremiah Ledbetter,DT,60,2018
John Jenkins,DT,60,2018
Johnathan Hankins,DT,60,2018
Jordan Phillips,DT,60,2018
Josh Tupou,DT,60,2018
Jullian Taylor,DT,60,2018
Justin Ellis,DT,60,2018
Justin Hamilton,DT,60,2018
Justin Jones,DT,60,2018
Kawann Short,DT,60,2018
Kyle Love,DT,60,2018
Kyle Williams,DT,60,2018
Larry Ogunjobi,DT,60,2018
Lawrence Guy,DT,60,2018
Linval Joseph,DT,60,2018
Malcom Brown,DT,60,2018
Maliek Collins,DT,60,2018
Malik Jackson,DT,60,2018
Marcell Dareus,DT,60,2018
Mario Edwards,DT,60,2018
Matthew Ioannidis,DT,60,2018
Maurice Hurst,DT,60,2018
Michael Bennett,DT,60,2018
Michael Brockers,DT,60,2018
Michael Pierce,DT,60,2018
Mike Pennel,DT,60,2018
Montravius Adams,DT,60,2018
Nathan Shepherd,DT,60,2018
Nazair Jones,DT,60,2018
Nick Williams,DT,60,2018
Olsen Pierre,DT,60,2018
P.J. Hall,DT,60,2018
Pasoni Tasini,DT,60,2018
Poona Ford,DT,60,2018
R.J. McIntosh,DT,60,2018
Rakeem Nunez-Roches,DT,60,2018
Ricky Jean Francois,DT,60,2018
Robert Nkemdiche,DT,60,2018
Ryan Glasgow,DT,60,2018
Shamar Stephen,DT,60,2018
Shelby Harris,DT,60,2018
Sheldon Day,DT,60,2018
Sheldon Rankins,DT,60,2018
Sheldon Richardson,DT,60,2018
Stacy McGee,DT,60,2018
Star Lotulelei,DT,60,2018
Sylvester Williams,DT,60,2018
T.Y. McGill,DT,60,2018
Taven Bryan,DT,60,2018
Taylor Stallworth,DT,60,2018
Terrell McClain,DT,60,2018
Tim Settle,DT,60,2018
Timmy Jernigan,DT,60,2018
Tom Johnson,DT,60,2018
Trevon Coley,DT,60,2018
Treyvon Hester,DT,60,2018
Tyeler Davison,DT,60,2018
Tyler Lancaster,DT,60,2018
Tyrone Crawford,DT,60,2018
Vernon Butler,DT,60,2018
Vincent Taylor,DT,60,2018
Vincent Valentine,DT,60,2018
Vita Vea,DT,60,2018
William Gholston,DT,60,2018
Willie Henry,DT,60,2018
Zach Sieler,DT,60,2018
Ziggy Hood,DT,60,2018
Andy Janovich,FB,60,2018
Anthony Sherman,FB,60,2018
C.J. Ham,FB,60,2018
Derek Watt,FB,60,2018
Derrick Coleman,FB,60,2018
Elijhaa Penny,FB,60,2018
James Develin,FB,60,2018
Jason Cabinda,FB,60,2018
Keith Smith,FB,60,2018
Kyle Juszczyk,FB,60,2018
Michael Burton,FB,60,2018
Patrick Ricard,FB,60,2018
Roosevelt Nix,FB,60,2018
Tommy Bohanon,FB,60,2018
Tre Madden,FB,60,2018
Zach Line,FB,60,2018
Adrian Colbert,FS,60,2018
Andrew Sendejo,FS,60,2018
Antoine Bethea,FS,60,2018
Chris Conte,FS,60,2018
Corey Graham,FS,60,2018
Curtis Riley,FS,60,2018
D.J. Swearinger,FS,60,2018
Derwin James,FS,60,2018
Devin McCourty,FS,60,2018
Doug Middleton,FS,60,2018
Earl Thomas,FS,60,2018
Eddie Jackson,FS,60,2018
Eric Weddle,FS,60,2018
Erik Harris,FS,60,2018
Glover Quin,FS,60,2018
Harrison Smith,FS,60,2018
Isaiah Johnson,FS,60,2018
Jabrill Peppers,FS,60,2018
Jarrod Wilson,FS,60,2018
Jessie Bates,FS,60,2018
Jordan Poyer,FS,60,2018
Jordan Richards,FS,60,2018
Jordan Whitehead,FS,60,2018
Justin Simmons,FS,60,2018
Juston Burris,FS,60,2018
Karl Joseph,FS,60,2018
Kavon Frazier,FS,60,2018
Kevin Byard,FS,60,2018
Malik Hooker,FS,60,2018
Marcus Maye,FS,60,2018
Marcus Williams,FS,60,2018
Mike Adams,FS,60,2018
Minkah Fitzpatrick,FS,60,2018
Montae Nicholson,FS,60,2018
Reggie Nelson,FS,60,2018
Reshad Jones,FS,60,2018
Ricardo Allen,FS,60,2018
Rodney McLeod Jr.,FS,60,2018
Ron Parker,FS,60,2018
Rudy Ford,FS,60,2018
Sean Davis,FS,60,2018
Tashaun Gipson,FS,60,2018
Tavon Wilson,FS,60,2018
Tedric Thompson,FS,60,2018
Terrence Brooks,FS,60,2018
Tre Boston,FS,60,2018
Tyrann Mathieu,FS,60,2018
Xavier Woods,FS,60,2018
A.J. Cann,G,60,2018
Alex Lewis,G,60,2018
Alex Redmond,G,60,2018
Ali Marpet,G,60,2018
Andrew Norwell,G,60,2018
Andrew Wylie,G,60,2018
Andrus Peat,G,60,2018
B.J. Finney,G,60,2018
Brandon Brooks,G,60,2018
Brandon Fusco,G,60,2018
Brandon Scherff,G,60,2018
Brent Qvale,G,60,2018
Brian Winters,G,60,2018
Bryan Witzmann,G,60,2018
Byron Bell,G,60,2018
Caleb Benenoch,G,60,2018
Cameron Erving,G,60,2018
Chris Reed,G,60,2018
Christian Westerman,G,60,2018
Clint Boling,G,60,2018
Cody Whitehair,G,60,2018
Colby Gossett,G,60,2018
Connor McGovern,G,60,2018
Corey Levin,G,60,2018
D.J. Fluker,G,60,2018
Dakota Dozier,G,60,2018
Dan Feeney,G,60,2018
Daniel Munyer,G,60,2018
Danny Isidora,G,60,2018
David DeCastro,G,60,2018
Denzelle Good,G,60,2018
Ereck Flowers,G,60,2018
Eric Kush,G,60,2018
Evan Boehm,G,60,2018
Gabe Jackson,G,60,2018
Greg Mancz,G,60,2018
Greg Van Roten,G,60,2018
Halapoulivaati Vaitai,G,60,2018
Isaac Seumalo,G,60,2018
J.R. Sweezy,G,60,2018
James Carpenter,G,60,2018
James Daniels,G,60,2018
James Hurst,G,60,2018
Jamon Brown,G,60,2018
Jeff Allen,G,60,2018
Jeremy Vujnovich,G,60,2018
Jermaine Eluemunor,G,60,2018
Jesse Davis,G,60,2018
Joe Thuney,G,60,2018
Joel Bitonio,G,60,2018
John Miller,G,60,2018
John Wetzel,G,60,2018
Jon Feliciano,G,60,2018
Jonathan Cooper,G,60,2018
Jordan Simmons,G,60,2018
Josh Kline,G,60,2018
Josh LeRibeus,G,60,2018
Josh Sitton,G,60,2018
Justin McCray,G,60,2018
Justin Pugh,G,60,2018
Kelechi Osemele,G,60,2018
Kenny Wiggins,G,60,2018
Kevin Pamphile,G,60,2018
Kevin Zeitler,G,60,2018
Kyle Fuller,G,60,2018
Kyle Long,G,60,2018
Laken Tomlinson,G,60,2018
Lane Taylor,G,60,2018
Larry Warford,G,60,2018
Laurent Duvernay-Tardif,G,60,2018
Lucas Patrick,G,60,2018
Luke Bowanko,G,60,2018
Mark Glowinski,G,60,2018
Marshal Yanda,G,60,2018
Marshall Newhouse,G,60,2018
Matt Slauson,G,60,2018
Max Garcia,G,60,2018
Michael Schofield,G,60,2018
Mike Iupati,G,60,2018
Mike Person,G,60,2018
Mike Remmers,G,60,2018
Oday Aboushi,G,60,2018
Patrick Omameh,G,60,2018
Quenton Nelson,G,60,2018
Quinton Spain,G,60,2018
Ramon Foster,G,60,2018
Rodger Saffold,G,60,2018
Ronald Leary,G,60,2018
Ryan Groy,G,60,2018
Senio Kelemete,G,60,2018
Shaq Mason,G,60,2018
Shawn Lauvao,G,60,2018
Stefen Wisniewski,G,60,2018
Ted Larsen,G,60,2018
Tom Compton,G,60,2018
Tony Bergstrom,G,60,2018
Trai Turner,G,60,2018
Vladimir Ducasse,G,60,2018
Wes Schweitzer,G,60,2018
Will Hernandez,G,60,2018
Will Holden,G,60,2018
Wyatt Teller,G,60,2018
Xavier Su'a-Filo,G,60,2018
Zach Fulton,G,60,2018
Zack Martin,G,60,2018
Adarius Taylor,ILB,60,2018
Alec Ogletree,ILB,60,2018
Antonio Morrison,ILB,60,2018
Austin Calitro,ILB,60,2018
Avery Williamson,ILB,60,2018
Benardrick McKinney,ILB,60,2018
Blake Martinez,ILB,60,2018
Brandon Marshall,ILB,60,2018
C.J. Mosley,ILB,60,2018
Connor Barwin,ILB,60,2018
Cory Littleton,ILB,60,2018
Danny Trevathan,ILB,60,2018
Darron Lee,ILB,60,2018
Devante Downs,ILB,60,2018
Jayon Brown,ILB,60,2018
Jon Bostic,ILB,60,2018
Josey Jewell,ILB,60,2018
Josh Bynes,ILB,60,2018
Kenny Young,ILB,60,2018
Kevin Minter,ILB,60,2018
Luke Kuechly,ILB,60,2018
Mark Barron,ILB,60,2018
Mason Foster,ILB,60,2018
Nick Kwiatkoski,ILB,60,2018
Oren Burks,ILB,60,2018
Patrick Onwuasor,ILB,60,2018
Ramik Wilson,ILB,60,2018
Rashaan Evans,ILB,60,2018
Reggie Ragland,ILB,60,2018
Roquan Smith,ILB,60,2018
Tanner Vallejo,ILB,60,2018
Todd Davis,ILB,60,2018
Tyler Matakevich,ILB,60,2018
Vince Williams,ILB,60,2018
Wesley Woodyard,ILB,60,2018
Will Compton,ILB,60,2018
Zach Cunningham,ILB,60,2018
Adam Vinatieri,K,60,2018
Aldrick Rosas,K,60,2018
Brandon McManus,K,60,2018
Brett Maher,K,60,2018
Cairo Santos,K,60,2018
Caleb Sturgis,K,60,2018
Chandler Catanzaro,K,60,2018
Chris Boswell,K,60,2018
Cody Parkey,K,60,2018
Dan Bailey,K,60,2018
Daniel Carlson,K,60,2018
Dustin Hopkins,K,60,2018
Giorgio Tavecchio,K,60,2018
Graham Gano,K,60,2018
Greg Joseph,K,60,2018
Greg Zuerlein,K,60,2018
Harrison Butker,K,60,2018
Jake Elliott,K,60,2018
Jason Myers,K,60,2018
Jason Sanders,K,60,2018
Josh Lambo,K,60,2018
Justin Tucker,K,60,2018
Ka'imi Fairbairn,K,60,2018
Kai Forbath,K,60,2018
Mason Crosby,K,60,2018
Matt Bryant,K,60,2018
Matt McCrane,K,60,2018
Matt Prater,K,60,2018
Mike Badgley,K,60,2018
Mike Nugent,K,60,2018
Nick Rose,K,60,2018
Phil Dawson,K,60,2018
Randy Bullock,K,60,2018
Robbie Gould,K,60,2018
Ryan Succop,K,60,2018
Sam Ficken,K,60,2018
Sebastian Janikowski,K,60,2018
Stephen Gostkowski,K,60,2018
Steven Hauschka,K,60,2018
Wil Lutz,K,60,2018
Zane Gonzalez,K,60,2018
Aaron Wallace,LB,60,2018
Ahmad Thomas,LB,60,2018
Albert McClellan,LB,60,2018
Andre Smith,LB,60,2018
Anthony Chickillo,LB,60,2018
Anthony Wint,LB,60,2018
Arden Key,LB,60,2018
B.J. Bello,LB,60,2018
Ben Jacobs,LB,60,2018
Ben Niemann,LB,60,2018
Blair Brown,LB,60,2018
Brandon Bell,LB,60,2018
Brandon King,LB,60,2018
Brian Peters,LB,60,2018
Brock Coyle,LB,60,2018
Brooks Reed,LB,60,2018
Bruce Carter,LB,60,2018
Bruce Irvin,LB,60,2018
Cameron Lynch,LB,60,2018
Cameron Wake,LB,60,2018
Carl Nassib,LB,60,2018
Cassanova McKinzy,LB,60,2018
Cassius Marsh,LB,60,2018
Charles Harris,LB,60,2018
Chris Board,LB,60,2018
Chris Covington,LB,60,2018
Chris Landrum,LB,60,2018
Chris Smith,LB,60,2018
Chris Worley,LB,60,2018
Corey Thompson,LB,60,2018
Craig Robertson,LB,60,2018
D'Juan Hines,LB,60,2018
D.J. Alexander,LB,60,2018
Daren Bates,LB,60,2018
Deion Jones,LB,60,2018
Dekoda Watson,LB,60,2018
Dennis Gardeck,LB,60,2018
Deon Lacey,LB,60,2018
Derrick Johnson,LB,60,2018
Devante Bond,LB,60,2018
Donald Payne,LB,60,2018
Dorian O'Daniel,LB,60,2018
Duke Ejiofor,LB,60,2018
Dylan Cole,LB,60,2018
Eli Harold,LB,60,2018
Eric Wilson,LB,60,2018
Ezekiel Turner,LB,60,2018
Foye Oluokun,LB,60,2018
Frank Clark,LB,60,2018
Frank Zombo,LB,60,2018
Frankie Luvu,LB,60,2018
Gerald Hodges,LB,60,2018
Harold Landry III,LB,60,2018
Hayes Pullard,LB,60,2018
Isaiah Irving,LB,60,2018
Ja'Whaun Bentley,LB,60,2018
Jack Cichy,LB,60,2018
Jalen Reeves-Maybin,LB,60,2018
Jamal Adams,LB,60,2018
James Crawford,LB,60,2018
James Onwualu,LB,60,2018
Jared Norris,LB,60,2018
Jason Pierre-Paul,LB,60,2018
Jeff Holland,LB,60,2018
Jeremiah Attaochu,LB,60,2018
Jermaine Carter,LB,60,2018
Jihad Ward,LB,60,2018
Joe Jones,LB,60,2018
Joe Walker,LB,60,2018
Joel Iyiegbuniwe,LB,60,2018
John Simon,LB,60,2018
Jordan Thomas,LB,60,2018
Josh Harvey-Clemons,LB,60,2018
Josh Keyes,LB,60,2018
Josh Martin,LB,60,2018
Julian Stanford,LB,60,2018
Justin Lawler,LB,60,2018
Justin March,LB,60,2018
Keishawn Bierria,LB,60,2018
Kelvin Sheppard,LB,60,2018
Kentrell Brothers,LB,60,2018
Kevin Pierre-Louis,LB,60,2018
Korey Toomer,LB,60,2018
Kyle Wilber,LB,60,2018
Kyle Wilson,LB,60,2018
Kyler Fackrell,LB,60,2018
Kylie Fitts,LB,60,2018
L.J. Fort,LB,60,2018
LaRoy Reynolds,LB,60,2018
Landon Collins,LB,60,2018
Lorenzo Carter,LB,60,2018
Malik Jefferson,LB,60,2018
Marcus Allen,LB,60,2018
Markus Golden,LB,60,2018
Marquis Flowers,LB,60,2018
Marquis Haynes,LB,60,2018
Martrell Spaight,LB,60,2018
Matthew Thomas,LB,60,2018
Maurice Alexander,LB,60,2018
Melvin Ingram,LB,60,2018
Micah Kiser,LB,60,2018
Mike Hull,LB,60,2018
Mychal Kendricks,LB,60,2018
Najee Goode,LB,60,2018
Nate Gerry,LB,60,2018
Neville Hewitt,LB,60,2018
Nicholas Grigsby,LB,60,2018
Nicholas Morrow,LB,60,2018
Nick Bellore,LB,60,2018
Nick DeLuca,LB,60,2018
Nick Dzubnar,LB,60,2018
Pernell McPhee,LB,60,2018
Peter Kalambayi,LB,60,2018
Pita Taumoepenu,LB,60,2018
Ramon Humber,LB,60,2018
Randy Gregory,LB,60,2018
Ray-Ray Armstrong,LB,60,2018
Riley Bullough,LB,60,2018
Ryan Anderson,LB,60,2018
Sam Acho,LB,60,2018
Shane Ray,LB,60,2018
Shaquil Barrett,LB,60,2018
Sharif Finch,LB,60,2018
Shaun Dion Hamilton,LB,60,2018
Skai Moore,LB,60,2018
Stephone Anthony,LB,60,2018
Steven Means,LB,60,2018
Tae Davis,LB,60,2018
Tarell Basham,LB,60,2018
Terence Garvin,LB,60,2018
Terrance Smith,LB,60,2018
Thurston Armbrister,LB,60,2018
Tim Williams,LB,60,2018
Tre'Von Johnson,LB,60,2018
Trevor Bates,LB,60,2018
Trey Flowers,LB,60,2018
Tyrell Adams,LB,60,2018
Tyus Bowser,LB,60,2018
Uchenna Nwosu,LB,60,2018
Ukeme Eligwe,LB,60,2018
Vince Biegel,LB,60,2018
Vontarrius Dora,LB,60,2018
Xavier Woodson-Luster,LB,60,2018
Zach Vigil,LB,60,2018
Aaron Brewer,LS,60,2018
Andrew East,LS,60,2018
Beau Brinkley,LS,60,2018
Carson Tinker,LS,60,2018
Casey Kreiter,LS,60,2018
Charley Hughlett,LS,60,2018
Clark Harris,LS,60,2018
Don Muhlbach,LS,60,2018
Garrison Sanborn,LS,60,2018
Hunter Bradley,LS,60,2018
J.J. Jansen,LS,60,2018
Jake McQuaide,LS,60,2018
James Winchester,LS,60,2018
Joe Cardona,LS,60,2018
John Denney,LS,60,2018
Jon Condo,LS,60,2018
Jon Weeks,LS,60,2018
Kameron Canaday,LS,60,2018
Kevin McDermott,LS,60,2018
L.P. LaDouceur,LS,60,2018
Luke Rhodes,LS,60,2018
Matt Overton,LS,60,2018
Mike Windt,LS,60,2018
Morgan Cox,LS,60,2018
Nick Sundberg,LS,60,2018
Patrick Scales,LS,60,2018
Reid Ferguson,LS,60,2018
Rick Lovato,LS,60,2018
Thomas Hennessy,LS,60,2018
Tyler Ott,LS,60,2018
Zach Wood,LS,60,2018
Zak DeOssie,LS,60,2018
Alex Anzalone,MLB,60,2018
Anthony Hitchens,MLB,60,2018
Anthony Walker,MLB,60,2018
B.J. Goodson,MLB,60,2018
Bobby Wagner,MLB,60,2018
Denzel Perryman,MLB,60,2018
Duke Riley,MLB,60,2018
Eric Kendricks,MLB,60,2018
Fred Warner,MLB,60,2018
Hardy Nickerson,MLB,60,2018
Jarrad Davis,MLB,60,2018
Jaylon Smith,MLB,60,2018
Joe Schobert,MLB,60,2018
Jordan Hicks,MLB,60,2018
Kwon Alexander,MLB,60,2018
Kyle Van Noy,MLB,60,2018
Malcolm Smith,MLB,60,2018
Manti Te'o,MLB,60,2018
Marquel Lee,MLB,60,2018
Myles Jack,MLB,60,2018
Nate Stupar,MLB,60,2018
Preston Brown,MLB,60,2018
Raekwon McMillan,MLB,60,2018
Tremaine Edmunds,MLB,60,2018
Austin Johnson,NT,60,2018
Brandon Dunn,NT,60,2018
Darius Kilgo,NT,60,2018
Daron Payne,NT,60,2018
Derrick Nnadi,NT,60,2018
Domata Peko Sr.,NT,60,2018
Eddie Goldman,NT,60,2018
Javon Hargrave,NT,60,2018
Kenny Clark,NT,60,2018
Ndamukong Suh,NT,60,2018
Niles Scott,NT,60,2018
Steve McLendon,NT,60,2018
Xavier Williams,NT,60,2018
A.J. Klein,OLB,60,2018
Aaron Lynch,OLB,60,2018
Anthony Barr,OLB,60,2018
Barkevious Mingo,OLB,60,2018
Ben Gedeon,OLB,60,2018
Benson Mayowa,OLB,60,2018
Bradley Chubb,OLB,60,2018
Brandon Copeland,OLB,60,2018
Brennan Scarlett,OLB,60,2018
Brian Orakpo,OLB,60,2018
Bryce Hager,OLB,60,2018
Bud Dupree,OLB,60,2018
Chase Allen,OLB,60,2018
Christian Jones,OLB,60,2018
Christian Kirksey,OLB,60,2018
Clay Matthews,OLB,60,2018
Damien Wilson,OLB,60,2018
David Mayo,OLB,60,2018
De'Vondre Campbell,OLB,60,2018
Demario Davis,OLB,60,2018
Deone Bucannon,OLB,60,2018
Derrick Morgan,OLB,60,2018
Devon Kennard,OLB,60,2018
Dominique Easley,OLB,60,2018
Dont'a Hightower,OLB,60,2018
Elandon Roberts,OLB,60,2018
Elijah Lee,OLB,60,2018
Emmanuel Lamur,OLB,60,2018
Haason Reddick,OLB,60,2018
Jadeveon Clowney,OLB,60,2018
James Burgess,OLB,60,2018
Jamie Collins,OLB,60,2018
Jatavis Brown,OLB,60,2018
Jerome Baker,OLB,60,2018
Joe Thomas,OLB,60,2018
Jordan Evans,OLB,60,2018
Josh Sweat,OLB,60,2018
Justin Houston,OLB,60,2018
K.J. Wright,OLB,60,2018
Kamalei Correa,OLB,60,2018
Kamu Grugier-Hill,OLB,60,2018
Kareem Martin,OLB,60,2018
Khalil Mack,OLB,60,2018
Kiko Alonso,OLB,60,2018
Kyle Emanuel,OLB,60,2018
Kyzir White,OLB,60,2018
Lavonte David,OLB,60,2018
Leighton Vander Esch,OLB,60,2018
Leon Jacobs,OLB,60,2018
Lorenzo Alexander,OLB,60,2018
Mark Nzeocha,OLB,60,2018
Matt Longacre,OLB,60,2018
Matt Milano,OLB,60,2018
Matthew Adams,OLB,60,2018
Matthew Judon,OLB,60,2018
Nick Perry,OLB,60,2018
Nick Vigil,OLB,60,2018
Nigel Bradham,OLB,60,2018
Ola Adeniyi,OLB,60,2018
Reuben Foster,OLB,60,2018
Sean Lee,OLB,60,2018
Shaq Thompson,OLB,60,2018
Shaquem Griffin,OLB,60,2018
Shaquille Leonard,OLB,60,2018
T.J. Watt,OLB,60,2018
Tahir Whitehead,OLB,60,2018
Telvin Smith,OLB,60,2018
Terrell Suggs,OLB,60,2018
Thomas Davis,OLB,60,2018
Vincent Rey,OLB,60,2018
Von Miller,OLB,60,2018
Vontaze Burfict,OLB,60,2018
Zach Brown,OLB,60,2018
Zaire Franklin,OLB,60,2018
Alejandro Villanueva,OT,60,2018
Andre Smith,OT,60,2018
Andrew Whitworth,OT,60,2018
Anthony Castonzo,OT,60,2018
Austin Howard,OT,60,2018
Billy Turner,OT,60,2018
Bobby Hart,OT,60,2018
Bobby Massie,OT,60,2018
Braden Smith,OT,60,2018
Brandon Parker,OT,60,2018
Brandon Shell,OT,60,2018
Brian Mihalik,OT,60,2018
Brian O'Neill,OT,60,2018
Bryan Bulaga,OT,60,2018
Cam Robinson,OT,60,2018
Cameron Fleming,OT,60,2018
Cedric Ogbuehi,OT,60,2018
Chad Wheeler,OT,60,2018
Charles Leno Jr.,OT,60,2018
Chaz Green,OT,60,2018
Chris Clark,OT,60,2018
Chris Hubbard,OT,60,2018
Chukwuma Okorafor,OT,60,2018
Cordy Glenn,OT,60,2018
Corey Robinson,OT,60,2018
D.J. Humphries,OT,60,2018
David Bakhtiari,OT,60,2018
David Sharpe,OT,60,2018
Demar Dotson,OT,60,2018
Dennis Kelly,OT,60,2018
Desmond Harrison,OT,60,2018
Dion Dawkins,OT,60,2018
Donald Penn,OT,60,2018
Donovan Smith,OT,60,2018
Duane Brown,OT,60,2018
Elijah Wilkinson,OT,60,2018
Eric Fisher,OT,60,2018
Garett Bolles,OT,60,2018
George Fant,OT,60,2018
Germain Ifedi,OT,60,2018
Geron Christian,OT,60,2018
Greg Robinson,OT,60,2018
Ja'Wuan James,OT,60,2018
Jack Conklin,OT,60,2018
Jake Matthews,OT,60,2018
Jared Veldheer,OT,60,2018
Jason Peters,OT,60,2018
Jason Spriggs,OT,60,2018
Jeremiah Sirles,OT,60,2018
Jermey Parnell,OT,60,2018
Jermon Bushrod,OT,60,2018
Joe Barksdale,OT,60,2018
Joe Haeg,OT,60,2018
Joe Staley,OT,60,2018
Jordan Mills,OT,60,2018
Josh Walker,OT,60,2018
Josh Wells,OT,60,2018
Julie'n Davenport,OT,60,2018
Kelvin Beachum,OT,60,2018
Kendall Lamm,OT,60,2018
Kolton Miller,OT,60,2018
Korey Cunningham,OT,60,2018
La'el Collins,OT,60,2018
LaAdrian Waddle,OT,60,2018
Lane Johnson,OT,60,2018
Laremy Tunsil,OT,60,2018
Le'Raven Clark,OT,60,2018
Marcus Cannon,OT,60,2018
Marcus Gilbert,OT,60,2018
Martinas Rankin,OT,60,2018
Mike McGlinchey,OT,60,2018
Mitchell Schwartz,OT,60,2018
Morgan Moses,OT,60,2018
Nate Solder,OT,60,2018
Orlando Brown,OT,60,2018
Rashod Hill,OT,60,2018
Rick Wagner,OT,60,2018
Riley Reiff,OT,60,2018
Rob Havenstein,OT,60,2018
Ronnie Stanley,OT,60,2018
Russell Okung,OT,60,2018
Ryan Ramczyk,OT,60,2018
Ryan Schraeder,OT,60,2018
Sam Tevi,OT,60,2018
Sam Young,OT,60,2018
Seantrel Henderson,OT,60,2018
Taylor Decker,OT,60,2018
Taylor Lewan,OT,60,2018
Taylor Moton,OT,60,2018
Terron Armstead,OT,60,2018
Timon Parris,OT,60,2018
Trent Brown,OT,60,2018
Trent Scott,OT,60,2018
Trent Williams,OT,60,2018
Ty Nsekhe,OT,60,2018
Ty Sambrailo,OT,60,2018
Tyron Smith,OT,60,2018
Andy Lee,P,60,2018
Bradley Pinion,P,60,2018
Brett Kern,P,60,2018
Britton Colquitt,P,60,2018
Bryan Anger,P,60,2018
Cameron Johnston,P,60,2018
Chris Jones,P,60,2018
Colby Wadman,P,60,2018
Colton Schmidt,P,60,2018
Corey Bojorquez,P,60,2018
Donnie Jones,P,60,2018
Drew Kaser,P,60,2018
Dustin Colquitt,P,60,2018
J.K. Scott,P,60,2018
Johnny Hekker,P,60,2018
Johnny Townsend,P,60,2018
Jordan Berry,P,60,2018
Kevin Huber,P,60,2018
Lachlan Edwards,P,60,2018
Logan Cooke,P,60,2018
Marquette King,P,60,2018
Matt Bosher,P,60,2018
Matt Darr,P,60,2018
Matt Haack,P,60,2018
Matt Wile,P,60,2018
Michael Dickson,P,60,2018
Michael Palardy,P,60,2018
Pat O'Donnell,P,60,2018
Rigoberto Sanchez,P,60,2018
Riley Dixon,P,60,2018
Ryan Allen,P,60,2018
Sam Koch,P,60,2018
Sam Martin,P,60,2018
Thomas Morstead,P,60,2018
Tress Way,P,60,2018
Trevor Daniel,P,60,2018
Patrick Mahomes,QB,99,2018
Andrew Luck,QB,92,2018
Ben Roethlisberger,QB,89,2018
Jared Goff,QB,89,2018
Matt Ryan,QB,89,2018
Drew Brees,QB,88,2018
Philip Rivers,QB,88,2018
Tom Brady,QB,88,2018
Russell Wilson,QB,86,2018
Kirk Cousins,QB,85,2018
Aaron Rodgers,QB,83,2018
Deshaun Watson,QB,83,2018
Baker Mayfield,QB,82,2018
Dak Prescott,QB,82,2018
Cam Newton,QB,80,2018
Eli Manning,QB,80,2018
Mitchell Trubisky,QB,80,2018
Derek Carr,QB,79,2018
Matthew Stafford,QB,79,2018
Case Keenum,QB,78,2018
Carson Wentz,QB,77,2018
Andy Dalton,QB,76,2018
Jameis Winston,QB,76,2018
Sam Darnold,QB,75,2018
Ryan Fitzpatrick,QB,74,2018
Blake Bortles,QB,73,2018
Ryan Tannehill,QB,73,2018
Joe Flacco,QB,72,2018
Nick Mullens,QB,72,2018
Josh Rosen,QB,71,2018
Marcus Mariota,QB,71,2018
Alex Smith,QB,70,2018
Josh Allen,QB,70,2018
Nick Foles,QB,69,2018
C.J. Beathard,QB,67,2018
Lamar Jackson,QB,67,2018
Brock Osweiler,QB,66,2018
Jeff Driskel,QB,65,2018
Jimmy Garoppolo,QB,64,2018
Blaine Gabbert,QB,63,2018
Chase Daniel,QB,63,2018
Cody Kessler,QB,63,2018
Josh Johnson,QB,63,2018
Colt McCoy,QB,62,2018
Josh McCown,QB,62,2018
Kyle Allen,QB,62,2018
Matt Barkley,QB,62,2018
Sam Bradford,QB,62,2018
Tyrod Taylor,QB,62,2018
Derek Anderson,QB,61,2018
Mike Glennon,QB,61,2018
Nate Sudfeld,QB,61,2018
Nathan Peterman,QB,61,2018
Taylor Heinicke,QB,61,2018
Teddy Bridgewater,QB,61,2018
AJ McCarron,QB,60,2018
Brandon Weeden,QB,60,2018
Brian Hoyer,QB,60,2018
Chad Henne,QB,60,2018
Chad Kelly,QB,60,2018
DeShone Kizer,QB,60,2018
Garrett Gilbert,QB,60,2018
Geno Smith,QB,60,2018
Jacoby Brissett,QB,60,2018
Joe Webb,QB,60,2018
Joshua Dobbs,QB,60,2018
Kyle Lauletta,QB,60,2018
Mark Sanchez,QB,60,2018
Matt Cassel,QB,60,2018
Matt Schaub,QB,60,2018
Robert Griffin III,QB,60,2018
Sean Mannion,QB,60,2018
Todd Gurley,RB,99,2018
Alvin Kamara,RB,88,2018
Sony Michel,RB,88,2018
Saquon Barkley,RB,87,2018
Derrick Henry,RB,86,2018
Ezekiel Elliott,RB,85,2018
James Conner,RB,85,2018
Melvin Gordon,RB,85,2018
Marlon Mack,RB,84,2018
Chris Carson,RB,83,2018
Phillip Lindsay,RB,82,2018
Joe Mixon,RB,81,2018
Jordan Howard,RB,81,2018
Nick Chubb,RB,80,2018
Adrian Peterson,RB,79,2018
Christian McCaffrey,RB,79,2018
Aaron Jones,RB,78,2018
David Johnson,RB,78,2018
Kareem Hunt,RB,77,2018
Lamar Miller,RB,76,2018
Mark Ingram,RB,75,2018
Peyton Barber,RB,75,2018
Isaiah Crowell,RB,74,2018
Alex Collins,RB,73,2018
Latavius Murray,RB,73,2018
Carlos Hyde,RB,72,2018
Damien Williams,RB,72,2018
Doug Martin,RB,72,2018
Royce Freeman,RB,72,2018
Tevin Coleman,RB,72,2018
C.J. Anderson,RB,71,2018
James White,RB,71,2018
LeGarrette Blount,RB,71,2018
Leonard Fournette,RB,71,2018
Matt Breida,RB,71,2018
Kenyan Drake,RB,70,2018
Kerryon Johnson,RB,70,2018
Mike Davis,RB,70,2018
Austin Ekeler,RB,69,2018
Gus Edwards,RB,69,2018
Josh Adams,RB,69,2018
LeSean McCoy,RB,69,2018
Dalvin Cook,RB,68,2018
Ito Smith,RB,68,2018
Jamaal Williams,RB,68,2018
Tarik Cohen,RB,68,2018
Wendell Smallwood,RB,68,2018
Alfred Blue,RB,67,2018
Elijah McGuire,RB,67,2018
Marshawn Lynch,RB,67,2018
Rashaad Penny,RB,67,2018
Rex Burkhead,RB,67,2018
Zach Zenner,RB,67,2018
Alfred Morris,RB,66,2018
Dion Lewis,RB,66,2018
Frank Gore,RB,66,2018
Giovani Bernard,RB,66,2018
Jay Ajayi,RB,66,2018
Kenneth Dixon,RB,66,2018
Nyheim Hines,RB,66,2018
Chase Edmonds,RB,65,2018
Chris Ivory,RB,65,2018
Corey Clement,RB,65,2018
Javorius Allen,RB,65,2018
Justin Jackson,RB,65,2018
Kapri Bibbs,RB,65,2018
Spencer Ware,RB,65,2018
T.J. Yeldon,RB,65,2018
Brandon Bolden,RB,64,2018
Jalen Richard,RB,64,2018
Jordan Wilkins,RB,64,2018
Raheem Mostert,RB,64,2018
Alex Armah,RB,63,2018
Bilal Powell,RB,63,2018
Cordarrelle Patterson,RB,63,2018
Darren Sproles,RB,63,2018
Devontae Booker,RB,63,2018
Kalen Ballage,RB,63,2018
Rod Smith,RB,63,2018
Wayne Gallman,RB,63,2018
Cameron Artis-Payne,RB,62,2018
Chris Thompson,RB,62,2018
Darrel Williams,RB,62,2018
Duke Johnson,RB,62,2018
Jacquizz Rodgers,RB,62,2018
Jaylen Samuels,RB,62,2018
Jeff Wilson,RB,62,2018
Malcolm Brown,RB,62,2018
Marcus Murphy,RB,62,2018
Ronald Jones,RB,62,2018
Stevan Ridley,RB,62,2018
Trenton Cannon,RB,62,2018
Brian Hill,RB,61,2018
DeAndre Washington,RB,61,2018
Devonta Freeman,RB,61,2018
Dwayne Washington,RB,61,2018
John Kelly,RB,61,2018
Keith Ford,RB,61,2018
Kenjon Barner,RB,61,2018
Theo Riddick,RB,61,2018
Ameer Abdullah,RB,60,2018
Benny Cunningham,RB,60,2018
Boston Scott,RB,60,2018
Brandon Wilds,RB,60,2018
Buddy Howell,RB,60,2018
Byron Marshall,RB,60,2018
C.J. Prosise,RB,60,2018
Charcandrick West,RB,60,2018
Christine Michael,RB,60,2018
Corey Grant,RB,60,2018
D'Onta Foreman,RB,60,2018
Danny Vitale,RB,60,2018
Dare Ogunbowale,RB,60,2018
Darius Jackson,RB,60,2018
Dave Williams,RB,60,2018
David Fluellen,RB,60,2018
De'Angelo Henderson Sr.,RB,60,2018
De'Lance Turner,RB,60,2018
Detrez Newsome,RB,60,2018
Dontrell Hilliard,RB,60,2018
Godwin Igwebuike,RB,60,2018
J.D. McKissic,RB,60,2018
Jamaal Charles,RB,60,2018
Jamize Olawale,RB,60,2018
Jeremy Hill,RB,60,2018
Jeremy Langford,RB,60,2018
Jeremy McNichols,RB,60,2018
Jonathan Stewart,RB,60,2018
Jonathan Williams,RB,60,2018
Justin Davis,RB,60,2018
Mark Walton,RB,60,2018
Matt Dayes,RB,60,2018
Mike Boone,RB,60,2018
Mike Gillislee,RB,60,2018
Patrick DiMarco,RB,60,2018
Ricky Ortiz,RB,60,2018
Rob Kelley,RB,60,2018
Robert Turbin,RB,60,2018
Roc Thomas,RB,60,2018
Samaje Perine,RB,60,2018
Senorise Perry,RB,60,2018
Shaun Wilson,RB,60,2018
T.J. Logan,RB,60,2018
Taiwan Jones,RB,60,2018
Taquan Mizzell,RB,60,2018
Tra Carson,RB,60,2018
Travaris Cadet,RB,60,2018
Tyler Ervin,RB,60,2018
Adrian Amos,S,60,2018
Antone Exum,S,60,2018
Barry Church,S,60,2018
Bradley McDougald,S,60,2018
Budda Baker,S,60,2018
Clayton Geathers,S,60,2018
Colin Jones,S,60,2018
Da'Norris Searcy,S,60,2018
Damarious Randall,S,60,2018
Damontae Kazee,S,60,2018
Darian Stewart,S,60,2018
Daryl Worley,S,60,2018
Dean Marlowe,S,60,2018
Duron Harmon,S,60,2018
Eric Murray,S,60,2018
Eric Reid,S,60,2018
George Iloka,S,60,2018
Ha Ha Clinton-Dix,S,60,2018
Jahleel Addae,S,60,2018
Jaquiski Tartt,S,60,2018
Jason McCourty,S,60,2018
Jayron Kearse,S,60,2018
Jeff Heath,S,60,2018
Jordan Lucas,S,60,2018
Josh Jones,S,60,2018
Justin Evans,S,60,2018
Justin Reid,S,60,2018
Kareem Jackson,S,60,2018
Kayvon Webster,S,60,2018
Keanu Neal,S,60,2018
Kemal Ishmael,S,60,2018
Kendrick Lewis,S,60,2018
Kenny Vaccaro,S,60,2018
Kentrell Brice,S,60,2018
Kurt Coleman,S,60,2018
Lamarcus Joyner,S,60,2018
Malcolm Jenkins,S,60,2018
Marcus Gilchrist,S,60,2018
Micah Hyde,S,60,2018
Mike Mitchell,S,60,2018
Morgan Burnett,S,60,2018
P.J. Williams,S,60,2018
Patrick Chung,S,60,2018
Quandre Diggs,S,60,2018
Sharrod Neasman,S,60,2018
Shawn Williams,S,60,2018
T.J. McDonald,S,60,2018
Terrell Edmunds,S,60,2018
Tony Jefferson,S,60,2018
Vonn Bell,S,60,2018
Will Parks,S,60,2018
Deon Bush,SAF,60,2018
Isaiah Oliver,SAF,60,2018
Jimmie Ward,SAF,60,2018
Jordan Dangerfield,SAF,60,2018
Lano Hill,SAF,60,2018
M.J. Stewart,SAF,60,2018
Miles Killebrew,SAF,60,2018
Raven Greene,SAF,60,2018
Rayshawn Jenkins,SAF,60,2018
Tavierre Thomas,SAF,60,2018
Travis Kelce,TE,99,2018
Eric Ebron,TE,97,2018
Zach Ertz,TE,91,2018
George Kittle,TE,86,2018
Jared Cook,TE,82,2018
Trey Burton,TE,79,2018
O.J. Howard,TE,77,2018
Austin Hooper,TE,76,2018
Rob Gronkowski,TE,76,2018
Cameron Brate,TE,75,2018
David Njoku,TE,75,2018
Kyle Rudolph,TE,75,2018
Vance McDonald,TE,75,2018
Chris Herndon,TE,74,2018
Dallas Goedert,TE,74,2018
Evan Engram,TE,73,2018
Mark Andrews,TE,73,2018
Antonio Gates,TE,71,2018
C.J. Uzomah,TE,71,2018
Greg Olsen,TE,71,2018
Jimmy Graham,TE,71,2018
Jordan Reed,TE,71,2018
Blake Jarwin,TE,70,2018
Gerald Everett,TE,70,2018
Jordan Matthews,TE,70,2018
Tyler Higbee,TE,70,2018
Benjamin Watson,TE,69,2018
Jesse James,TE,69,2018
Jonnu Smith,TE,69,2018
Nick Vannett,TE,69,2018
Demetrius Harris,TE,68,2018
Ed Dickson,TE,68,2018
Ian Thomas,TE,68,2018
Vernon Davis,TE,68,2018
Darren Fells,TE,67,2018
Erik Swoope,TE,67,2018
Jack Doyle,TE,67,2018
Jeff Heuerman,TE,67,2018
Lee Smith,TE,67,2018
Michael Roberts,TE,67,2018
Virgil Green,TE,67,2018
Luke Stocker,TE,66,2018
Mo Alie-Cox,TE,66,2018
Ricky Seals-Jones,TE,66,2018
Will Dissly,TE,66,2018
Anthony Firkser,TE,65,2018
Garrett Celek,TE,65,2018
Geoff Swaim,TE,65,2018
Jason Croom,TE,65,2018
Josh Hill,TE,65,2018
Levine Toilolo,TE,65,2018
Matt LaCosse,TE,65,2018
Rhett Ellison,TE,65,2018
Dan Arnold,TE,64,2018
Hayden Hurst,TE,64,2018
Lance Kendricks,TE,64,2018
Maxx Williams,TE,64,2018
Ryan Griffin,TE,64,2018
Tyler Eifert,TE,64,2018
A.J. Derby,TE,63,2018
Adam Shaheen,TE,63,2018
Austin Seferian-Jenkins,TE,63,2018
Chris Manhertz,TE,63,2018
Derek Carrier,TE,63,2018
James O'Shaughnessy,TE,63,2018
Jordan Akins,TE,63,2018
Jordan Leggett,TE,63,2018
Logan Paulsen,TE,63,2018
MyCole Pruitt,TE,63,2018
Nick Boyle,TE,63,2018
Nick O'Leary,TE,63,2018
Robert Tonyan,TE,63,2018
Scott Simonson,TE,63,2018
Seth DeValve,TE,63,2018
Bradley Sowell,TE,62,2018
Charles Clay,TE,62,2018
Dalton Schultz,TE,62,2018
Garrett Griffin,TE,62,2018
Jeremy Sprinkle,TE,62,2018
Matt Lengel,TE,62,2018
Mike Gesicki,TE,62,2018
Ryan Hewitt,TE,62,2018
Taysom Hill,TE,62,2018
Antony Auclair,TE,61,2018
Ben Braunecker,TE,61,2018
Blake Bell,TE,61,2018
Darren Waller,TE,61,2018
David Grinnage,TE,61,2018
Delanie Walker,TE,61,2018
Durham Smythe,TE,61,2018
Eric Saubert,TE,61,2018
Eric Tomlinson,TE,61,2018
Jacob Hollister,TE,61,2018
Jake Butt,TE,61,2018
Jermaine Gresham,TE,61,2018
Josh Perkins,TE,61,2018
Logan Thomas,TE,61,2018
Luke Willson,TE,61,2018
Neal Sterling,TE,61,2018
Niles Paul,TE,61,2018
Rico Gathers,TE,61,2018
Tyler Conklin,TE,61,2018
Xavier Grimble,TE,61,2018
Alan Cross,TE,60,2018
Brian Parker,TE,60,2018
Bronson Kaufusi,TE,60,2018
Cole Wick,TE,60,2018
Daniel Brown,TE,60,2018
Darrell Daniels,TE,60,2018
David Morgan,TE,60,2018
Dion Sims,TE,60,2018
Dwayne Allen,TE,60,2018
Gabe Holmes,TE,60,2018
Hakeem Valles,TE,60,2018
Hunter Henry,TE,60,2018
Jerome Cunningham,TE,60,2018
John Phillips,TE,60,2018
Johnny Mundt,TE,60,2018
Jordan Franks,TE,60,2018
Khari Lee,TE,60,2018
Marcedes Lewis,TE,60,2018
Mason Schreck,TE,60,2018
Matt Flanagan,TE,60,2018
Orson Charles,TE,60,2018
Richard Rodgers,TE,60,2018
Ross Dwelley,TE,60,2018
Sean Culkin,TE,60,2018
Temarrick Hemingway,TE,60,2018
Tyler Kroft,TE,60,2018
Tyrone Swoopes,TE,60,2018
Antonio Brown,WR,99,2018
Tyreek Hill,WR,97,2018
Davante Adams,WR,96,2018
DeAndre Hopkins,WR,95,2018
Michael Thomas,WR,94,2018
Julio Jones,WR,91,2018
Adam Thielen,WR,90,2018
Mike Evans,WR,89,2018
Tyler Lockett,WR,88,2018
JuJu Smith-Schuster,WR,87,2018
T.Y. Hilton,WR,87,2018
Amari Cooper,WR,86,2018
Calvin Ridley,WR,86,2018
Stefon Diggs,WR,86,2018
Keenan Allen,WR,85,2018
Mike Williams,WR,85,2018
Robert Woods,WR,85,2018
Brandin Cooks,WR,84,2018
Julian Edelman,WR,83,2018
Tyler Boyd,WR,83,2018
Chris Godwin Jr.,WR,81,2018
Odell Beckham Jr.,WR,81,2018
Alshon Jeffery,WR,80,2018
Kenny Golladay,WR,79,2018
Zay Jones,WR,79,2018
Allen Robinson,WR,78,2018
Larry Fitzgerald,WR,78,2018
Robbie Chosen,WR,78,2018
A.J. Green,WR,77,2018
Adam Humphries,WR,77,2018
Anthony Miller,WR,77,2018
Golden Tate,WR,77,2018
Jarvis Landry,WR,77,2018
Cooper Kupp,WR,76,2018
Corey Davis,WR,76,2018
Dede Westbrook,WR,76,2018
Demaryius Thomas,WR,76,2018
Emmanuel Sanders,WR,76,2018
John Brown,WR,76,2018
Kenny Stills,WR,76,2018
Sterling Shepard,WR,76,2018
Tyrell Williams,WR,76,2018
Antonio Callaway,WR,75,2018
DeSean Jackson,WR,75,2018
Doug Baldwin,WR,75,2018
Michael Crabtree,WR,75,2018
Mohamed Sanu,WR,75,2018
Nelson Agholor,WR,75,2018
Courtland Sutton,WR,74,2018
Curtis Samuel,WR,74,2018
John Ross,WR,74,2018
Josh Gordon,WR,74,2018
Josh Reynolds,WR,74,2018
Marvin Jones,WR,74,2018
Dante Pettis,WR,73,2018
David Moore,WR,73,2018
Jordy Nelson,WR,73,2018
Rashard Higgins,WR,73,2018
Tre'Quan Smith,WR,73,2018
Chris Conley,WR,72,2018
Cole Beasley,WR,72,2018
DJ Moore,WR,72,2018
Devin Funchess,WR,72,2018
Donte Moncrief,WR,72,2018
Kendrick Bourne,WR,72,2018
Michael Gallup,WR,72,2018
Phillip Dorsett,WR,72,2018
Sammy Watkins,WR,72,2018
Will Fuller,WR,72,2018
Albert Wilson,WR,71,2018
Aldrick Robinson,WR,71,2018
Chris Hogan,WR,71,2018
Christian Kirk,WR,71,2018
Dontrelle Inman,WR,71,2018
Marquise Goodwin,WR,71,2018
Robert Foster,WR,71,2018
Taylor Gabriel,WR,71,2018
Demarcus Robinson,WR,70,2018
Jaron Brown,WR,70,2018
Chester Rogers,WR,69,2018
Josh Doctson,WR,69,2018
Marquez Valdes-Scantling,WR,69,2018
Willie Snead,WR,69,2018
Danny Amendola,WR,68,2018
Keke Coutee,WR,68,2018
Seth Roberts,WR,68,2018
Allen Hurns,WR,67,2018
Breshad Perriman,WR,67,2018
Geronimo Allison,WR,67,2018
Jamison Crowder,WR,67,2018
Keelan Cole,WR,67,2018
Keith Kirkwood,WR,67,2018
Randall Cobb,WR,67,2018
Tajae Sharpe,WR,67,2018
Ted Ginn,WR,67,2018
DaeSean Hamilton,WR,66,2018
Jakeem Grant,WR,66,2018
Jarius Wright,WR,66,2018
Jermaine Kearse,WR,66,2018
Kelvin Benjamin,WR,66,2018
Paul Richardson,WR,66,2018
Quincy Enunwa,WR,66,2018
Taywan Taylor,WR,66,2018
Terrelle Pryor,WR,66,2018
Zach Pascal,WR,66,2018
Brandon LaFell,WR,65,2018
DeVante Parker,WR,65,2018
Justin Hardy,WR,65,2018
Laquon Treadwell,WR,65,2018
Pierre Garcon,WR,65,2018
Russell Shepard,WR,65,2018
Ryan Grant,WR,65,2018
T.J. Jones,WR,65,2018
Tavon Austin,WR,65,2018
Tim Patrick,WR,65,2018
Torrey Smith,WR,65,2018
Austin Carr,WR,64,2018
Bennie Fowler,WR,64,2018
Bruce Ellington,WR,64,2018
Chris Moore,WR,64,2018
Cody Latimer,WR,64,2018
James Washington,WR,64,2018
Ryan Switzer,WR,64,2018
Travis Benjamin,WR,64,2018
Trent Sherfield,WR,64,2018
Trent Taylor,WR,64,2018
Andre Roberts,WR,63,2018
Andy Jones,WR,63,2018
Brandon Marshall,WR,63,2018
Cameron Meredith,WR,63,2018
Chad Williams,WR,63,2018
Cody Core,WR,63,2018
Equanimeous St. Brown,WR,63,2018
Jake Kumerow,WR,63,2018
Josh Bellamy,WR,63,2018
Leonte Carroo,WR,63,2018
Marcell Ateman,WR,63,2018
Marcus Johnson,WR,63,2018
Martavis Bryant,WR,63,2018
Marvin Hall,WR,63,2018
Maurice Harris,WR,63,2018
Michael Floyd,WR,63,2018
Richie James,WR,63,2018
Vyncint Smith,WR,63,2018
Alex Erickson,WR,62,2018
Andre Holmes,WR,62,2018
Brice Butler,WR,62,2018
DJ Chark,WR,62,2018
De'Anthony Thomas,WR,62,2018
DeAndre Carter,WR,62,2018
Deonte Thompson,WR,62,2018
Isaiah McKenzie,WR,62,2018
Tommylee Lewis,WR,62,2018
Trey Quinn,WR,62,2018
Ty Montgomery,WR,62,2018
Bobo Wilson,WR,61,2018
Brandon Powell,WR,61,2018
Cameron Batson,WR,61,2018
Corey Coleman,WR,61,2018
Damion Ratley,WR,61,2018
Darius Jennings,WR,61,2018
Deontay Burnett,WR,61,2018
Derrick Willies,WR,61,2018
Eli Rogers,WR,61,2018
J.J. Nelson,WR,61,2018
Kamar Aiken,WR,61,2018
Kevin White,WR,61,2018
Noah Brown,WR,61,2018
Rashad Greene,WR,61,2018
Russell Gage,WR,61,2018
Allen Lazard,WR,60,2018
Auden Tate,WR,60,2018
Brandon Tate,WR,60,2018
Brandon Zylstra,WR,60,2018
Brendan Langley,WR,60,2018
Brian Quick,WR,60,2018
Cam Phillips,WR,60,2018
Chad Beebe,WR,60,2018
Charone Peake,WR,60,2018
Chris Lacy,WR,60,2018
Da'Mari Scott,WR,60,2018
Damiere Byrd,WR,60,2018
Darrius Heyward-Bey,WR,60,2018
Darvin Kidsy,WR,60,2018
Dwayne Harris,WR,60,2018
Freddie Martino,WR,60,2018
Gehrig Dieter,WR,60,2018
Geremy Davis,WR,60,2018
Isaiah Ford,WR,60,2018
J'Mon Moore,WR,60,2018
J.J. Jones,WR,60,2018
Jalen Tolliver,WR,60,2018
Jamal Agnew,WR,60,2018
Janarion Grant,WR,60,2018
Javon Wims,WR,60,2018
Jawill Davis,WR,60,2018
Jaydon Mickens,WR,60,2018
Jehu Chesson,WR,60,2018
Jeremy Kerley,WR,60,2018
JoJo Natson,WR,60,2018
Johnny Holton,WR,60,2018
Josh Malone,WR,60,2018
Justin Hunter,WR,60,2018
Justin Watson,WR,60,2018
Kaelin Clay,WR,60,2018
Keon Hatcher,WR,60,2018
KhaDarel Hodge,WR,60,2018
Lance Lenoir,WR,60,2018
Malik Turner,WR,60,2018
Marcus Kemp,WR,60,2018
Matthew Slater,WR,60,2018
Mike Wallace,WR,60,2018
Nick Williams,WR,60,2018
Pharoh Cooper,WR,60,2018
Quadree Henderson,WR,60,2018
Ray-Ray McCloud,WR,60,2018
Riley McCarron,WR,60,2018
Rishard Matthews,WR,60,2018
River Cracraft,WR,60,2018
Rod Streater,WR,60,2018
Sammie Coates,WR,60,2018
Shelton Gibson,WR,60,2018
Stacy Coley,WR,60,2018
Tanner McEvoy,WR,60,2018
Terrance Williams,WR,60,2018
Tim White,WR,60,2018
Trevor Davis,WR,60,2018
Victor Bolden,WR,60,2018
A.Q. Shipley,C,60,2019
Alex Mack,C,60,2019
Andre James,C,60,2019
Austin Blythe,C,60,2019
Austin Corbett,C,60,2019
Austin Reiter,C,60,2019
Ben Garland,C,60,2019
Ben Jones,C,60,2019
Billy Price,C,60,2019
Bradley Bozeman,C,60,2019
Brandon Linder,C,60,2019
Brian Allen,C,60,2019
Chase Roullier,C,60,2019
Coleman Shelton,C,60,2019
Connor Williams,C,60,2019
Corey Linsley,C,60,2019
Daniel Kilgore,C,60,2019
Elgton Jenkins,C,60,2019
Erik McCoy,C,60,2019
Ethan Pocic,C,60,2019
Frank Ragnow,C,60,2019
Garrett Bradbury,C,60,2019
Graham Glasgow,C,60,2019
JC Tretter,C,60,2019
Jason Kelce,C,60,2019
Joe Dahl,C,60,2019
Joe Looney,C,60,2019
Joey Hunt,C,60,2019
Jon Halapio,C,60,2019
Jonotthan Harrison,C,60,2019
Justin Britt,C,60,2019
Mason Cole,C,60,2019
Matt Paradis,C,60,2019
Matt Skura,C,60,2019
Maurkice Pouncey,C,60,2019
Michael Deiter,C,60,2019
Mike Pouncey,C,60,2019
Mitch Morse,C,60,2019
Nick Martin,C,60,2019
Pat Elflein,C,60,2019
Patrick Morris,C,60,2019
Rodney Hudson,C,60,2019
Ryan Jensen,C,60,2019
Ryan Kalil,C,60,2019
Ryan Kelly,C,60,2019
Scott Quessenberry,C,60,2019
Spencer Long,C,60,2019
Spencer Pulley,C,60,2019
Ted Karras,C,60,2019
Travis Frederick,C,60,2019
Trey Hopkins,C,60,2019
Tyler Larsen,C,60,2019
Weston Richburg,C,60,2019
Will Clapp,C,60,2019
A.J. Bouye,CB,60,2019
Aaron Colvin,CB,60,2019
Adoree' Jackson,CB,60,2019
Ahkello Witherspoon,CB,60,2019
Akeem King,CB,60,2019
Alex Brown,CB,60,2019
Amani Oruwariye,CB,60,2019
Anthony Averett,CB,60,2019
Anthony Brown,CB,60,2019
Antonio Hamilton,CB,60,2019
Aqib Talib,CB,60,2019
Arthur Maulet,CB,60,2019
Artie Burns,CB,60,2019
Avonte Maddox,CB,60,2019
B.W. Webb,CB,60,2019
Bashaud Breeland,CB,60,2019
Bobby McCain,CB,60,2019
Bradley Roby,CB,60,2019
Brandon Carr,CB,60,2019
Breon Borders,CB,60,2019
Brian Poole,CB,60,2019
Briean Boddy-Calhoun,CB,60,2019
Buster Skrine,CB,60,2019
Byron Jones,CB,60,2019
Byron Murphy,CB,60,2019
C.J. Goodwin,CB,60,2019
Cameron Sutton,CB,60,2019
Carlton Davis III,CB,60,2019
Casey Hayward,CB,60,2019
Charvarius Ward,CB,60,2019
Chidobe Awuzie,CB,60,2019
Chris Harris,CB,60,2019
Chris Milton,CB,60,2019
Cole Luke,CB,60,2019
Coty Sensabaugh,CB,60,2019
Cre'von LeBlanc,CB,60,2019
Cyrus Jones,CB,60,2019
D.J. Reed,CB,60,2019
D.J. White,CB,60,2019
Darious Williams,CB,60,2019
Darius Phillips,CB,60,2019
Darius Slay,CB,60,2019
Darryl Roberts,CB,60,2019
Davontae Harris,CB,60,2019
DeVante Bausby,CB,60,2019
Deandre Baker,CB,60,2019
Denzel Ward,CB,60,2019
Desmond Trufant,CB,60,2019
Dominique Rodgers-Cromartie,CB,60,2019
Donte Jackson,CB,60,2019
Donte' Deayon,CB,60,2019
Dre Kirkpatrick,CB,60,2019
Duke Shelley,CB,60,2019
Eli Apple,CB,60,2019
Eric Rowe,CB,60,2019
Fabian Moreau,CB,60,2019
Gareon Conley,CB,60,2019
Greedy Williams,CB,60,2019
Greg Mabin,CB,60,2019
Iman Marshall,CB,60,2019
Isaac Yiadom,CB,60,2019
Isaiah Johnson,CB,60,2019
Jaire Alexander,CB,60,2019
Jalen Mills,CB,60,2019
Jalen Ramsey,CB,60,2019
Jamar Taylor,CB,60,2019
Jamel Dean,CB,60,2019
James Bradberry,CB,60,2019
Janoris Jenkins,CB,60,2019
Javien Elliott,CB,60,2019
Jimmy Moreland,CB,60,2019
Jimmy Smith,CB,60,2019
Joe Haden,CB,60,2019
Joejuan Williams,CB,60,2019
Johnathan Joseph,CB,60,2019
Jomal Wiltz,CB,60,2019
Jonathan Jones,CB,60,2019
Josh Jackson,CB,60,2019
Josh Norman,CB,60,2019
Jourdan Lewis,CB,60,2019
Justin Bethel,CB,60,2019
Justin Coleman,CB,60,2019
Justin Layne,CB,60,2019
Keisean Nixon,CB,60,2019
Ken Crawley,CB,60,2019
Kendall Fuller,CB,60,2019
Kenny Moore II,CB,60,2019
Kevin Johnson,CB,60,2019
Kevin King,CB,60,2019
Kevin Peterson,CB,60,2019
Kris Boyd,CB,60,2019
Kyle Fuller,CB,60,2019
Kyron Brown,CB,60,2019
LeShaun Sims,CB,60,2019
Linden Stephens,CB,60,2019
Logan Ryan,CB,60,2019
Mackensie Alexander,CB,60,2019
Malcolm Butler,CB,60,2019
Marcus Peters,CB,60,2019
Marlon Humphrey,CB,60,2019
Marshon Lattimore,CB,60,2019
Marvell Tell,CB,60,2019
Maurice Canady,CB,60,2019
Mazzi Wilkins,CB,60,2019
Michael Davis,CB,60,2019
Mike Ford,CB,60,2019
Mike Hilton,CB,60,2019
Mike Hughes,CB,60,2019
Montre Hartage,CB,60,2019
Morris Claiborne,CB,60,2019
Nate Brooks,CB,60,2019
Nate Hairston,CB,60,2019
Neiko Thorpe,CB,60,2019
Nevin Lawson,CB,60,2019
Parry Nickerson,CB,60,2019
Patrick Peterson,CB,60,2019
Patrick Robinson,CB,60,2019
Phillip Gaines,CB,60,2019
Pierre Desir,CB,60,2019
Prince Amukamara,CB,60,2019
Quincy Wilson,CB,60,2019
Quinton Dunbar,CB,60,2019
Rashaan Melvin,CB,60,2019
Rashad Fenton,CB,60,2019
Rasul Douglas,CB,60,2019
Richard Sherman,CB,60,2019
Rock Ya-Sin,CB,60,2019
Ronald Darby,CB,60,2019
Ross Cockrell,CB,60,2019
Ryan Lewis,CB,60,2019
Ryan Smith,CB,60,2019
Sean Murphy-Bunting,CB,60,2019
Shakial Taylor,CB,60,2019
Shaquill Griffin,CB,60,2019
Sidney Jones,CB,60,2019
Siran Neal,CB,60,2019
Stephon Gilmore,CB,60,2019
Steven Nelson,CB,60,2019
Taron Johnson,CB,60,2019
Terrance Mitchell,CB,60,2019
Tony McRae,CB,60,2019
Torry McTyer,CB,60,2019
Trae Waynes,CB,60,2019
Tramon Williams,CB,60,2019
Trayvon Mullen,CB,60,2019
Tre Flowers,CB,60,2019
Tre Herndon,CB,60,2019
Tre'Davious White,CB,60,2019
Tremon Smith,CB,60,2019
Troy Hill,CB,60,2019
Trumaine Johnson,CB,60,2019
Tye Smith,CB,60,2019
Ugo Amadi,CB,60,2019
Vernon Hargreaves III,CB,60,2019
Will Redmond,CB,60,2019
William Jackson,CB,60,2019
Xavien Howard,CB,60,2019
Xavier Rhodes,CB,60,2019
A.J. Moore,DB,60,2019
Adrian Phillips,DB,60,2019
Andrew Adams,DB,60,2019
Anthony Harris,DB,60,2019
Anthony Levine,DB,60,2019
Armani Watts,DB,60,2019
Blessuan Austin,DB,60,2019
Blidi Wreh-Wilson,DB,60,2019
Brandon Facyson,DB,60,2019
Brandon Rusnak,DB,60,2019
Brandon Wilson,DB,60,2019
Brynden Trawick,DB,60,2019
C.J. Moore,DB,60,2019
Chandon Sullivan,DB,60,2019
Charles Washington,DB,60,2019
Chris Banjo,DB,60,2019
Chris Jones,DB,60,2019
Chris Lammons,DB,60,2019
Chuck Clark,DB,60,2019
Clayton Fejedelem,DB,60,2019
Cody Davis,DB,60,2019
Corey Ballentine,DB,60,2019
Cornell Armstrong,DB,60,2019
Craig James,DB,60,2019
D.J. Hayden,DB,60,2019
Dallin Leavitt,DB,60,2019
Dane Cruikshank,DB,60,2019
Daniel Sorensen,DB,60,2019
Danny Johnson,DB,60,2019
Darian Thompson,DB,60,2019
Darqueze Dennard,DB,60,2019
David Long,DB,60,2019
DeAndre Houston-Carson,DB,60,2019
Dee Virgin,DB,60,2019
Deshazor Everett,DB,60,2019
Desmond King,DB,60,2019
Dontae Johnson,DB,60,2019
Duke Dawson,DB,60,2019
Emmanuel Moseley,DB,60,2019
George Odum,DB,60,2019
Grant Haley,DB,60,2019
Holton Hill,DB,60,2019
Ibraheim Campbell,DB,60,2019
J.C. Jackson,DB,60,2019
J.T. Gray,DB,60,2019
J.T. Hassell,DB,60,2019
Jaquan Johnson,DB,60,2019
Jason Verrett,DB,60,2019
Jermaine Whitehead,DB,60,2019
John Johnson,DB,60,2019
Johnathan Abram,DB,60,2019
Johnathan Cyprien,DB,60,2019
Johnson Bademosi,DB,60,2019
Jordan Miller,DB,60,2019
Josh Robinson,DB,60,2019
Joshua Kalu,DB,60,2019
Justin Hardee,DB,60,2019
K'Waun Williams,DB,60,2019
Kareem Orr,DB,60,2019
Keion Crossen,DB,60,2019
Ken Webster,DB,60,2019
Kendall Sheffield,DB,60,2019
Kenny Ladler,DB,60,2019
Kevin Toliver,DB,60,2019
Levi Wallace,DB,60,2019
Marcell Harris,DB,60,2019
Marcus Sherels,DB,60,2019
Marqui Christian,DB,60,2019
Marquise Blair,DB,60,2019
Matthias Farley,DB,60,2019
Maurice Smith,DB,60,2019
Michael Thomas,DB,60,2019
Nate Ebner,DB,60,2019
Nathan Meadors,DB,60,2019
Natrell Jamerson,DB,60,2019
Nickell Robey-Coleman,DB,60,2019
Nik Needham,DB,60,2019
Orlando Scandrick,DB,60,2019
Rashaan Gaulden,DB,60,2019
Robert Jackson,DB,60,2019
Roderic Teamer,DB,60,2019
Ronnie Harrison,DB,60,2019
Rontez Miles,DB,60,2019
Ryan Neal,DB,60,2019
Sam Beal,DB,60,2019
Sean Chandler,DB,60,2019
Shalom Luani,DB,60,2019
Sheldrick Redwine,DB,60,2019
Sherrick McManis,DB,60,2019
Simeon Thomas,DB,60,2019
Steven Parker,DB,60,2019
T.J. Carrie,DB,60,2019
T.J. Green,DB,60,2019
Tae Hayes,DB,60,2019
Tarvarius Moore,DB,60,2019
Tony Brown,DB,60,2019
Tracy Walker III,DB,60,2019
Tramaine Brock,DB,60,2019
Trayvon Henderson,DB,60,2019
Trey Marshall,DB,60,2019
Troy Apke,DB,60,2019
Walt Aikens,DB,60,2019
Xavier Crawford,DB,60,2019
A'Shawn Robinson,DE,60,2019
Adam Gotsis,DE,60,2019
Adrian Clayborn,DE,60,2019
Akiem Hicks,DE,60,2019
Al-Quadin Muhammad,DE,60,2019
Alex Okafor,DE,60,2019
Allen Bailey,DE,60,2019
Angelo Blackson,DE,60,2019
Anthony Zettel,DE,60,2019
Austin Bryant,DE,60,2019
Austin Larkin,DE,60,2019
Avery Moss,DE,60,2019
B.J. Hill,DE,60,2019
Ben Banogu,DE,60,2019
Branden Jackson,DE,60,2019
Brandon Graham,DE,60,2019
Brandon Williams,DE,60,2019
Brent Urban,DE,60,2019
Bryan Cox,DE,60,2019
Calais Campbell,DE,60,2019
Cameron Jordan,DE,60,2019
Carl Granderson,DE,60,2019
Carl Lawson,DE,60,2019
Carlos Dunlap,DE,60,2019
Carlos Watkins,DE,60,2019
Carroll Phillips,DE,60,2019
Chad Thomas,DE,60,2019
Chandler Jones,DE,60,2019
Charles Omenihu,DE,60,2019
Chase Winovich,DE,60,2019
Chris Jones,DE,60,2019
Chris Odom,DE,60,2019
Chris Wormley,DE,60,2019
Christian Covington,DE,60,2019
Clelin Ferrell,DE,60,2019
Corey Peters,DE,60,2019
DJ Reader,DE,60,2019
Da'Shawn Hand,DE,60,2019
Daeshon Hall,DE,60,2019
Dalvin Tomlinson,DE,60,2019
Damontre Moore,DE,60,2019
Danielle Hunter,DE,60,2019
Dante Fowler Jr.,DE,60,2019
Dawuane Smoot,DE,60,2019
DeMarcus Lawrence,DE,60,2019
DeMarcus Walker,DE,60,2019
Deatrich Wise,DE,60,2019
Dee Ford,DE,60,2019
Demone Harris,DE,60,2019
Derek Barnett,DE,60,2019
Derek Wolfe,DE,60,2019
Dion Jordan,DE,60,2019
Dorance Armstrong,DE,60,2019
Efe Obada,DE,60,2019
Emmanuel Ogbah,DE,60,2019
Everson Griffen,DE,60,2019
Ezekiel Ansah,DE,60,2019
Frank Herron,DE,60,2019
Genard Avery,DE,60,2019
Henry Anderson,DE,60,2019
Hercules Mata'afa,DE,60,2019
Ifeadi Odenigbo,DE,60,2019
Isaac Rochell,DE,60,2019
J.J. Watt,DE,60,2019
Jabaal Sheard,DE,60,2019
Jacob Martin,DE,60,2019
Jamal Davis,DE,60,2019
Jeremiah Valoaga,DE,60,2019
Jerry Hughes,DE,60,2019
Joe Jackson,DE,60,2019
Joel Heath,DE,60,2019
Joey Bosa,DE,60,2019
John Atkins,DE,60,2019
John Cominsky,DE,60,2019
Jonathan Allen,DE,60,2019
Jonathan Bullard,DE,60,2019
Jonathan Ledbetter,DE,60,2019
Jonathan Wynn,DE,60,2019
Jordan Jenkins,DE,60,2019
Jordan Willis,DE,60,2019
Josh Hines-Allen,DE,60,2019
Josh Mauro,DE,60,2019
Jurrell Casey,DE,60,2019
Kemoko Turay,DE,60,2019
Kentavius Street,DE,60,2019
Kerry Hyder,DE,60,2019
Kerry Wynn,DE,60,2019
Kingsley Keke,DE,60,2019
Kyle Peko,DE,60,2019
Kyle Phillips,DE,60,2019
L.J. Collier,DE,60,2019
Leonard Floyd,DE,60,2019
Leonard Williams,DE,60,2019
Lerentee McCray,DE,60,2019
Marcus Davenport,DE,60,2019
Margus Hunt,DE,60,2019
Matt Dickerson,DE,60,2019
Maxx Crosby,DE,60,2019
Michael Bennett,DE,60,2019
Michael Dogbe,DE,60,2019
Mike Daniels,DE,60,2019
Mitchell Loewen,DE,60,2019
Montez Sweat,DE,60,2019
Morgan Fox,DE,60,2019
Myles Garrett,DE,60,2019
Nate Orchard,DE,60,2019
Nick Bosa,DE,60,2019
Noah Spence,DE,60,2019
Ogbo Okoronkwo,DE,60,2019
Olivier Vernon,DE,60,2019
Pat O'Connor,DE,60,2019
Preston Smith,DE,60,2019
Quinton Jefferson,DE,60,2019
Rashan Gary,DE,60,2019
Rasheem Green,DE,60,2019
Reggie Gilbert,DE,60,2019
Robert McCray,DE,60,2019
Robert Quinn,DE,60,2019
Rodney Gunter,DE,60,2019
Romeo Okwara,DE,60,2019
Ronald Blair,DE,60,2019
Roy Robertson-Harris,DE,60,2019
Ryan Bee,DE,60,2019
Ryan Kerrigan,DE,60,2019
Sam Hubbard,DE,60,2019
Samson Ebukam,DE,60,2019
Sebastian Joseph-Day,DE,60,2019
Shaq Lawson,DE,60,2019
Shilique Calhoun,DE,60,2019
Solomon Thomas,DE,60,2019
Stephen Weatherly,DE,60,2019
Stephon Tuitt,DE,60,2019
Taco Charlton,DE,60,2019
Takk McKinley,DE,60,2019
Tank Carradine,DE,60,2019
Tanoh Kpassagnon,DE,60,2019
Trent Murphy,DE,60,2019
Trey Hendrickson,DE,60,2019
Tyquan Lewis,DE,60,2019
Tyson Alualu,DE,60,2019
Vic Beasley,DE,60,2019
Vinny Curry,DE,60,2019
Wes Horton,DE,60,2019
Whitney Mercilus,DE,60,2019
Yannick Ngakoue,DE,60,2019
Za'Darius Smith,DE,60,2019
Zach Allen,DE,60,2019
Zach Kerr,DE,60,2019
Aaron Donald,DL,60,2019
Mario Addison,DL,60,2019
Abdullah Anderson,DT,60,2019
Abry Jones,DT,60,2019
Adam Butler,DT,60,2019
Akeem Spence,DT,60,2019
Al Woods,DT,60,2019
Albert Huggins,DT,60,2019
Andrew Billings,DT,60,2019
Andrew Brown,DT,60,2019
Antwaun Woods,DT,60,2019
Arik Armstead,DT,60,2019
Armon Watts,DT,60,2019
Beau Allen,DT,60,2019
Bilal Nichols,DT,60,2019
Brandin Bryant,DT,60,2019
Brandon Mebane,DT,60,2019
Bruce Hector,DT,60,2019
Byron Cowart,DT,60,2019
Cameron Heyward,DT,60,2019
Caraun Reid,DT,60,2019
Carl Davis,DT,60,2019
Christian Wilkins,DT,60,2019
Clinton McDonald,DT,60,2019
Corey Liuget,DT,60,2019
Cortez Broughton,DT,60,2019
D.J. Jones,DT,60,2019
DaQuan Jones,DT,60,2019
Damion Square,DT,60,2019
Damon Harrison,DT,60,2019
Dan McCullers,DT,60,2019
Daniel Ekuale,DT,60,2019
Danny Shelton,DT,60,2019
David Onyemata,DT,60,2019
Davon Godchaux,DT,60,2019
DeForest Buckner,DT,60,2019
Deadrin Senat,DT,60,2019
Dean Lowry,DT,60,2019
Denico Autry,DT,60,2019
Devaroe Lawrence,DT,60,2019
Dexter Lawrence,DT,60,2019
Deyon Sizer,DT,60,2019
Dontari Poe,DT,60,2019
Dontavius Russell,DT,60,2019
Earl Mitchell,DT,60,2019
Ed Oliver,DT,60,2019
Eddie Vanderdoes,DT,60,2019
Eli Ankou,DT,60,2019
Fletcher Cox,DT,60,2019
Foley Fatukasi,DT,60,2019
Geno Atkins,DT,60,2019
Gerald McCoy,DT,60,2019
Gerald Willis,DT,60,2019
Grady Jarrett,DT,60,2019
Greg Gaines,DT,60,2019
Grover Stewart,DT,60,2019
Harrison Phillips,DT,60,2019
Hassan Ridgeway,DT,60,2019
Isaiah Buggs,DT,60,2019
Isaiah Mack,DT,60,2019
Jack Crawford,DT,60,2019
Jaleel Johnson,DT,60,2019
Jalyn Holmes,DT,60,2019
Jarran Reed,DT,60,2019
Jeffery Simmons,DT,60,2019
Jerry Tillery,DT,60,2019
Joey Ivie,DT,60,2019
John Jenkins,DT,60,2019
Johnathan Hankins,DT,60,2019
Jonathan Harris,DT,60,2019
Jordan Phillips,DT,60,2019
Josh Tupou,DT,60,2019
Jullian Taylor,DT,60,2019
Justin Ellis,DT,60,2019
Justin Jones,DT,60,2019
Justin Zimmer,DT,60,2019
Kawann Short,DT,60,2019
Kevin Givens,DT,60,2019
Kevin Strong,DT,60,2019
Khalen Saunders,DT,60,2019
Kyle Love,DT,60,2019
Larry Ogunjobi,DT,60,2019
Lawrence Guy,DT,60,2019
Linval Joseph,DT,60,2019
Malcom Brown,DT,60,2019
Maliek Collins,DT,60,2019
Marcell Dareus,DT,60,2019
Mario Edwards,DT,60,2019
Matthew Ioannidis,DT,60,2019
Maurice Hurst,DT,60,2019
Michael Brockers,DT,60,2019
Michael Pierce,DT,60,2019
Mike Pennel,DT,60,2019
Montravius Adams,DT,60,2019
Nathan Shepherd,DT,60,2019
Nick Williams,DT,60,2019
Olsen Pierre,DT,60,2019
P.J. Hall,DT,60,2019
Poona Ford,DT,60,2019
Quinnen Williams,DT,60,2019
R.J. McIntosh,DT,60,2019
Rakeem Nunez-Roches,DT,60,2019
Renell Wren,DT,60,2019
Ryan Glasgow,DT,60,2019
Shamar Stephen,DT,60,2019
Shelby Harris,DT,60,2019
Sheldon Day,DT,60,2019
Sheldon Rankins,DT,60,2019
Sheldon Richardson,DT,60,2019
Shy Tuttle,DT,60,2019
Stacy McGee,DT,60,2019
Star Lotulelei,DT,60,2019
Sylvester Williams,DT,60,2019
T.Y. McGill,DT,60,2019
Tanzel Smart,DT,60,2019
Taven Bryan,DT,60,2019
Taylor Stallworth,DT,60,2019
Terrell McClain,DT,60,2019
Tim Settle,DT,60,2019
Timmy Jernigan,DT,60,2019
Trevon Coley,DT,60,2019
Treyvon Hester,DT,60,2019
Trysten Hill,DT,60,2019
Tyeler Davison,DT,60,2019
Tyler Lancaster,DT,60,2019
Tyrone Crawford,DT,60,2019
Vernon Butler,DT,60,2019
Vincent Taylor,DT,60,2019
Vita Vea,DT,60,2019
William Gholston,DT,60,2019
Zach Sieler,DT,60,2019
Alec Ingold,FB,60,2019
Andy Janovich,FB,60,2019
Anthony Sherman,FB,60,2019
C.J. Ham,FB,60,2019
Derek Watt,FB,60,2019
Elijhaa Penny,FB,60,2019
James Develin,FB,60,2019
Jason Cabinda,FB,60,2019
Keith Smith,FB,60,2019
Khari Blasingame,FB,60,2019
Kyle Juszczyk,FB,60,2019
Michael Burton,FB,60,2019
Patrick Ricard,FB,60,2019
Roosevelt Nix,FB,60,2019
Zach Line,FB,60,2019
Adrian Colbert,FS,60,2019
Andrew Sendejo,FS,60,2019
Antoine Bethea,FS,60,2019
Curtis Riley,FS,60,2019
D.J. Swearinger,FS,60,2019
Derwin James,FS,60,2019
Devin McCourty,FS,60,2019
Doug Middleton,FS,60,2019
Earl Thomas,FS,60,2019
Eddie Jackson,FS,60,2019
Eric Weddle,FS,60,2019
Erik Harris,FS,60,2019
Harrison Smith,FS,60,2019
Jabrill Peppers,FS,60,2019
Jarrod Wilson,FS,60,2019
Jaylen Watkins,FS,60,2019
Jessie Bates,FS,60,2019
Jordan Poyer,FS,60,2019
Jordan Richards,FS,60,2019
Jordan Whitehead,FS,60,2019
Justin Simmons,FS,60,2019
Juston Burris,FS,60,2019
Kam Kelly,FS,60,2019
Karl Joseph,FS,60,2019
Kavon Frazier,FS,60,2019
Kevin Byard,FS,60,2019
Malik Hooker,FS,60,2019
Marcus Maye,FS,60,2019
Marcus Williams,FS,60,2019
Mike Adams,FS,60,2019
Minkah Fitzpatrick,FS,60,2019
Montae Nicholson,FS,60,2019
Nasir Adderley,FS,60,2019
Reshad Jones,FS,60,2019
Ricardo Allen,FS,60,2019
Rodney McLeod Jr.,FS,60,2019
Rudy Ford,FS,60,2019
Sean Davis,FS,60,2019
Tashaun Gipson,FS,60,2019
Tavon Wilson,FS,60,2019
Tedric Thompson,FS,60,2019
Terrence Brooks,FS,60,2019
Tre Boston,FS,60,2019
Tyrann Mathieu,FS,60,2019
Xavier Woods,FS,60,2019
A.J. Cann,G,60,2019
Alex Cappa,G,60,2019
Alex Lewis,G,60,2019
Alex Redmond,G,60,2019
Ali Marpet,G,60,2019
Andrew Norwell,G,60,2019
Andrew Wylie,G,60,2019
Andrus Peat,G,60,2019
Austin Schlottmann,G,60,2019
B.J. Finney,G,60,2019
Brandon Brooks,G,60,2019
Brandon Scherff,G,60,2019
Brian Winters,G,60,2019
Cameron Erving,G,60,2019
Chris Lindstrom,G,60,2019
Chris Reed,G,60,2019
Cody Ford,G,60,2019
Cody Whitehair,G,60,2019
Connor McGovern,G,60,2019
D.J. Fluker,G,60,2019
Dakota Dozier,G,60,2019
Dalton Risner,G,60,2019
Dan Feeney,G,60,2019
Danny Isidora,G,60,2019
David DeCastro,G,60,2019
David Edwards,G,60,2019
Denzelle Good,G,60,2019
Earl Watford,G,60,2019
Ereck Flowers,G,60,2019
Eric Kush,G,60,2019
Evan Boehm,G,60,2019
Forrest Lamp,G,60,2019
Gabe Jackson,G,60,2019
Greg Van Roten,G,60,2019
Halapoulivaati Vaitai,G,60,2019
Isaac Seumalo,G,60,2019
Isaiah Wynn,G,60,2019
J.R. Sweezy,G,60,2019
James Carpenter,G,60,2019
James Daniels,G,60,2019
Jamil Demby,G,60,2019
Jamil Douglas,G,60,2019
Jamon Brown,G,60,2019
Jesse Davis,G,60,2019
Joe Thuney,G,60,2019
Joel Bitonio,G,60,2019
John Miller,G,60,2019
Jon Feliciano,G,60,2019
Jordan Devey,G,60,2019
Josh Kline,G,60,2019
Justin McCray,G,60,2019
Justin Pugh,G,60,2019
Kelechi Osemele,G,60,2019
Kenny Wiggins,G,60,2019
Kevin Zeitler,G,60,2019
Kyle Long,G,60,2019
Laken Tomlinson,G,60,2019
Larry Warford,G,60,2019
Laurent Duvernay-Tardif,G,60,2019
Mark Glowinski,G,60,2019
Marshal Yanda,G,60,2019
Marshall Newhouse,G,60,2019
Matt Feiler,G,60,2019
Max Scharping,G,60,2019
Michael Schofield,G,60,2019
Mike Iupati,G,60,2019
Mike Jordan,G,60,2019
Mike Person,G,60,2019
Mike Remmers,G,60,2019
Nate Davis,G,60,2019
Nick Easton,G,60,2019
Oday Aboushi,G,60,2019
Parker Ehinger,G,60,2019
Patrick Omameh,G,60,2019
Quenton Nelson,G,60,2019
Quinton Spain,G,60,2019
Ramon Foster,G,60,2019
Rashaad Coward,G,60,2019
Richie Incognito,G,60,2019
Rodger Saffold,G,60,2019
Ronald Leary,G,60,2019
Ryan Groy,G,60,2019
Shaq Calhoun,G,60,2019
Shaq Mason,G,60,2019
Ted Larsen,G,60,2019
Tom Compton,G,60,2019
Trai Turner,G,60,2019
Tyrell Crosby,G,60,2019
Wes Martin,G,60,2019
Wes Schweitzer,G,60,2019
Will Hernandez,G,60,2019
Wyatt Teller,G,60,2019
Xavier Su'a-Filo,G,60,2019
Zach Fulton,G,60,2019
Zack Martin,G,60,2019
Adarius Taylor,ILB,60,2019
Alec Ogletree,ILB,60,2019
Austin Calitro,ILB,60,2019
Benardrick McKinney,ILB,60,2019
Blake Martinez,ILB,60,2019
Bobby Okereke,ILB,60,2019
C.J. Mosley,ILB,60,2019
Cameron Smith,ILB,60,2019
Corey Nelson,ILB,60,2019
Cory Littleton,ILB,60,2019
Danny Trevathan,ILB,60,2019
Darron Lee,ILB,60,2019
David Long Jr.,ILB,60,2019
Devante Downs,ILB,60,2019
Jayon Brown,ILB,60,2019
Jon Bostic,ILB,60,2019
Jordan Kunaszyk,ILB,60,2019
Josey Jewell,ILB,60,2019
Josh Bynes,ILB,60,2019
Kenny Young,ILB,60,2019
Kevin Minter,ILB,60,2019
Luke Kuechly,ILB,60,2019
Mark Barron,ILB,60,2019
Natrez Patrick,ILB,60,2019
Nick Kwiatkoski,ILB,60,2019
Oren Burks,ILB,60,2019
Patrick Onwuasor,ILB,60,2019
Rashaan Evans,ILB,60,2019
Reggie Ragland,ILB,60,2019
Roquan Smith,ILB,60,2019
Ryan Connelly,ILB,60,2019
Tanner Vallejo,ILB,60,2019
Todd Davis,ILB,60,2019
Tyler Matakevich,ILB,60,2019
Vince Williams,ILB,60,2019
Wesley Woodyard,ILB,60,2019
Will Compton,ILB,60,2019
Zach Cunningham,ILB,60,2019
Adam Vinatieri,K,60,2019
Aldrick Rosas,K,60,2019
Austin Seibert,K,60,2019
Brandon McManus,K,60,2019
Brett Maher,K,60,2019
Cairo Santos,K,60,2019
Chase McLaughlin,K,60,2019
Chris Boswell,K,60,2019
Cody Parkey,K,60,2019
Dan Bailey,K,60,2019
Daniel Carlson,K,60,2019
Dustin Hopkins,K,60,2019
Eddy Pineiro,K,60,2019
Greg Joseph,K,60,2019
Greg Zuerlein,K,60,2019
Harrison Butker,K,60,2019
Jake Elliott,K,60,2019
Jason Myers,K,60,2019
Jason Sanders,K,60,2019
Joey Slye,K,60,2019
Josh Lambo,K,60,2019
Justin Tucker,K,60,2019
Ka'imi Fairbairn,K,60,2019
Kaare Vedvik,K,60,2019
Kai Forbath,K,60,2019
Mason Crosby,K,60,2019
Matt Bryant,K,60,2019
Matt Gay,K,60,2019
Matt Prater,K,60,2019
Mike Badgley,K,60,2019
Mike Nugent,K,60,2019
Nick Folk,K,60,2019
Randy Bullock,K,60,2019
Robbie Gould,K,60,2019
Ryan Santoso,K,60,2019
Ryan Succop,K,60,2019
Sam Ficken,K,60,2019
Stephen Gostkowski,K,60,2019
Steven Hauschka,K,60,2019
Wil Lutz,K,60,2019
Younghoe Koo,K,60,2019
Zane Gonzalez,K,60,2019
Ahmad Gooden,LB,60,2019
Ahmad Thomas,LB,60,2019
Albert McClellan,LB,60,2019
Alex Singleton,LB,60,2019
Alexander Johnson,LB,60,2019
Andre Smith,LB,60,2019
Anthony Chickillo,LB,60,2019
Anthony Nelson,LB,60,2019
Anthony Pittman,LB,60,2019
Arden Key,LB,60,2019
Azeez Al-Shaair,LB,60,2019
B.J. Bello,LB,60,2019
Ben Burr-Kirven,LB,60,2019
Ben Niemann,LB,60,2019
Blake Cashman,LB,60,2019
Brian Burns,LB,60,2019
Brooks Reed,LB,60,2019
Bruce Irvin,LB,60,2019
Calvin Munson,LB,60,2019
Cameron Wake,LB,60,2019
Carl Nassib,LB,60,2019
Cassanova McKinzy,LB,60,2019
Cassius Marsh,LB,60,2019
Charles Harris,LB,60,2019
Chris Board,LB,60,2019
Chris Covington,LB,60,2019
Chris Smith,LB,60,2019
Christian Miller,LB,60,2019
Cody Barton,LB,60,2019
Cole Holcomb,LB,60,2019
Corey Thompson,LB,60,2019
Craig Robertson,LB,60,2019
D.J. Alexander,LB,60,2019
Daren Bates,LB,60,2019
Deion Jones,LB,60,2019
Dennis Gardeck,LB,60,2019
Deon Lacey,LB,60,2019
Derick Roberson,LB,60,2019
Devante Bond,LB,60,2019
Devin Bush,LB,60,2019
Devin White,LB,60,2019
Donald Payne,LB,60,2019
Dorian O'Daniel,LB,60,2019
Dre Greenlaw,LB,60,2019
Dre'Mont Jones,LB,60,2019
Drue Tranquill,LB,60,2019
Dylan Cole,LB,60,2019
E.J. Speed,LB,60,2019
Emeke Egbule,LB,60,2019
Eric Wilson,LB,60,2019
Ezekiel Turner,LB,60,2019
Foye Oluokun,LB,60,2019
Frank Clark,LB,60,2019
Frankie Luvu,LB,60,2019
Germaine Pratt,LB,60,2019
Harold Landry III,LB,60,2019
Harvey Langi,LB,60,2019
Isaiah Irving,LB,60,2019
Ja'Whaun Bentley,LB,60,2019
Jack Cichy,LB,60,2019
Jacob Tuioti-Mariner,LB,60,2019
Jahlani Tavai,LB,60,2019
Jalen Reeves-Maybin,LB,60,2019
Jamal Adams,LB,60,2019
Jamal Carter,LB,60,2019
James Crawford,LB,60,2019
James Vaughters,LB,60,2019
Jason Pierre-Paul,LB,60,2019
Jay Elliott,LB,60,2019
Jaylon Ferguson,LB,60,2019
Jeremiah Attaochu,LB,60,2019
Jermaine Carter,LB,60,2019
Jermaine Grace,LB,60,2019
Jihad Ward,LB,60,2019
Joe Giles-Harris,LB,60,2019
Joe Jones,LB,60,2019
Joe Walker,LB,60,2019
Joel Iyiegbuniwe,LB,60,2019
John Simon,LB,60,2019
Jordan Thomas,LB,60,2019
Josh Harvey-Clemons,LB,60,2019
Josh Watson,LB,60,2019
Josh Woods,LB,60,2019
Josiah Tauaefa,LB,60,2019
Julian Stanford,LB,60,2019
Justin Hollins,LB,60,2019
Justin March,LB,60,2019
Justin Phillips,LB,60,2019
Kaden Elliss,LB,60,2019
Keishawn Bierria,LB,60,2019
Kentrell Brothers,LB,60,2019
Kevin Pierre-Louis,LB,60,2019
Kyle Wilber,LB,60,2019
Kyler Fackrell,LB,60,2019
Kylie Fitts,LB,60,2019
L.J. Fort,LB,60,2019
LaRoy Reynolds,LB,60,2019
Landon Collins,LB,60,2019
Lorenzo Carter,LB,60,2019
Luke Gifford,LB,60,2019
Mack Wilson,LB,60,2019
Malik Jefferson,LB,60,2019
Malik Reed,LB,60,2019
Markus Golden,LB,60,2019
Marquis Haynes,LB,60,2019
Maurice Alexander,LB,60,2019
Melvin Ingram,LB,60,2019
Mychal Kendricks,LB,60,2019
Najee Goode,LB,60,2019
Nate Gerry,LB,60,2019
Neville Hewitt,LB,60,2019
Nicholas Morrow,LB,60,2019
Nick Bellore,LB,60,2019
Nick Dzubnar,LB,60,2019
Noah Dawkins,LB,60,2019
Oshane Ximines,LB,60,2019
Pernell McPhee,LB,60,2019
Peter Kalambayi,LB,60,2019
Porter Gustin,LB,60,2019
Quincy Williams,LB,60,2019
Ray-Ray Armstrong,LB,60,2019
Robert Spillane,LB,60,2019
Ryan Anderson,LB,60,2019
Sam Acho,LB,60,2019
Sam Eguavoen,LB,60,2019
Shaquil Barrett,LB,60,2019
Sharif Finch,LB,60,2019
Shaun Dion Hamilton,LB,60,2019
Sione Takitaki,LB,60,2019
Stephone Anthony,LB,60,2019
Steve Longa,LB,60,2019
T.J. Edwards,LB,60,2019
Tae Davis,LB,60,2019
Tarell Basham,LB,60,2019
Tim Williams,LB,60,2019
Travin Howard,LB,60,2019
Trent Harris,LB,60,2019
Trey Flowers,LB,60,2019
Troy Reeder,LB,60,2019
Tuzar Skipper,LB,60,2019
Ty Summers,LB,60,2019
Tyrell Adams,LB,60,2019
Tyus Bowser,LB,60,2019
Uchenna Nwosu,LB,60,2019
Ulysees Gilbert,LB,60,2019
Vince Biegel,LB,60,2019
Willie Harvey,LB,60,2019
Aaron Brewer,LS,60,2019
Austin Cutting,LS,60,2019
Beau Brinkley,LS,60,2019
Casey Kreiter,LS,60,2019
Charley Hughlett,LS,60,2019
Cole Mazza,LS,60,2019
Don Muhlbach,LS,60,2019
Hunter Bradley,LS,60,2019
J.J. Jansen,LS,60,2019
James Winchester,LS,60,2019
Joe Cardona,LS,60,2019
Jon Weeks,LS,60,2019
Josh Harris,LS,60,2019
Kameron Canaday,LS,60,2019
Luke Rhodes,LS,60,2019
Nick Sundberg,LS,60,2019
Patrick Scales,LS,60,2019
Reid Ferguson,LS,60,2019
Rick Lovato,LS,60,2019
Thomas Hennessy,LS,60,2019
Trent Sieg,LS,60,2019
Tyler Ott,LS,60,2019
Zach Triner,LS,60,2019
Zak DeOssie,LS,60,2019
Alex Anzalone,MLB,60,2019
Anthony Hitchens,MLB,60,2019
Anthony Walker,MLB,60,2019
B.J. Goodson,MLB,60,2019
Bobby Wagner,MLB,60,2019
Denzel Perryman,MLB,60,2019
Duke Riley,MLB,60,2019
Eric Kendricks,MLB,60,2019
Fred Warner,MLB,60,2019
Hardy Nickerson,MLB,60,2019
Jarrad Davis,MLB,60,2019
Jaylon Smith,MLB,60,2019
Joe Schobert,MLB,60,2019
Jordan Hicks,MLB,60,2019
Kwon Alexander,MLB,60,2019
Kyle Van Noy,MLB,60,2019
Malcolm Smith,MLB,60,2019
Manti Te'o,MLB,60,2019
Marquel Lee,MLB,60,2019
Myles Jack,MLB,60,2019
Nate Stupar,MLB,60,2019
Preston Brown,MLB,60,2019
Raekwon McMillan,MLB,60,2019
Tremaine Edmunds,MLB,60,2019
Anthony Rush,NT,60,2019
Austin Johnson,NT,60,2019
Brandon Dunn,NT,60,2019
Bryan Mone,NT,60,2019
Daron Payne,NT,60,2019
Derrick Nnadi,NT,60,2019
Domata Peko Sr.,NT,60,2019
Eddie Goldman,NT,60,2019
Javon Hargrave,NT,60,2019
Kenny Clark,NT,60,2019
Mike Purcell,NT,60,2019
Miles Brown,NT,60,2019
Ndamukong Suh,NT,60,2019
Steve McLendon,NT,60,2019
Xavier Williams,NT,60,2019
A.J. Klein,OLB,60,2019
Aaron Lynch,OLB,60,2019
Andrew Van Ginkel,OLB,60,2019
Anthony Barr,OLB,60,2019
Barkevious Mingo,OLB,60,2019
Ben Gedeon,OLB,60,2019
Benson Mayowa,OLB,60,2019
Bradley Chubb,OLB,60,2019
Brandon Copeland,OLB,60,2019
Brennan Scarlett,OLB,60,2019
Bryce Hager,OLB,60,2019
Bud Dupree,OLB,60,2019
Christian Jones,OLB,60,2019
Christian Kirksey,OLB,60,2019
Clay Matthews,OLB,60,2019
Damien Wilson,OLB,60,2019
Darryl Johnson,OLB,60,2019
David Mayo,OLB,60,2019
De'Vondre Campbell,OLB,60,2019
Demario Davis,OLB,60,2019
Deone Bucannon,OLB,60,2019
Devon Kennard,OLB,60,2019
Dont'a Hightower,OLB,60,2019
Elandon Roberts,OLB,60,2019
Elijah Lee,OLB,60,2019
Haason Reddick,OLB,60,2019
Jadeveon Clowney,OLB,60,2019
James Burgess,OLB,60,2019
Jamie Collins,OLB,60,2019
Jatavis Brown,OLB,60,2019
Jerome Baker,OLB,60,2019
Joe Thomas,OLB,60,2019
Jordan Evans,OLB,60,2019
Josh Sweat,OLB,60,2019
Justin Houston,OLB,60,2019
K.J. Wright,OLB,60,2019
Kamalei Correa,OLB,60,2019
Kamu Grugier-Hill,OLB,60,2019
Kareem Martin,OLB,60,2019
Khalil Mack,OLB,60,2019
Kiko Alonso,OLB,60,2019
Kyzir White,OLB,60,2019
Lavonte David,OLB,60,2019
Leighton Vander Esch,OLB,60,2019
Leon Jacobs,OLB,60,2019
Lorenzo Alexander,OLB,60,2019
Mark Nzeocha,OLB,60,2019
Matt Milano,OLB,60,2019
Matthew Adams,OLB,60,2019
Matthew Judon,OLB,60,2019
Nick Vigil,OLB,60,2019
Nigel Bradham,OLB,60,2019
Ola Adeniyi,OLB,60,2019
Sean Lee,OLB,60,2019
Shaq Thompson,OLB,60,2019
Shaquem Griffin,OLB,60,2019
Shaquille Leonard,OLB,60,2019
T.J. Watt,OLB,60,2019
Tahir Whitehead,OLB,60,2019
Terrell Suggs,OLB,60,2019
Thomas Davis,OLB,60,2019
Von Miller,OLB,60,2019
Vontaze Burfict,OLB,60,2019
Zach Brown,OLB,60,2019
Zaire Franklin,OLB,60,2019
Alejandro Villanueva,OT,60,2019
Andre Dillard,OT,60,2019
Andre Smith,OT,60,2019
Andrew Whitworth,OT,60,2019
Anthony Castonzo,OT,60,2019
Billy Turner,OT,60,2019
Bobby Hart,OT,60,2019
Bobby Massie,OT,60,2019
Braden Smith,OT,60,2019
Brandon Parker,OT,60,2019
Brandon Shell,OT,60,2019
Brian O'Neill,OT,60,2019
Bryan Bulaga,OT,60,2019
Cam Robinson,OT,60,2019
Cameron Fleming,OT,60,2019
Cedric Ogbuehi,OT,60,2019
Chandler Brewer,OT,60,2019
Charles Leno Jr.,OT,60,2019
Chris Clark,OT,60,2019
Chris Hubbard,OT,60,2019
Chukwuma Okorafor,OT,60,2019
Chuma Edoga,OT,60,2019
Cordy Glenn,OT,60,2019
D.J. Humphries,OT,60,2019
Dan Skipper,OT,60,2019
Daniel Brunskill,OT,60,2019
Daryl Williams,OT,60,2019
David Bakhtiari,OT,60,2019
David Quessenberry,OT,60,2019
David Sharpe,OT,60,2019
Demar Dotson,OT,60,2019
Dennis Daley,OT,60,2019
Dennis Kelly,OT,60,2019
Dion Dawkins,OT,60,2019
Donald Penn,OT,60,2019
Donovan Smith,OT,60,2019
Duane Brown,OT,60,2019
Elijah Wilkinson,OT,60,2019
Eric Fisher,OT,60,2019
Fred Johnson,OT,60,2019
Garett Bolles,OT,60,2019
George Fant,OT,60,2019
Germain Ifedi,OT,60,2019
Geron Christian,OT,60,2019
Greg Little,OT,60,2019
Greg Robinson,OT,60,2019
Isaiah Prince,OT,60,2019
J'Marcus Webb,OT,60,2019
Jack Conklin,OT,60,2019
Jake Matthews,OT,60,2019
Jake Rodgers,OT,60,2019
Jamarco Jones,OT,60,2019
Jason Peters,OT,60,2019
Jawaan Taylor,OT,60,2019
Joe Noteboom,OT,60,2019
Joe Staley,OT,60,2019
John Jerry,OT,60,2019
Josh Wells,OT,60,2019
Joshua Miles,OT,60,2019
Julie'n Davenport,OT,60,2019
Justin Murray,OT,60,2019
Justin Skule,OT,60,2019
Kaleb McGary,OT,60,2019
Kelvin Beachum,OT,60,2019
Kendall Lamm,OT,60,2019
Kolton Miller,OT,60,2019
Korey Cunningham,OT,60,2019
La'el Collins,OT,60,2019
Lane Johnson,OT,60,2019
Laremy Tunsil,OT,60,2019
Marcus Cannon,OT,60,2019
Martinas Rankin,OT,60,2019
Matt Pryor,OT,60,2019
Mike McGlinchey,OT,60,2019
Mitchell Schwartz,OT,60,2019
Morgan Moses,OT,60,2019
Nate Solder,OT,60,2019
Olisaemeka Udoh,OT,60,2019
Orlando Brown,OT,60,2019
Patrick Mekari,OT,60,2019
Rick Wagner,OT,60,2019
Riley Reiff,OT,60,2019
Rob Havenstein,OT,60,2019
Roderick Johnson,OT,60,2019
Ronnie Stanley,OT,60,2019
Russell Okung,OT,60,2019
Ryan Bates,OT,60,2019
Ryan Ramczyk,OT,60,2019
Sam Tevi,OT,60,2019
Seantrel Henderson,OT,60,2019
Taylor Decker,OT,60,2019
Taylor Lewan,OT,60,2019
Taylor Moton,OT,60,2019
Terron Armstead,OT,60,2019
Trent Brown,OT,60,2019
Trent Scott,OT,60,2019
Trey Pipkins,OT,60,2019
Ty Nsekhe,OT,60,2019
Ty Sambrailo,OT,60,2019
Tyron Smith,OT,60,2019
Tytus Howard,OT,60,2019
Will Richardson,OT,60,2019
Zach Banner,OT,60,2019
AJ Cole,P,60,2019
Andy Lee,P,60,2019
Bradley Pinion,P,60,2019
Brett Kern,P,60,2019
Britton Colquitt,P,60,2019
Bryan Anger,P,60,2019
Cameron Johnston,P,60,2019
Chris Jones,P,60,2019
Colby Wadman,P,60,2019
Corey Bojorquez,P,60,2019
Dustin Colquitt,P,60,2019
J.K. Scott,P,60,2019
Jake Bailey,P,60,2019
Jamie Gillan,P,60,2019
Johnny Hekker,P,60,2019
Jordan Berry,P,60,2019
Kasey Redfern,P,60,2019
Kevin Huber,P,60,2019
Lachlan Edwards,P,60,2019
Logan Cooke,P,60,2019
Matt Bosher,P,60,2019
Matt Haack,P,60,2019
Matt Wile,P,60,2019
Michael Dickson,P,60,2019
Michael Palardy,P,60,2019
Mitch Wishnowsky,P,60,2019
Pat O'Donnell,P,60,2019
Rigoberto Sanchez,P,60,2019
Riley Dixon,P,60,2019
Ryan Allen,P,60,2019
Ryan Winslow,P,60,2019
Sam Koch,P,60,2019
Sam Martin,P,60,2019
Thomas Morstead,P,60,2019
Tress Way,P,60,2019
Trevor Daniel,P,60,2019
Ty Long,P,60,2019
Patrick Mahomes,QB,99,2019
Jameis Winston,QB,98,2019
Russell Wilson,QB,96,2019
Dak Prescott,QB,95,2019
Lamar Jackson,QB,95,2019
Aaron Rodgers,QB,94,2019
Deshaun Watson,QB,93,2019
Jimmy Garoppolo,QB,93,2019
Kirk Cousins,QB,91,2019
Matt Ryan,QB,91,2019
Carson Wentz,QB,90,2019
Philip Rivers,QB,90,2019
Jared Goff,QB,89,2019
Tom Brady,QB,89,2019
Drew Brees,QB,88,2019
Derek Carr,QB,87,2019
Ryan Tannehill,QB,87,2019
Baker Mayfield,QB,86,2019
Daniel Jones,QB,85,2019
Kyler Murray,QB,85,2019
Gardner Minshew,QB,84,2019
Josh Allen,QB,84,2019
Ryan Fitzpatrick,QB,84,2019
Andy Dalton,QB,82,2019
Kyle Allen,QB,82,2019
Sam Darnold,QB,82,2019
Jacoby Brissett,QB,81,2019
Mitchell Trubisky,QB,81,2019
Matthew Stafford,QB,80,2019
Mason Rudolph,QB,74,2019
Case Keenum,QB,73,2019
Joe Flacco,QB,70,2019
Teddy Bridgewater,QB,70,2019
Dwayne Haskins,QB,69,2019
Drew Lock,QB,68,2019
Marcus Mariota,QB,68,2019
Devlin Hodges,QB,67,2019
Eli Manning,QB,67,2019
David Blough,QB,66,2019
Jeff Driskel,QB,65,2019
Matt Moore,QB,65,2019
Brandon Allen,QB,64,2019
Brian Hoyer,QB,64,2019
Matt Schaub,QB,64,2019
Nick Foles,QB,64,2019
Chase Daniel,QB,63,2019
Ryan Finley,QB,63,2019
Cam Newton,QB,62,2019
Josh Rosen,QB,62,2019
AJ McCarron,QB,61,2019
Ben Roethlisberger,QB,61,2019
Josh McCown,QB,61,2019
Luke Falk,QB,61,2019
Matt Barkley,QB,61,2019
Mike Glennon,QB,61,2019
Robert Griffin III,QB,61,2019
Tyrod Taylor,QB,61,2019
Will Grier,QB,61,2019
Alex Tanney,QB,60,2019
Blake Bortles,QB,60,2019
Brett Hundley,QB,60,2019
Colt McCoy,QB,60,2019
David Fales,QB,60,2019
Garrett Gilbert,QB,60,2019
Jarrett Stidham,QB,60,2019
Nick Mullens,QB,60,2019
Ryan Griffin,QB,60,2019
Sean Mannion,QB,60,2019
Tim Boyle,QB,60,2019
Trace McSorley,QB,60,2019
Trevor Siemian,QB,60,2019
Derrick Henry,RB,99,2019
Aaron Jones,RB,94,2019
Christian McCaffrey,RB,90,2019
Dalvin Cook,RB,89,2019
Ezekiel Elliott,RB,86,2019
Raheem Mostert,RB,86,2019
Nick Chubb,RB,82,2019
Todd Gurley,RB,82,2019
Mark Ingram,RB,81,2019
Chris Carson,RB,79,2019
Marlon Mack,RB,79,2019
Josh Jacobs,RB,78,2019
Carlos Hyde,RB,77,2019
Damien Williams,RB,77,2019
Kenyan Drake,RB,77,2019
Phillip Lindsay,RB,77,2019
Sony Michel,RB,77,2019
Saquon Barkley,RB,76,2019
Tevin Coleman,RB,76,2019
David Montgomery,RB,75,2019
Joe Mixon,RB,75,2019
Melvin Gordon,RB,75,2019
Adrian Peterson,RB,74,2019
Alvin Kamara,RB,74,2019
Leonard Fournette,RB,73,2019
Ronald Jones,RB,73,2019
Jordan Howard,RB,72,2019
Latavius Murray,RB,72,2019
Miles Sanders,RB,71,2019
Peyton Barber,RB,71,2019
Le'Veon Bell,RB,70,2019
Boston Scott,RB,69,2019
Devin Singletary,RB,69,2019
James Conner,RB,69,2019
LeSean McCoy,RB,69,2019
Malcolm Brown,RB,69,2019
Austin Ekeler,RB,68,2019
Chase Edmonds,RB,68,2019
Devonta Freeman,RB,68,2019
Gus Edwards,RB,68,2019
Royce Freeman,RB,68,2019
DeAndre Washington,RB,67,2019
Frank Gore,RB,67,2019
Kerryon Johnson,RB,67,2019
Rashaad Penny,RB,67,2019
Benny Snell,RB,66,2019
Duke Johnson,RB,66,2019
Jeff Wilson,RB,66,2019
Marshawn Lynch,RB,66,2019
Matt Breida,RB,66,2019
Mike Boone,RB,66,2019
Qadree Ollison,RB,66,2019
Rex Burkhead,RB,66,2019
Tony Pollard,RB,66,2019
Alexander Mattison,RB,65,2019
Brian Hill,RB,65,2019
Darrel Williams,RB,65,2019
David Johnson,RB,65,2019
Derrius Guice,RB,65,2019
Jamaal Williams,RB,65,2019
Jordan Wilkins,RB,65,2019
Kalen Ballage,RB,65,2019
Bo Scarbrough,RB,64,2019
Brandon Bolden,RB,64,2019
Justice Hill,RB,64,2019
Kareem Hunt,RB,64,2019
Nyheim Hines,RB,64,2019
Dare Ogunbowale,RB,63,2019
Dontrell Hilliard,RB,63,2019
James White,RB,63,2019
Jaylen Samuels,RB,63,2019
Jonathan Williams,RB,63,2019
Patrick Laird,RB,63,2019
Wayne Gallman,RB,63,2019
Wes Hills,RB,63,2019
Bilal Powell,RB,62,2019
C.J. Prosise,RB,62,2019
Darwin Thompson,RB,62,2019
Dion Lewis,RB,62,2019
Ito Smith,RB,62,2019
J.D. McKissic,RB,62,2019
Javorius Allen,RB,62,2019
Justin Jackson,RB,62,2019
Mark Walton,RB,62,2019
Myles Gaskin,RB,62,2019
Reggie Bonnafon,RB,62,2019
Tarik Cohen,RB,62,2019
Ty Johnson,RB,62,2019
Alex Armah,RB,61,2019
Ameer Abdullah,RB,61,2019
Chris Thompson,RB,61,2019
Cordarrelle Patterson,RB,61,2019
Darrell Henderson,RB,61,2019
Darren Sproles,RB,61,2019
Giovani Bernard,RB,61,2019
Jalen Richard,RB,61,2019
Jon Hilliman,RB,61,2019
Kerrith Whyte,RB,61,2019
Ryquell Armstead,RB,61,2019
Travis Homer,RB,61,2019
Trey Edmunds,RB,61,2019
Wendell Smallwood,RB,61,2019
Alfred Morris,RB,60,2019
Andrew Beck,RB,60,2019
Buddy Howell,RB,60,2019
C.J. Anderson,RB,60,2019
Corey Clement,RB,60,2019
Cullen Gillaspia,RB,60,2019
D'Ernest Johnson,RB,60,2019
D.J. Foster,RB,60,2019
Dalyn Dawkins,RB,60,2019
Damien Harris,RB,60,2019
Danny Vitale,RB,60,2019
David Fluellen,RB,60,2019
De'Lance Turner,RB,60,2019
Devine Ozigbo,RB,60,2019
Devontae Booker,RB,60,2019
Dexter Williams,RB,60,2019
Dwayne Washington,RB,60,2019
Jakob Johnson,RB,60,2019
Jamize Olawale,RB,60,2019
Jay Ajayi,RB,60,2019
John Kelly,RB,60,2019
Jordan Scarlett,RB,60,2019
Josh Adams,RB,60,2019
Josh Ferguson,RB,60,2019
Kenjon Barner,RB,60,2019
Mike Davis,RB,60,2019
Nick Bawden,RB,60,2019
Patrick DiMarco,RB,60,2019
Paul Perkins,RB,60,2019
Ricky Ortiz,RB,60,2019
Rod Smith,RB,60,2019
Ryan Nall,RB,60,2019
Samaje Perine,RB,60,2019
Senorise Perry,RB,60,2019
Spencer Ware,RB,60,2019
T.J. Logan,RB,60,2019
T.J. Yeldon,RB,60,2019
Taiwan Jones,RB,60,2019
Tony Brooks-James,RB,60,2019
Tra Carson,RB,60,2019
Trenton Cannon,RB,60,2019
Troymaine Pope,RB,60,2019
Tyler Ervin,RB,60,2019
Zach Zenner,RB,60,2019
Adrian Amos,S,60,2019
Antone Exum,S,60,2019
Bradley McDougald,S,60,2019
Budda Baker,S,60,2019
Clayton Geathers,S,60,2019
Colin Jones,S,60,2019
Damarious Randall,S,60,2019
Damontae Kazee,S,60,2019
Darian Stewart,S,60,2019
Daryl Worley,S,60,2019
Dean Marlowe,S,60,2019
Duron Harmon,S,60,2019
Eric Murray,S,60,2019
Eric Reid,S,60,2019
Ha Ha Clinton-Dix,S,60,2019
Jahleel Addae,S,60,2019
Jaquiski Tartt,S,60,2019
Jason McCourty,S,60,2019
Jayron Kearse,S,60,2019
Jeff Heath,S,60,2019
Jordan Lucas,S,60,2019
Josh Jones,S,60,2019
Justin Reid,S,60,2019
Kareem Jackson,S,60,2019
Kayvon Webster,S,60,2019
Keanu Neal,S,60,2019
Kemal Ishmael,S,60,2019
Kenny Vaccaro,S,60,2019
Khari Willis,S,60,2019
Kurt Coleman,S,60,2019
Lamarcus Joyner,S,60,2019
Malcolm Jenkins,S,60,2019
Marcus Gilchrist,S,60,2019
Micah Hyde,S,60,2019
Morgan Burnett,S,60,2019
P.J. Williams,S,60,2019
Patrick Chung,S,60,2019
Quandre Diggs,S,60,2019
Sharrod Neasman,S,60,2019
Shawn Williams,S,60,2019
Terrell Edmunds,S,60,2019
Tony Jefferson,S,60,2019
Vonn Bell,S,60,2019
Will Parks,S,60,2019
Amani Hooker,SAF,60,2019
Andrew Wingard,SAF,60,2019
Bennett Jackson,SAF,60,2019
C.J. Gardner-Johnson,SAF,60,2019
Darnell Savage,SAF,60,2019
DeShon Elliott,SAF,60,2019
Deionte Thompson,SAF,60,2019
Deon Bush,SAF,60,2019
Donovan Wilson,SAF,60,2019
Isaiah Oliver,SAF,60,2019
Jalen Thompson,SAF,60,2019
Jeremy Reaves,SAF,60,2019
Jimmie Ward,SAF,60,2019
Jordan Dangerfield,SAF,60,2019
Juan Thornhill,SAF,60,2019
Julian Love,SAF,60,2019
Lano Hill,SAF,60,2019
Lonnie Johnson,SAF,60,2019
M.J. Stewart,SAF,60,2019
Marcus Epps,SAF,60,2019
Mike Edwards,SAF,60,2019
Miles Killebrew,SAF,60,2019
Nick Scott,SAF,60,2019
Raven Greene,SAF,60,2019
Rayshawn Jenkins,SAF,60,2019
Rolan Milligan,SAF,60,2019
Saquan Hampton,SAF,60,2019
Tavierre Thomas,SAF,60,2019
Taylor Rapp,SAF,60,2019
Will Harris,SAF,60,2019
Travis Kelce,TE,99,2019
Mark Andrews,TE,94,2019
Jared Cook,TE,90,2019
George Kittle,TE,86,2019
Zach Ertz,TE,86,2019
Austin Hooper,TE,84,2019
Darren Fells,TE,83,2019
Darren Waller,TE,82,2019
Kyle Rudolph,TE,81,2019
Dallas Goedert,TE,80,2019
Hunter Henry,TE,80,2019
Mike Gesicki,TE,79,2019
Taysom Hill,TE,79,2019
Jason Witten,TE,76,2019
Tyler Higbee,TE,76,2019
Jack Doyle,TE,75,2019
Jonnu Smith,TE,75,2019
Ryan Griffin,TE,75,2019
Jimmy Graham,TE,74,2019
Noah Fant,TE,74,2019
Cameron Brate,TE,73,2019
Evan Engram,TE,73,2019
Foster Moreau,TE,73,2019
Eric Ebron,TE,72,2019
Greg Olsen,TE,72,2019
Hayden Hurst,TE,72,2019
Jacob Hollister,TE,72,2019
Ricky Seals-Jones,TE,72,2019
Tyler Eifert,TE,72,2019
Will Dissly,TE,72,2019
Blake Jarwin,TE,71,2019
Anthony Firkser,TE,70,2019
Dawson Knox,TE,70,2019
Gerald Everett,TE,70,2019
Jordan Akins,TE,70,2019
Josh Hill,TE,70,2019
Kaden Smith,TE,70,2019
Vance McDonald,TE,70,2019
Demetrius Harris,TE,69,2019
Irv Smith,TE,69,2019
Nick Boyle,TE,69,2019
T.J. Hockenson,TE,69,2019
C.J. Uzomah,TE,68,2019
O.J. Howard,TE,68,2019
Delanie Walker,TE,67,2019
Dan Arnold,TE,66,2019
James O'Shaughnessy,TE,66,2019
N'Keal Harry,TE,66,2019
Ross Dwelley,TE,66,2019
Charles Clay,TE,65,2019
Jeremy Sprinkle,TE,65,2019
Logan Thomas,TE,65,2019
Maxx Williams,TE,65,2019
Derek Carrier,TE,64,2019
Hale Hentges,TE,64,2019
Ian Thomas,TE,64,2019
Jaeden Graham,TE,64,2019
Jeff Heuerman,TE,64,2019
Marcedes Lewis,TE,64,2019
Matt LaCosse,TE,64,2019
MyCole Pruitt,TE,64,2019
Nick O'Leary,TE,64,2019
Rhett Ellison,TE,64,2019
Robert Tonyan,TE,64,2019
Ryan Izzo,TE,64,2019
Vernon Davis,TE,64,2019
Ben Braunecker,TE,63,2019
Benjamin Watson,TE,63,2019
Blake Bell,TE,63,2019
Daniel Brown,TE,63,2019
David Njoku,TE,63,2019
Jesper Horsted,TE,63,2019
Josh Perkins,TE,63,2019
Lee Smith,TE,63,2019
Stephen Carlson,TE,63,2019
Troy Fumagalli,TE,63,2019
Tyler Kroft,TE,63,2019
Virgil Green,TE,63,2019
Cethan Carter,TE,62,2019
Jace Sternberger,TE,62,2019
Jesse James,TE,62,2019
Nick Vannett,TE,62,2019
Seth DeValve,TE,62,2019
Tommy Sweeney,TE,62,2019
Adam Shaheen,TE,61,2019
Clive Walford,TE,61,2019
Deon Yelder,TE,61,2019
Durham Smythe,TE,61,2019
Geoff Swaim,TE,61,2019
J.P. Holtz,TE,61,2019
Lance Kendricks,TE,61,2019
Luke Stocker,TE,61,2019
Luke Willson,TE,61,2019
Mo Alie-Cox,TE,61,2019
Ross Travis,TE,61,2019
Trevon Wesco,TE,61,2019
Trey Burton,TE,61,2019
Tyler Conklin,TE,61,2019
Antony Auclair,TE,60,2019
Ben Koyack,TE,60,2019
Bronson Kaufusi,TE,60,2019
Charles Jones,TE,60,2019
Chris Herndon,TE,60,2019
Chris Manhertz,TE,60,2019
Codey McElroy,TE,60,2019
Dalton Schultz,TE,60,2019
Darrell Daniels,TE,60,2019
Drew Sample,TE,60,2019
Eric Saubert,TE,60,2019
Eric Tomlinson,TE,60,2019
Evan Baylis,TE,60,2019
Garrett Celek,TE,60,2019
Isaac Nauta,TE,60,2019
Jason Vander Laan,TE,60,2019
Johnny Mundt,TE,60,2019
Jordan Matthews,TE,60,2019
Josh Oliver,TE,60,2019
Levine Toilolo,TE,60,2019
Pharaoh Brown,TE,60,2019
Scott Simonson,TE,60,2019
Sean Culkin,TE,60,2019
Tanner Hudson,TE,60,2019
Tyrone Swoopes,TE,60,2019
Xavier Grimble,TE,60,2019
Zach Gentry,TE,60,2019
Michael Thomas,WR,99,2019
Kenny Golladay,WR,96,2019
Chris Godwin Jr.,WR,94,2019
Cooper Kupp,WR,93,2019
Tyler Lockett,WR,93,2019
DeVante Parker,WR,92,2019
Amari Cooper,WR,90,2019
DeAndre Hopkins,WR,90,2019
Tyreek Hill,WR,90,2019
A.J. Brown,WR,89,2019
DK Metcalf,WR,89,2019
Davante Adams,WR,89,2019
Mike Evans,WR,89,2019
DJ Chark,WR,88,2019
Julio Jones,WR,88,2019
Stefon Diggs,WR,88,2019
Allen Robinson,WR,87,2019
Marvin Jones,WR,87,2019
Jarvis Landry,WR,86,2019
Keenan Allen,WR,86,2019
Courtland Sutton,WR,85,2019
Darius Slayton,WR,85,2019
John Brown,WR,85,2019
Julian Edelman,WR,85,2019
Michael Gallup,WR,85,2019
Terry McLaurin,WR,85,2019
Calvin Ridley,WR,84,2019
Cole Beasley,WR,82,2019
DJ Moore,WR,82,2019
Jamison Crowder,WR,82,2019
Marquise Brown,WR,82,2019
Tyler Boyd,WR,82,2019
Emmanuel Sanders,WR,81,2019
Golden Tate,WR,80,2019
Odell Beckham Jr.,WR,80,2019
Tyrell Williams,WR,80,2019
Adam Thielen,WR,79,2019
Breshad Perriman,WR,79,2019
Chris Conley,WR,79,2019
Curtis Samuel,WR,79,2019
Mecole Hardman,WR,79,2019
Robbie Chosen,WR,79,2019
Sammy Watkins,WR,79,2019
Diontae Johnson,WR,78,2019
Kenny Stills,WR,78,2019
Deebo Samuel Sr.,WR,77,2019
Kendrick Bourne,WR,77,2019
Larry Fitzgerald,WR,77,2019
Robert Woods,WR,77,2019
Zach Pascal,WR,77,2019
Mike Williams,WR,76,2019
Randall Cobb,WR,76,2019
T.Y. Hilton,WR,76,2019
Hunter Renfrow,WR,75,2019
James Washington,WR,75,2019
Phillip Dorsett,WR,75,2019
Will Fuller,WR,75,2019
Willie Snead,WR,75,2019
Alshon Jeffery,WR,74,2019
Christian Kirk,WR,74,2019
Corey Davis,WR,74,2019
Dede Westbrook,WR,74,2019
Demarcus Robinson,WR,74,2019
Sterling Shepard,WR,73,2019
Tre'Quan Smith,WR,73,2019
Allen Lazard,WR,72,2019
Anthony Miller,WR,72,2019
John Ross,WR,72,2019
JuJu Smith-Schuster,WR,72,2019
Steven Sims,WR,72,2019
Tajae Sharpe,WR,72,2019
Taylor Gabriel,WR,72,2019
Brandin Cooks,WR,71,2019
Preston Williams,WR,71,2019
Bisi Johnson,WR,70,2019
Danny Amendola,WR,70,2019
Keelan Cole,WR,70,2019
Mohamed Sanu,WR,70,2019
Nelson Agholor,WR,70,2019
Adam Humphries,WR,69,2019
Allen Hurns,WR,69,2019
Auden Tate,WR,69,2019
Marquez Valdes-Scantling,WR,69,2019
Miles Boykin,WR,69,2019
Ted Ginn,WR,69,2019
David Moore,WR,68,2019
Geronimo Allison,WR,68,2019
Seth Roberts,WR,68,2019
Cody Latimer,WR,67,2019
Demaryius Thomas,WR,67,2019
Jaron Brown,WR,67,2019
Josh Gordon,WR,67,2019
Marcus Johnson,WR,67,2019
Paul Richardson,WR,67,2019
Russell Gage,WR,67,2019
Albert Wilson,WR,66,2019
Alex Erickson,WR,66,2019
Chester Rogers,WR,66,2019
Damiere Byrd,WR,66,2019
DeSean Jackson,WR,66,2019
Josh Reynolds,WR,66,2019
Justin Watson,WR,66,2019
Kalif Raymond,WR,66,2019
DaeSean Hamilton,WR,65,2019
Dante Pettis,WR,65,2019
Duke Williams,WR,65,2019
Greg Ward,WR,65,2019
Isaiah McKenzie,WR,65,2019
Jake Kumerow,WR,65,2019
Malik Turner,WR,65,2019
Marvin Hall,WR,65,2019
Pharoh Cooper,WR,65,2019
Andy Isabella,WR,64,2019
Byron Pringle,WR,64,2019
Damion Ratley,WR,64,2019
J.J. Arcega-Whiteside,WR,64,2019
Jakobi Meyers,WR,64,2019
Jarius Wright,WR,64,2019
Javon Wims,WR,64,2019
KeeSean Johnson,WR,64,2019
Kelvin Harmon,WR,64,2019
Laquon Treadwell,WR,64,2019
Marquise Goodwin,WR,64,2019
Richie James,WR,64,2019
Scott Miller,WR,64,2019
Tavon Austin,WR,64,2019
Trey Quinn,WR,64,2019
Antonio Brown,WR,63,2019
Devin Smith,WR,63,2019
Isaiah Ford,WR,63,2019
Keke Coutee,WR,63,2019
Olamide Zaccheaus,WR,63,2019
Parris Campbell,WR,63,2019
Rashard Higgins,WR,63,2019
Rico Gafford,WR,63,2019
Tim Patrick,WR,63,2019
Vyncint Smith,WR,63,2019
Zay Jones,WR,63,2019
Bennie Fowler,WR,62,2019
DeAndre Carter,WR,62,2019
Dontrelle Inman,WR,62,2019
J.J. Nelson,WR,62,2019
Jakeem Grant,WR,62,2019
Justin Hardy,WR,62,2019
Keelan Doss,WR,62,2019
T.J. Jones,WR,62,2019
Ventell Bryant,WR,62,2019
Alexander Hollins,WR,61,2019
Andre Patton,WR,61,2019
Antonio Callaway,WR,61,2019
Brandon Zylstra,WR,61,2019
Braxton Berrios,WR,61,2019
Cedrick Wilson Jr.,WR,61,2019
Chad Beebe,WR,61,2019
Chris Hogan,WR,61,2019
Chris Lacy,WR,61,2019
Christian Blake,WR,61,2019
Damion Willis,WR,61,2019
DeAndrew White,WR,61,2019
Deon Cain,WR,61,2019
Deontay Burnett,WR,61,2019
Deonte Harty,WR,61,2019
Jason Moore,WR,61,2019
KhaDarel Hodge,WR,61,2019
Mack Hollins,WR,61,2019
Marcell Ateman,WR,61,2019
Riley Ridley,WR,61,2019
Robert Foster,WR,61,2019
Tevin Jones,WR,61,2019
Trent Sherfield,WR,61,2019
Trevor Davis,WR,61,2019
Ty Montgomery,WR,61,2019
Andre Roberts,WR,60,2019
Ashton Dulin,WR,60,2019
Austin Carr,WR,60,2019
Bobo Wilson,WR,60,2019
C.J. Board,WR,60,2019
Cam Sims,WR,60,2019
Chad Williams,WR,60,2019
Chris Moore,WR,60,2019
Cody Core,WR,60,2019
Cody Hollister,WR,60,2019
Cyril Grayson,WR,60,2019
Da'Mari Scott,WR,60,2019
Darius Jennings,WR,60,2019
Darrius Shepherd,WR,60,2019
Darvin Kidsy,WR,60,2019
De'Anthony Thomas,WR,60,2019
Devin Funchess,WR,60,2019
Diontae Spencer,WR,60,2019
Donte Moncrief,WR,60,2019
Dwayne Harris,WR,60,2019
Fred Brown,WR,60,2019
Gehrig Dieter,WR,60,2019
Geremy Davis,WR,60,2019
Greg Dortch,WR,60,2019
Gunner Olszewski,WR,60,2019
Ishmael Hyman,WR,60,2019
Jaleel Scott,WR,60,2019
Jalen Guyton,WR,60,2019
Jamal Agnew,WR,60,2019
Jaydon Mickens,WR,60,2019
Jeff Smith,WR,60,2019
JoJo Natson,WR,60,2019
John Franklin,WR,60,2019
John Ursua,WR,60,2019
Johnny Holton,WR,60,2019
Josh Bellamy,WR,60,2019
Juwann Winfree,WR,60,2019
Krishawn Hogan,WR,60,2019
Lil'Jordan Humphrey,WR,60,2019
Marqise Lee,WR,60,2019
Matthew Slater,WR,60,2019
Michael Crabtree,WR,60,2019
Michael Walker,WR,60,2019
Mike Thomas,WR,60,2019
Nsimba Webster,WR,60,2019
Quincy Enunwa,WR,60,2019
Rashard Davis,WR,60,2019
Ray-Ray McCloud,WR,60,2019
Robert Davis,WR,60,2019
Russell Shepard,WR,60,2019
Ryan Grant,WR,60,2019
Ryan Switzer,WR,60,2019
Spencer Schnell,WR,60,2019
Stanley Morgan,WR,60,2019
Steven Mitchell,WR,60,2019
Taywan Taylor,WR,60,2019
Travis Benjamin,WR,60,2019
Travis Fulgham,WR,60,2019
Aaron Brewer,C,60,2020
Alex Mack,C,60,2020
Austin Blythe,C,60,2020
Austin Corbett,C,60,2020
Austin Reiter,C,60,2020
Ben Bredeson,C,60,2020
Ben Jones,C,60,2020
Billy Price,C,60,2020
Bradley Bozeman,C,60,2020
Brandon Linder,C,60,2020
Cesar Ruiz,C,60,2020
Chase Roullier,C,60,2020
Connor McGovern,C,60,2020
Connor Williams,C,60,2020
David Andrews,C,60,2020
Elgton Jenkins,C,60,2020
Erik McCoy,C,60,2020
Ethan Pocic,C,60,2020
Frank Ragnow,C,60,2020
Garrett Bradbury,C,60,2020
Graham Glasgow,C,60,2020
J.C. Hassenauer,C,60,2020
JC Tretter,C,60,2020
James Ferentz,C,60,2020
Jason Kelce,C,60,2020
Joe Dahl,C,60,2020
Joe Looney,C,60,2020
Josh Andrews,C,60,2020
Lamont Gaillard,C,60,2020
Lloyd Cushenberry III,C,60,2020
Mason Cole,C,60,2020
Matt Hennessy,C,60,2020
Matt Paradis,C,60,2020
Matt Skura,C,60,2020
Maurkice Pouncey,C,60,2020
Mitch Morse,C,60,2020
Nick Harris,C,60,2020
Nick Martin,C,60,2020
Pat Elflein,C,60,2020
Rodney Hudson,C,60,2020
Ryan Jensen,C,60,2020
Ryan Kelly,C,60,2020
Ted Karras,C,60,2020
Trey Hopkins,C,60,2020
Trystan Colon,C,60,2020
Tyler Biadasz,C,60,2020
Tyler Shatley,C,60,2020
A.J. Bouye,CB,60,2020
A.J. Terrell,CB,60,2020
Adoree' Jackson,CB,60,2020
Ahkello Witherspoon,CB,60,2020
Alexander Myres,CB,60,2020
Amani Oruwariye,CB,60,2020
Amik Robertson,CB,60,2020
Anthony Averett,CB,60,2020
Anthony Brown,CB,60,2020
Anthony Chesley,CB,60,2020
Antonio Hamilton,CB,60,2020
Arthur Maulet,CB,60,2020
Avonte Maddox,CB,60,2020
Bashaud Breeland,CB,60,2020
Blake Countess,CB,60,2020
Bobby McCain,CB,60,2020
Bopete Keyes,CB,60,2020
Bradley Roby,CB,60,2020
Brandon Carr,CB,60,2020
Brandon Williams,CB,60,2020
Breon Borders,CB,60,2020
Brian Allen,CB,60,2020
Brian Poole,CB,60,2020
Bryce Callahan,CB,60,2020
Bryce Hall,CB,60,2020
Buster Skrine,CB,60,2020
Byron Jones,CB,60,2020
Byron Murphy,CB,60,2020
C.J. Goodwin,CB,60,2020
C.J. Henderson,CB,60,2020
Cam Lewis,CB,60,2020
Cameron Dantzler,CB,60,2020
Cameron Sutton,CB,60,2020
Carlton Davis III,CB,60,2020
Casey Hayward,CB,60,2020
Charvarius Ward,CB,60,2020
Chidobe Awuzie,CB,60,2020
Chris Claybrooks,CB,60,2020
Chris Harris,CB,60,2020
Chris Milton,CB,60,2020
Chris Westry,CB,60,2020
Cole Luke,CB,60,2020
Cordrea Tankersley,CB,60,2020
Corn Elder,CB,60,2020
Cre'von LeBlanc,CB,60,2020
D.J. Reed,CB,60,2020
Damon Arnette,CB,60,2020
Dane Jackson,CB,60,2020
Darious Williams,CB,60,2020
Darius Phillips,CB,60,2020
Darius Slay,CB,60,2020
Darnay Holmes,CB,60,2020
Darryl Roberts,CB,60,2020
Davontae Harris,CB,60,2020
DeVante Bausby,CB,60,2020
Deandre Baker,CB,60,2020
Denzel Ward,CB,60,2020
Desmond Trufant,CB,60,2020
Donte Jackson,CB,60,2020
Dre Kirkpatrick,CB,60,2020
Duke Shelley,CB,60,2020
Eli Apple,CB,60,2020
Eric Rowe,CB,60,2020
Fabian Moreau,CB,60,2020
Greg Mabin,CB,60,2020
Greg Stroman,CB,60,2020
Harrison Hand,CB,60,2020
Herb Miller,CB,60,2020
Isaac Yiadom,CB,60,2020
Isaiah Johnson,CB,60,2020
Isaiah Rodgers,CB,60,2020
Jace Whittaker,CB,60,2020
Jaire Alexander,CB,60,2020
Jalen Davis,CB,60,2020
Jalen Mills,CB,60,2020
Jalen Ramsey,CB,60,2020
Jamar Taylor,CB,60,2020
Jamel Dean,CB,60,2020
James Bradberry,CB,60,2020
James Pierre,CB,60,2020
Janoris Jenkins,CB,60,2020
Jarren Williams,CB,60,2020
Javelin Guidry,CB,60,2020
Jaylon Johnson,CB,60,2020
Jeff Gladney,CB,60,2020
Jeff Okudah,CB,60,2020
Jimmy Moreland,CB,60,2020
Jimmy Smith,CB,60,2020
Joe Haden,CB,60,2020
Joejuan Williams,CB,60,2020
John Reid,CB,60,2020
Johnathan Joseph,CB,60,2020
Jomal Wiltz,CB,60,2020
Jonathan Jones,CB,60,2020
Josh Jackson,CB,60,2020
Josh Norman,CB,60,2020
Josiah Scott,CB,60,2020
Jourdan Lewis,CB,60,2020
Justin Bethel,CB,60,2020
Justin Coleman,CB,60,2020
Justin Layne,CB,60,2020
Ka'dar Hollman,CB,60,2020
KeiVarae Russell,CB,60,2020
Keisean Nixon,CB,60,2020
Ken Crawley,CB,60,2020
Kendall Fuller,CB,60,2020
Kenny Moore II,CB,60,2020
Kevin Johnson,CB,60,2020
Kevin King,CB,60,2020
Kevin Peterson,CB,60,2020
Kevon Seymour,CB,60,2020
Khalil Dorsey,CB,60,2020
Kindle Vildor,CB,60,2020
Kris Boyd,CB,60,2020
Kristian Fulton,CB,60,2020
Kyle Fuller,CB,60,2020
L'Jarius Sneed,CB,60,2020
Lamar Jackson,CB,60,2020
LeShaun Sims,CB,60,2020
Linden Stephens,CB,60,2020
Logan Ryan,CB,60,2020
Luq Barcoo,CB,60,2020
Mackensie Alexander,CB,60,2020
Madre Harper,CB,60,2020
Malcolm Butler,CB,60,2020
Marcus Peters,CB,60,2020
Mark Fields,CB,60,2020
Marlon Humphrey,CB,60,2020
Marshon Lattimore,CB,60,2020
Michael Davis,CB,60,2020
Michael Ojemudia,CB,60,2020
Mike Ford,CB,60,2020
Mike Hilton,CB,60,2020
Mike Hughes,CB,60,2020
Mike Jackson,CB,60,2020
Myles Bryant,CB,60,2020
Nate Brooks,CB,60,2020
Nate Hairston,CB,60,2020
Neiko Thorpe,CB,60,2020
Nevin Lawson,CB,60,2020
Noah Igbinoghene,CB,60,2020
Parnell Motley,CB,60,2020
Patrick Peterson,CB,60,2020
Patrick Robinson,CB,60,2020
Phillip Gaines,CB,60,2020
Pierre Desir,CB,60,2020
Quenton Meeks,CB,60,2020
Quincy Wilson,CB,60,2020
Quinton Dunbar,CB,60,2020
Rashad Fenton,CB,60,2020
Rashard Robinson,CB,60,2020
Rasul Douglas,CB,60,2020
Reggie Robinson II,CB,60,2020
Richard Sherman,CB,60,2020
Rock Ya-Sin,CB,60,2020
Ronald Darby,CB,60,2020
Ross Cockrell,CB,60,2020
Ryan Lewis,CB,60,2020
Ryan Smith,CB,60,2020
Sean Murphy-Bunting,CB,60,2020
Shaquill Griffin,CB,60,2020
Sidney Jones,CB,60,2020
Siran Neal,CB,60,2020
Stanford Samuels III,CB,60,2020
Stantley Thomas-Oliver,CB,60,2020
Stephon Gilmore,CB,60,2020
Steven Nelson,CB,60,2020
Taron Johnson,CB,60,2020
Tavon Young,CB,60,2020
Terrance Mitchell,CB,60,2020
Tony McRae,CB,60,2020
Tramon Williams,CB,60,2020
Trayvon Mullen,CB,60,2020
Tre Flowers,CB,60,2020
Tre Herndon,CB,60,2020
Tre'Davious White,CB,60,2020
Tremon Smith,CB,60,2020
Trevon Diggs,CB,60,2020
Trevor Williams,CB,60,2020
Troy Hill,CB,60,2020
Troy Pride,CB,60,2020
Tye Smith,CB,60,2020
Tyler Hall,CB,60,2020
Ugo Amadi,CB,60,2020
Vernon Hargreaves III,CB,60,2020
Will Redmond,CB,60,2020
William Jackson,CB,60,2020
Xavien Howard,CB,60,2020
Xavier Rhodes,CB,60,2020
A.J. Moore,DB,60,2020
Adrian Phillips,DB,60,2020
Andrew Adams,DB,60,2020
Anthony Harris,DB,60,2020
Anthony Levine,DB,60,2020
Armani Watts,DB,60,2020
Blessuan Austin,DB,60,2020
Blidi Wreh-Wilson,DB,60,2020
Bobby Price,DB,60,2020
Brandon Facyson,DB,60,2020
Brandon Rusnak,DB,60,2020
Brandon Wilson,DB,60,2020
C.J. Moore,DB,60,2020
Chandon Sullivan,DB,60,2020
Charles Washington,DB,60,2020
Chris Banjo,DB,60,2020
Chris Jackson,DB,60,2020
Chris Jones,DB,60,2020
Chris Lammons,DB,60,2020
Chuck Clark,DB,60,2020
Clayton Fejedelem,DB,60,2020
Cody Davis,DB,60,2020
Corey Ballentine,DB,60,2020
Craig James,DB,60,2020
D.J. Hayden,DB,60,2020
Dallin Leavitt,DB,60,2020
Dane Cruikshank,DB,60,2020
Daniel Sorensen,DB,60,2020
Danny Johnson,DB,60,2020
Darian Thompson,DB,60,2020
Darqueze Dennard,DB,60,2020
David Long,DB,60,2020
DeAndre Houston-Carson,DB,60,2020
Deante Burton,DB,60,2020
Dee Virgin,DB,60,2020
Deshazor Everett,DB,60,2020
Desmond King,DB,60,2020
Dontae Johnson,DB,60,2020
Duke Dawson,DB,60,2020
Dylan Mabin,DB,60,2020
Elijah Riley,DB,60,2020
Emmanuel Moseley,DB,60,2020
Essang Bassey,DB,60,2020
George Odum,DB,60,2020
Grant Haley,DB,60,2020
Holton Hill,DB,60,2020
Ibraheim Campbell,DB,60,2020
Isaiah Simmons,DB,60,2020
J.C. Jackson,DB,60,2020
J.T. Gray,DB,60,2020
J.T. Hassell,DB,60,2020
Jaquan Johnson,DB,60,2020
Jason Verrett,DB,60,2020
Javin White,DB,60,2020
John Johnson,DB,60,2020
Johnathan Abram,DB,60,2020
Johnathan Cyprien,DB,60,2020
Jonathan Owens,DB,60,2020
Jordan Miller,DB,60,2020
Josh Thomas,DB,60,2020
Joshua Kalu,DB,60,2020
Justin Hardee,DB,60,2020
K'Waun Williams,DB,60,2020
Kai Nacua,DB,60,2020
Kareem Orr,DB,60,2020
Keion Crossen,DB,60,2020
Ken Webster,DB,60,2020
Kendall Sheffield,DB,60,2020
Kevin Toliver,DB,60,2020
Levi Wallace,DB,60,2020
Marcell Harris,DB,60,2020
Marquise Blair,DB,60,2020
Matthias Farley,DB,60,2020
Michael Jacquet,DB,60,2020
Michael Thomas,DB,60,2020
Nate Ebner,DB,60,2020
Nate Holley,DB,60,2020
Natrell Jamerson,DB,60,2020
Nickell Robey-Coleman,DB,60,2020
Nik Needham,DB,60,2020
Robert Jackson,DB,60,2020
Ronnie Harrison,DB,60,2020
Ryan Neal,DB,60,2020
Sean Chandler,DB,60,2020
Sheldrick Redwine,DB,60,2020
Sherrick McManis,DB,60,2020
Steven Parker,DB,60,2020
T.J. Carrie,DB,60,2020
Tae Hayes,DB,60,2020
Tarvarius Moore,DB,60,2020
Terrell Bonds,DB,60,2020
Tevaughn Campbell,DB,60,2020
Tony Brown,DB,60,2020
Tracy Walker III,DB,60,2020
Tramaine Brock,DB,60,2020
Trey Marshall,DB,60,2020
Troy Apke,DB,60,2020
Vernon Scott,DB,60,2020
Xavier Crawford,DB,60,2020
A'Shawn Robinson,DE,60,2020
A.J. Epenesa,DE,60,2020
Adam Gotsis,DE,60,2020
Adrian Clayborn,DE,60,2020
Akiem Hicks,DE,60,2020
Al-Quadin Muhammad,DE,60,2020
Aldon Smith,DE,60,2020
Alex Barrett,DE,60,2020
Alex Okafor,DE,60,2020
Allen Bailey,DE,60,2020
Amani Bledsoe,DE,60,2020
Angelo Blackson,DE,60,2020
Austin Bryant,DE,60,2020
Austin Larkin,DE,60,2020
B.J. Hill,DE,60,2020
Ben Banogu,DE,60,2020
Billy Winn,DE,60,2020
Bradlee Anae,DE,60,2020
Brandon Graham,DE,60,2020
Brandon Williams,DE,60,2020
Brent Urban,DE,60,2020
Bryan Cox,DE,60,2020
Bryce Huff,DE,60,2020
Calais Campbell,DE,60,2020
Cameron Jordan,DE,60,2020
Cameron Malveaux,DE,60,2020
Carl Granderson,DE,60,2020
Carl Lawson,DE,60,2020
Carlos Dunlap,DE,60,2020
Carlos Watkins,DE,60,2020
Casey Toohill,DE,60,2020
Chandler Jones,DE,60,2020
Charles Omenihu,DE,60,2020
Chase Winovich,DE,60,2020
Chase Young,DE,60,2020
Chris Jones,DE,60,2020
Chris Wormley,DE,60,2020
Christian Covington,DE,60,2020
Clelin Ferrell,DE,60,2020
Corey Peters,DE,60,2020
DJ Reader,DE,60,2020
Da'Shawn Hand,DE,60,2020
Dalvin Tomlinson,DE,60,2020
Damontre Moore,DE,60,2020
Dante Fowler Jr.,DE,60,2020
Datone Jones,DE,60,2020
Dawuane Smoot,DE,60,2020
DeMarcus Lawrence,DE,60,2020
DeMarcus Walker,DE,60,2020
DeShawn Williams,DE,60,2020
Deatrich Wise,DE,60,2020
Dee Ford,DE,60,2020
Demone Harris,DE,60,2020
Derek Barnett,DE,60,2020
Derek Rivers,DE,60,2020
Derek Wolfe,DE,60,2020
Derrick Brown,DE,60,2020
Dion Jordan,DE,60,2020
Dorance Armstrong,DE,60,2020
Eddie Yarbrough,DE,60,2020
Efe Obada,DE,60,2020
Emmanuel Ogbah,DE,60,2020
Everson Griffen,DE,60,2020
Frank Herron,DE,60,2020
Freedom Akinmoladun,DE,60,2020
Genard Avery,DE,60,2020
Henry Anderson,DE,60,2020
Hercules Mata'afa,DE,60,2020
Ifeadi Odenigbo,DE,60,2020
Isaac Rochell,DE,60,2020
J.J. Watt,DE,60,2020
Jabaal Sheard,DE,60,2020
Jabari Zuniga,DE,60,2020
Jacob Martin,DE,60,2020
James Smith-Williams,DE,60,2020
Jason Strowbridge,DE,60,2020
Jerry Hughes,DE,60,2020
Joe Gaziano,DE,60,2020
Joe Jackson,DE,60,2020
Joe Ostman,DE,60,2020
Joey Bosa,DE,60,2020
John Cominsky,DE,60,2020
John Franklin-Myers,DE,60,2020
Jonathan Allen,DE,60,2020
Jonathan Bullard,DE,60,2020
Jordan Jenkins,DE,60,2020
Jordan Willis,DE,60,2020
Josh Hines-Allen,DE,60,2020
Josh Mauro,DE,60,2020
Julian Okwara,DE,60,2020
Jurrell Casey,DE,60,2020
Kameron Cline,DE,60,2020
Kemoko Turay,DE,60,2020
Kendal Vickers,DE,60,2020
Kentavius Street,DE,60,2020
Kerry Hyder,DE,60,2020
Kingsley Keke,DE,60,2020
Kyle Phillips,DE,60,2020
L.J. Collier,DE,60,2020
Larrell Murchison,DE,60,2020
Leonard Floyd,DE,60,2020
Leonard Williams,DE,60,2020
Marcus Davenport,DE,60,2020
Margus Hunt,DE,60,2020
Marlon Davidson,DE,60,2020
Matt Dickerson,DE,60,2020
Maxx Crosby,DE,60,2020
Michael Danna,DE,60,2020
Michael Dogbe,DE,60,2020
Mike Daniels,DE,60,2020
Mike Love,DE,60,2020
Montez Sweat,DE,60,2020
Morgan Fox,DE,60,2020
Myles Garrett,DE,60,2020
Nate Orchard,DE,60,2020
Nick Bosa,DE,60,2020
Nick Thurman,DE,60,2020
Niko Lalos,DE,60,2020
Ogbo Okoronkwo,DE,60,2020
Olivier Vernon,DE,60,2020
Pat O'Connor,DE,60,2020
Preston Smith,DE,60,2020
Quinton Jefferson,DE,60,2020
Rashan Gary,DE,60,2020
Rasheem Green,DE,60,2020
Rashod Berry,DE,60,2020
Robert Quinn,DE,60,2020
Romeo Okwara,DE,60,2020
Roy Robertson-Harris,DE,60,2020
Ryan Kerrigan,DE,60,2020
Sam Hubbard,DE,60,2020
Samson Ebukam,DE,60,2020
Sebastian Joseph-Day,DE,60,2020
Shaq Lawson,DE,60,2020
Shilique Calhoun,DE,60,2020
Solomon Thomas,DE,60,2020
Stephen Weatherly,DE,60,2020
Stephon Tuitt,DE,60,2020
Taco Charlton,DE,60,2020
Takk McKinley,DE,60,2020
Tanoh Kpassagnon,DE,60,2020
Tashawn Bower,DE,60,2020
Tershawn Wharton,DE,60,2020
Tim Ward,DE,60,2020
Trent Murphy,DE,60,2020
Trey Hendrickson,DE,60,2020
Tyquan Lewis,DE,60,2020
Tyson Alualu,DE,60,2020
Vic Beasley,DE,60,2020
Vinny Curry,DE,60,2020
Whitney Mercilus,DE,60,2020
Yannick Ngakoue,DE,60,2020
Yetur Gross-Matos,DE,60,2020
Za'Darius Smith,DE,60,2020
Zach Allen,DE,60,2020
Zach Kerr,DE,60,2020
Aaron Donald,DL,60,2020
Darrion Daniels,DL,60,2020
Mario Addison,DL,60,2020
Aaron Crawford,DT,60,2020
Abry Jones,DT,60,2020
Adam Butler,DT,60,2020
Akeem Spence,DT,60,2020
Andrew Brown,DT,60,2020
Antwaun Woods,DT,60,2020
Arik Armstead,DT,60,2020
Armon Watts,DT,60,2020
Auzoyah Alufohai,DT,60,2020
Benito Jones,DT,60,2020
Bilal Nichols,DT,60,2020
Brandin Bryant,DT,60,2020
Bravvion Roy,DT,60,2020
Brian Price,DT,60,2020
Broderick Washington,DT,60,2020
Byron Cowart,DT,60,2020
Cameron Heyward,DT,60,2020
Caraun Reid,DT,60,2020
Carl Davis,DT,60,2020
Carlos Davis,DT,60,2020
Cedrick Lattimore,DT,60,2020
Christian Wilkins,DT,60,2020
Corey Liuget,DT,60,2020
Cortez Broughton,DT,60,2020
D.J. Jones,DT,60,2020
DaQuan Jones,DT,60,2020
DaVon Hamilton,DT,60,2020
Damion Square,DT,60,2020
Damon Harrison,DT,60,2020
Dan McCullers,DT,60,2020
Daniel Ekuale,DT,60,2020
Daniel Ross,DT,60,2020
Danny Shelton,DT,60,2020
David Irving,DT,60,2020
David Onyemata,DT,60,2020
Davon Godchaux,DT,60,2020
DeForest Buckner,DT,60,2020
Deadrin Senat,DT,60,2020
Dean Lowry,DT,60,2020
Denico Autry,DT,60,2020
Devaroe Lawrence,DT,60,2020
Dexter Lawrence,DT,60,2020
Dontari Poe,DT,60,2020
Doug Costin,DT,60,2020
Ed Oliver,DT,60,2020
Eli Ankou,DT,60,2020
Fletcher Cox,DT,60,2020
Foley Fatukasi,DT,60,2020
Geno Atkins,DT,60,2020
Grady Jarrett,DT,60,2020
Greg Gaines,DT,60,2020
Grover Stewart,DT,60,2020
Harrison Phillips,DT,60,2020
Hassan Ridgeway,DT,60,2020
Henry Mondeaux,DT,60,2020
Isaiah Buggs,DT,60,2020
Isaiah Mack,DT,60,2020
Jack Crawford,DT,60,2020
Jaleel Johnson,DT,60,2020
Jalyn Holmes,DT,60,2020
James Lynch,DT,60,2020
Jarran Reed,DT,60,2020
Javon Kinlaw,DT,60,2020
Jeffery Simmons,DT,60,2020
Jeremiah Ledbetter,DT,60,2020
Jerry Tillery,DT,60,2020
John Jenkins,DT,60,2020
John Penisini,DT,60,2020
Johnathan Hankins,DT,60,2020
Jordan Elliott,DT,60,2020
Jordan Phillips,DT,60,2020
Justin Ellis,DT,60,2020
Justin Hamilton,DT,60,2020
Justin Jones,DT,60,2020
Justin Zimmer,DT,60,2020
Kawann Short,DT,60,2020
Kevin Givens,DT,60,2020
Kevin Strong,DT,60,2020
Khalen Saunders,DT,60,2020
Khalil Davis,DT,60,2020
Larry Ogunjobi,DT,60,2020
Lawrence Guy,DT,60,2020
Leki Fotu,DT,60,2020
Linval Joseph,DT,60,2020
Malcolm Roach,DT,60,2020
Malcom Brown,DT,60,2020
Maliek Collins,DT,60,2020
Malik Jackson,DT,60,2020
Mario Edwards,DT,60,2020
Marquise Copeland,DT,60,2020
Matthew Ioannidis,DT,60,2020
Maurice Hurst,DT,60,2020
McTelvin Agim,DT,60,2020
Michael Brockers,DT,60,2020
Mike Pennel,DT,60,2020
Montravius Adams,DT,60,2020
Nathan Shepherd,DT,60,2020
Neville Gallimore,DT,60,2020
Nick Williams,DT,60,2020
Nnamdi Madubuike,DT,60,2020
P.J. Hall,DT,60,2020
Poona Ford,DT,60,2020
Quinnen Williams,DT,60,2020
Raekwon Davis,DT,60,2020
Raequan Williams,DT,60,2020
Rakeem Nunez-Roches,DT,60,2020
Rashard Lawrence,DT,60,2020
Rob Windsor,DT,60,2020
Ross Blacklock,DT,60,2020
Ryan Glasgow,DT,60,2020
Shamar Stephen,DT,60,2020
Shelby Harris,DT,60,2020
Sheldon Day,DT,60,2020
Sheldon Rankins,DT,60,2020
Sheldon Richardson,DT,60,2020
Shy Tuttle,DT,60,2020
Sylvester Williams,DT,60,2020
T.Y. McGill,DT,60,2020
Tanzel Smart,DT,60,2020
Taven Bryan,DT,60,2020
Taylor Stallworth,DT,60,2020
Teair Tart,DT,60,2020
Tim Settle,DT,60,2020
Timmy Jernigan,DT,60,2020
Trevon Coley,DT,60,2020
Trysten Hill,DT,60,2020
Tyeler Davison,DT,60,2020
Tyler Lancaster,DT,60,2020
Tyrone Crawford,DT,60,2020
Vernon Butler,DT,60,2020
Vincent Taylor,DT,60,2020
Vita Vea,DT,60,2020
Walter Palmore,DT,60,2020
William Gholston,DT,60,2020
Woodrow Hamilton,DT,60,2020
Zach Sieler,DT,60,2020
Alec Ingold,FB,60,2020
Andy Janovich,FB,60,2020
Anthony Sherman,FB,60,2020
Bruce Miller,FB,60,2020
C.J. Ham,FB,60,2020
Chandler Cox,FB,60,2020
Derek Watt,FB,60,2020
Elijhaa Penny,FB,60,2020
Gabe Nabers,FB,60,2020
Jason Cabinda,FB,60,2020
Jeremy Cox,FB,60,2020
John Lovett,FB,60,2020
Keith Smith,FB,60,2020
Khari Blasingame,FB,60,2020
Kyle Juszczyk,FB,60,2020
Michael Burton,FB,60,2020
Patrick Ricard,FB,60,2020
Reggie Gilliam,FB,60,2020
Adrian Colbert,FS,60,2020
Andrew Sendejo,FS,60,2020
Curtis Riley,FS,60,2020
D.J. Swearinger,FS,60,2020
Devin McCourty,FS,60,2020
Doug Middleton,FS,60,2020
Eddie Jackson,FS,60,2020
Erik Harris,FS,60,2020
Harrison Smith,FS,60,2020
Jabrill Peppers,FS,60,2020
Jarrod Wilson,FS,60,2020
Jaylen Watkins,FS,60,2020
Jessie Bates,FS,60,2020
Jordan Poyer,FS,60,2020
Jordan Richards,FS,60,2020
Jordan Whitehead,FS,60,2020
Justin Simmons,FS,60,2020
Juston Burris,FS,60,2020
Karl Joseph,FS,60,2020
Kavon Frazier,FS,60,2020
Kevin Byard,FS,60,2020
Malik Hooker,FS,60,2020
Marcus Maye,FS,60,2020
Marcus Williams,FS,60,2020
Minkah Fitzpatrick,FS,60,2020
Myles Hartsfield,FS,60,2020
Nasir Adderley,FS,60,2020
Ricardo Allen,FS,60,2020
Rodney McLeod Jr.,FS,60,2020
Rudy Ford,FS,60,2020
Sean Davis,FS,60,2020
Tashaun Gipson,FS,60,2020
Tavon Wilson,FS,60,2020
Tedric Thompson,FS,60,2020
Terrence Brooks,FS,60,2020
Tre Boston,FS,60,2020
Tyrann Mathieu,FS,60,2020
Xavier Woods,FS,60,2020
A.J. Cann,G,60,2020
Aaron Stinnie,G,60,2020
Alex Bars,G,60,2020
Alex Cappa,G,60,2020
Alex Lewis,G,60,2020
Alex Redmond,G,60,2020
Ali Marpet,G,60,2020
Andrew Norwell,G,60,2020
Andrew Wylie,G,60,2020
Andrus Peat,G,60,2020
Arlington Hambright,G,60,2020
Ben Powers,G,60,2020
Bobby Evans,G,60,2020
Brandon Scherff,G,60,2020
Brent Qvale,G,60,2020
Brian Winters,G,60,2020
Cameron Erving,G,60,2020
Chris Lindstrom,G,60,2020
Chris Reed,G,60,2020
Cody Ford,G,60,2020
Cody Whitehair,G,60,2020
Connor McGovern,G,60,2020
D.J. Fluker,G,60,2020
Dakota Dozier,G,60,2020
Dalton Risner,G,60,2020
Damien Lewis,G,60,2020
Dan Feeney,G,60,2020
David DeCastro,G,60,2020
David Edwards,G,60,2020
Denzelle Good,G,60,2020
Dru Samia,G,60,2020
Ereck Flowers,G,60,2020
Ezra Cleveland,G,60,2020
Forrest Lamp,G,60,2020
Gabe Jackson,G,60,2020
Greg Van Roten,G,60,2020
Halapoulivaati Vaitai,G,60,2020
Ike Boettger,G,60,2020
Isaac Seumalo,G,60,2020
Isaiah Wynn,G,60,2020
J.R. Sweezy,G,60,2020
James Carpenter,G,60,2020
James Daniels,G,60,2020
James Hurst,G,60,2020
Jamil Douglas,G,60,2020
Jamon Brown,G,60,2020
Jermaine Eluemunor,G,60,2020
Jesse Davis,G,60,2020
Joe Thuney,G,60,2020
Joel Bitonio,G,60,2020
John Miller,G,60,2020
John Simpson,G,60,2020
Jon Feliciano,G,60,2020
Jonah Jackson,G,60,2020
Jordan Simmons,G,60,2020
Justin Herron,G,60,2020
Justin McCray,G,60,2020
Justin Pugh,G,60,2020
Kahlil McKenzie,G,60,2020
Kelechi Osemele,G,60,2020
Kevin Dotson,G,60,2020
Kevin Zeitler,G,60,2020
Laken Tomlinson,G,60,2020
Lucas Patrick,G,60,2020
Mark Glowinski,G,60,2020
Marshall Newhouse,G,60,2020
Matt Feiler,G,60,2020
Max Scharping,G,60,2020
Mekhi Becton,G,60,2020
Michael Schofield,G,60,2020
Mike Iupati,G,60,2020
Mike Jordan,G,60,2020
Mike Onwenu,G,60,2020
Mike Remmers,G,60,2020
Nate Davis,G,60,2020
Nate Herbig,G,60,2020
Netane Muti,G,60,2020
Nick Allegretti,G,60,2020
Nick Easton,G,60,2020
Nick Gates,G,60,2020
Oday Aboushi,G,60,2020
Quenton Nelson,G,60,2020
Quinton Spain,G,60,2020
Rashaad Coward,G,60,2020
Rodger Saffold,G,60,2020
Ryan Groy,G,60,2020
Senio Kelemete,G,60,2020
Shane Lemieux,G,60,2020
Shaq Calhoun,G,60,2020
Shaq Mason,G,60,2020
Solomon Kindley,G,60,2020
Stefen Wisniewski,G,60,2020
Sua Opeta,G,60,2020
Tom Compton,G,60,2020
Trai Turner,G,60,2020
Tyre Phillips,G,60,2020
Tyrell Crosby,G,60,2020
Wes Martin,G,60,2020
Wes Schweitzer,G,60,2020
Will Hernandez,G,60,2020
Will Holden,G,60,2020
Wyatt Teller,G,60,2020
Xavier Su'a-Filo,G,60,2020
Zach Fulton,G,60,2020
Adarius Taylor,ILB,60,2020
Alec Ogletree,ILB,60,2020
Austin Calitro,ILB,60,2020
Avery Williamson,ILB,60,2020
Benardrick McKinney,ILB,60,2020
Blake Martinez,ILB,60,2020
Bobby Okereke,ILB,60,2020
Cory Littleton,ILB,60,2020
Danny Trevathan,ILB,60,2020
Darron Lee,ILB,60,2020
David Long Jr.,ILB,60,2020
Devante Downs,ILB,60,2020
Jayon Brown,ILB,60,2020
Jon Bostic,ILB,60,2020
Jordan Kunaszyk,ILB,60,2020
Josey Jewell,ILB,60,2020
Josh Bynes,ILB,60,2020
Kenny Young,ILB,60,2020
Kevin Minter,ILB,60,2020
Natrez Patrick,ILB,60,2020
Nick Kwiatkoski,ILB,60,2020
Oren Burks,ILB,60,2020
Rashaan Evans,ILB,60,2020
Reggie Ragland,ILB,60,2020
Roquan Smith,ILB,60,2020
Ryan Connelly,ILB,60,2020
Tanner Vallejo,ILB,60,2020
Todd Davis,ILB,60,2020
Tyler Matakevich,ILB,60,2020
Vince Williams,ILB,60,2020
Will Compton,ILB,60,2020
Zach Cunningham,ILB,60,2020
Aldrick Rosas,K,60,2020
Austin Seibert,K,60,2020
Brandon McManus,K,60,2020
Cairo Santos,K,60,2020
Chase McLaughlin,K,60,2020
Chris Boswell,K,60,2020
Cody Parkey,K,60,2020
Dan Bailey,K,60,2020
Daniel Carlson,K,60,2020
Dustin Hopkins,K,60,2020
Elliott Fry,K,60,2020
Graham Gano,K,60,2020
Greg Zuerlein,K,60,2020
Harrison Butker,K,60,2020
Jake Elliott,K,60,2020
Jason Myers,K,60,2020
Jason Sanders,K,60,2020
Joey Slye,K,60,2020
Jon Brown,K,60,2020
Josh Lambo,K,60,2020
Justin Tucker,K,60,2020
Ka'imi Fairbairn,K,60,2020
Kai Forbath,K,60,2020
Mason Crosby,K,60,2020
Matt Gay,K,60,2020
Matt Prater,K,60,2020
Matthew Wright,K,60,2020
Mike Badgley,K,60,2020
Mike Nugent,K,60,2020
Nick Folk,K,60,2020
Randy Bullock,K,60,2020
Robbie Gould,K,60,2020
Rodrigo Blankenship,K,60,2020
Ryan Succop,K,60,2020
Sam Ficken,K,60,2020
Sam Sloman,K,60,2020
Sergio Castillo,K,60,2020
Stephen Gostkowski,K,60,2020
Steven Hauschka,K,60,2020
Taylor Russolino,K,60,2020
Tristan Vizcaino,K,60,2020
Tyler Bass,K,60,2020
Wil Lutz,K,60,2020
Younghoe Koo,K,60,2020
Zane Gonzalez,K,60,2020
Akeem Davis-Gaither,LB,60,2020
Alex Highsmith,LB,60,2020
Alex Singleton,LB,60,2020
Alexander Johnson,LB,60,2020
Alton Robinson,LB,60,2020
Andre Smith,LB,60,2020
Anfernee Jennings,LB,60,2020
Anthony Chickillo,LB,60,2020
Anthony Nelson,LB,60,2020
Arden Key,LB,60,2020
Azeez Al-Shaair,LB,60,2020
B.J. Bello,LB,60,2020
Ben Burr-Kirven,LB,60,2020
Ben Niemann,LB,60,2020
Blake Cashman,LB,60,2020
Blake Lynch,LB,60,2020
Brady Sheldon,LB,60,2020
Brian Burns,LB,60,2020
Brooks Reed,LB,60,2020
Bruce Irvin,LB,60,2020
Calvin Munson,LB,60,2020
Cam Gill,LB,60,2020
Cameron Brown,LB,60,2020
Carl Nassib,LB,60,2020
Carter Coughlin,LB,60,2020
Cassius Marsh,LB,60,2020
Charles Harris,LB,60,2020
Chase Hansen,LB,60,2020
Chris Board,LB,60,2020
Chris Smith,LB,60,2020
Clay Johnston,LB,60,2020
Cody Barton,LB,60,2020
Cole Christiansen,LB,60,2020
Cole Holcomb,LB,60,2020
Craig Robertson,LB,60,2020
D.J. Wonnum,LB,60,2020
Dakota Allen,LB,60,2020
Daren Bates,LB,60,2020
Darius Harris,LB,60,2020
Davion Taylor,LB,60,2020
Deion Jones,LB,60,2020
Demetrius Flannigan-Fowles,LB,60,2020
Dennis Gardeck,LB,60,2020
Deon Lacey,LB,60,2020
Derick Roberson,LB,60,2020
Derrek Tuszka,LB,60,2020
Devin Bush,LB,60,2020
Devin White,LB,60,2020
Dorian O'Daniel,LB,60,2020
Dre Greenlaw,LB,60,2020
Dre'Mont Jones,LB,60,2020
Drue Tranquill,LB,60,2020
Dylan Cole,LB,60,2020
E.J. Speed,LB,60,2020
Edmond Robinson,LB,60,2020
Emeke Egbule,LB,60,2020
Eric Wilson,LB,60,2020
Ezekiel Turner,LB,60,2020
Foye Oluokun,LB,60,2020
Francis Bernard,LB,60,2020
Frank Clark,LB,60,2020
Frankie Luvu,LB,60,2020
Germaine Pratt,LB,60,2020
Harold Landry III,LB,60,2020
Harvey Langi,LB,60,2020
Ja'Whaun Bentley,LB,60,2020
Jachai Polite,LB,60,2020
Jack Cichy,LB,60,2020
Jacob Phillips,LB,60,2020
Jacob Tuioti-Mariner,LB,60,2020
Jahlani Tavai,LB,60,2020
Jalen Reeves-Maybin,LB,60,2020
Jamal Adams,LB,60,2020
Jamal Carter,LB,60,2020
James Vaughters,LB,60,2020
Jared Norris,LB,60,2020
Jason Pierre-Paul,LB,60,2020
Jay Elliott,LB,60,2020
Jaylon Ferguson,LB,60,2020
Jeremiah Attaochu,LB,60,2020
Jermaine Carter,LB,60,2020
Jessie Lemonier,LB,60,2020
Jihad Ward,LB,60,2020
Joe Bachie,LB,60,2020
Joe Giles-Harris,LB,60,2020
Joe Jones,LB,60,2020
Joe Walker,LB,60,2020
Joel Iyiegbuniwe,LB,60,2020
John Simon,LB,60,2020
Jonathan Garvin,LB,60,2020
Jonathan Greenard,LB,60,2020
Jordan Brailford,LB,60,2020
Jordan Glasgow,LB,60,2020
Jordan Thomas,LB,60,2020
Jordyn Brooks,LB,60,2020
Josh Watson,LB,60,2020
Josh Woods,LB,60,2020
Joshua Uche,LB,60,2020
Julian Stanford,LB,60,2020
Justin Hollins,LB,60,2020
Justin March,LB,60,2020
K'Lavon Chaisson,LB,60,2020
Kaden Elliss,LB,60,2020
Kamal Martin,LB,60,2020
Keandre Jones,LB,60,2020
"Kenneth Murray, Jr.",LB,60,2020
Kevin Pierre-Louis,LB,60,2020
Khaleke Hudson,LB,60,2020
Khalid Kareem,LB,60,2020
Kristian Welch,LB,60,2020
Krys Barnes,LB,60,2020
Kyle Wilber,LB,60,2020
Kyler Fackrell,LB,60,2020
Kylie Fitts,LB,60,2020
L.J. Fort,LB,60,2020
LaRoy Reynolds,LB,60,2020
Landon Collins,LB,60,2020
Logan Wilson,LB,60,2020
Lorenzo Carter,LB,60,2020
Luke Gifford,LB,60,2020
Mack Wilson,LB,60,2020
Malik Harrison,LB,60,2020
Malik Jefferson,LB,60,2020
Malik Reed,LB,60,2020
Marcus Allen,LB,60,2020
Markus Bailey,LB,60,2020
Markus Golden,LB,60,2020
Marquis Haynes,LB,60,2020
Melvin Ingram,LB,60,2020
Micah Kiser,LB,60,2020
Mychal Kendricks,LB,60,2020
Mykal Walker,LB,60,2020
Nate Gerry,LB,60,2020
Nate Hall,LB,60,2020
Neville Hewitt,LB,60,2020
Nicholas Morrow,LB,60,2020
Nick Bellore,LB,60,2020
Nick Dzubnar,LB,60,2020
Noah Dawkins,LB,60,2020
Omari Cobb,LB,60,2020
Oshane Ximines,LB,60,2020
Otaro Alaka,LB,60,2020
Patrick Queen,LB,60,2020
Pernell McPhee,LB,60,2020
Peter Kalambayi,LB,60,2020
Pita Taumoepenu,LB,60,2020
Porter Gustin,LB,60,2020
Quincy Williams,LB,60,2020
Randy Gregory,LB,60,2020
Randy Ramsey,LB,60,2020
Rashad Smith,LB,60,2020
Ray-Ray Armstrong,LB,60,2020
Reggie Walker,LB,60,2020
Robert Spillane,LB,60,2020
Ron'Dell Carter,LB,60,2020
Ryan Anderson,LB,60,2020
Sam Eguavoen,LB,60,2020
Shaquil Barrett,LB,60,2020
Shaquille Quarterman,LB,60,2020
Sharif Finch,LB,60,2020
Shaun Bradley,LB,60,2020
Shaun Dion Hamilton,LB,60,2020
Sione Takitaki,LB,60,2020
Steven Means,LB,60,2020
T.J. Brunson,LB,60,2020
T.J. Edwards,LB,60,2020
Tae Crowder,LB,60,2020
Tae Davis,LB,60,2020
Tarell Basham,LB,60,2020
Terez Hall,LB,60,2020
Terrance Smith,LB,60,2020
Terrell Lewis,LB,60,2020
Trent Harris,LB,60,2020
Trevis Gipson,LB,60,2020
Trey Flowers,LB,60,2020
Troy Dye,LB,60,2020
Troy Reeder,LB,60,2020
Tuzar Skipper,LB,60,2020
Ty Summers,LB,60,2020
Tyrel Dodson,LB,60,2020
Tyrell Adams,LB,60,2020
Tyus Bowser,LB,60,2020
Uchenna Nwosu,LB,60,2020
Ulysees Gilbert,LB,60,2020
Willie Gay Jr.,LB,60,2020
Wyatt Ray,LB,60,2020
Zack Baun,LB,60,2020
Aaron Brewer,LS,60,2020
Andrew DePaola,LS,60,2020
Austin Cutting,LS,60,2020
Beau Brinkley,LS,60,2020
Blake Ferguson,LS,60,2020
Casey Kreiter,LS,60,2020
Charley Hughlett,LS,60,2020
Clark Harris,LS,60,2020
Cole Mazza,LS,60,2020
Don Muhlbach,LS,60,2020
Hunter Bradley,LS,60,2020
J.J. Jansen,LS,60,2020
Jacob Bobenmoyer,LS,60,2020
James Winchester,LS,60,2020
Jon Weeks,LS,60,2020
Josh Harris,LS,60,2020
Kameron Canaday,LS,60,2020
Kyle Nelson,LS,60,2020
L.P. LaDouceur,LS,60,2020
Luke Rhodes,LS,60,2020
Morgan Cox,LS,60,2020
Nick Sundberg,LS,60,2020
Patrick Scales,LS,60,2020
Reid Ferguson,LS,60,2020
Rick Lovato,LS,60,2020
Ross Matiscik,LS,60,2020
Taybor Pepper,LS,60,2020
Thomas Hennessy,LS,60,2020
Zach Triner,LS,60,2020
Alex Anzalone,MLB,60,2020
Anthony Hitchens,MLB,60,2020
Anthony Walker,MLB,60,2020
B.J. Goodson,MLB,60,2020
Bobby Wagner,MLB,60,2020
Denzel Perryman,MLB,60,2020
Duke Riley,MLB,60,2020
Eric Kendricks,MLB,60,2020
Fred Warner,MLB,60,2020
Hardy Nickerson,MLB,60,2020
Jarrad Davis,MLB,60,2020
Jaylon Smith,MLB,60,2020
Joe Schobert,MLB,60,2020
Jordan Hicks,MLB,60,2020
Kwon Alexander,MLB,60,2020
Kyle Van Noy,MLB,60,2020
Malcolm Smith,MLB,60,2020
Manti Te'o,MLB,60,2020
Myles Jack,MLB,60,2020
Raekwon McMillan,MLB,60,2020
Tremaine Edmunds,MLB,60,2020
Anthony Rush,NT,60,2020
Austin Johnson,NT,60,2020
Brandon Dunn,NT,60,2020
Bryan Mone,NT,60,2020
Daron Payne,NT,60,2020
Derrick Nnadi,NT,60,2020
Domata Peko Sr.,NT,60,2020
Javon Hargrave,NT,60,2020
Kenny Clark,NT,60,2020
Mike Purcell,NT,60,2020
Ndamukong Suh,NT,60,2020
Steve McLendon,NT,60,2020
Xavier Williams,NT,60,2020
Mike Edwards,OL,60,2020
A.J. Klein,OLB,60,2020
Aaron Lynch,OLB,60,2020
Andrew Van Ginkel,OLB,60,2020
Anthony Barr,OLB,60,2020
Barkevious Mingo,OLB,60,2020
Benson Mayowa,OLB,60,2020
Bradley Chubb,OLB,60,2020
Brandon Copeland,OLB,60,2020
Brennan Scarlett,OLB,60,2020
Bryce Hager,OLB,60,2020
Bud Dupree,OLB,60,2020
Christian Jones,OLB,60,2020
Christian Kirksey,OLB,60,2020
Damien Wilson,OLB,60,2020
Darryl Johnson,OLB,60,2020
David Mayo,OLB,60,2020
De'Vondre Campbell,OLB,60,2020
Demario Davis,OLB,60,2020
Devon Kennard,OLB,60,2020
Elandon Roberts,OLB,60,2020
Elijah Lee,OLB,60,2020
Haason Reddick,OLB,60,2020
Jadeveon Clowney,OLB,60,2020
James Burgess,OLB,60,2020
Jamie Collins,OLB,60,2020
Jerome Baker,OLB,60,2020
Joe Thomas,OLB,60,2020
Jordan Evans,OLB,60,2020
Josh Sweat,OLB,60,2020
Justin Houston,OLB,60,2020
K.J. Wright,OLB,60,2020
Kamalei Correa,OLB,60,2020
Kamu Grugier-Hill,OLB,60,2020
Khalil Mack,OLB,60,2020
Kyle Emanuel,OLB,60,2020
Kyzir White,OLB,60,2020
Lavonte David,OLB,60,2020
Leighton Vander Esch,OLB,60,2020
Leon Jacobs,OLB,60,2020
Mark Nzeocha,OLB,60,2020
Matt Milano,OLB,60,2020
Matthew Adams,OLB,60,2020
Matthew Judon,OLB,60,2020
Nick Vigil,OLB,60,2020
Ola Adeniyi,OLB,60,2020
Sean Lee,OLB,60,2020
Shaq Thompson,OLB,60,2020
Shaquem Griffin,OLB,60,2020
Shaquille Leonard,OLB,60,2020
T.J. Watt,OLB,60,2020
Tahir Whitehead,OLB,60,2020
Thomas Davis,OLB,60,2020
Zaire Franklin,OLB,60,2020
Alejandro Villanueva,OT,60,2020
Andrew Thomas,OT,60,2020
Andrew Whitworth,OT,60,2020
Anthony Castonzo,OT,60,2020
Austin Jackson,OT,60,2020
Billy Turner,OT,60,2020
Bobby Hart,OT,60,2020
Bobby Massie,OT,60,2020
Braden Smith,OT,60,2020
Brandon Knight,OT,60,2020
Brandon Parker,OT,60,2020
Brandon Shell,OT,60,2020
Brian O'Neill,OT,60,2020
Cam Robinson,OT,60,2020
Cameron Fleming,OT,60,2020
Cedric Ogbuehi,OT,60,2020
Chad Wheeler,OT,60,2020
Charles Leno Jr.,OT,60,2020
Charlie Heck,OT,60,2020
Chaz Green,OT,60,2020
Chukwuma Okorafor,OT,60,2020
Chuma Edoga,OT,60,2020
Colton McKivitz,OT,60,2020
Conor McDermott,OT,60,2020
D.J. Humphries,OT,60,2020
Dan Skipper,OT,60,2020
Daniel Brunskill,OT,60,2020
Daryl Williams,OT,60,2020
David Bakhtiari,OT,60,2020
David Quessenberry,OT,60,2020
David Sharpe,OT,60,2020
Demar Dotson,OT,60,2020
Dennis Daley,OT,60,2020
Dennis Kelly,OT,60,2020
Dion Dawkins,OT,60,2020
Donovan Smith,OT,60,2020
Duane Brown,OT,60,2020
Elijah Wilkinson,OT,60,2020
Eric Fisher,OT,60,2020
Fred Johnson,OT,60,2020
Garett Bolles,OT,60,2020
George Fant,OT,60,2020
Germain Ifedi,OT,60,2020
Geron Christian,OT,60,2020
Greg Little,OT,60,2020
Hakeem Adeniji,OT,60,2020
Jack Conklin,OT,60,2020
Jack Driscoll,OT,60,2020
Jake Matthews,OT,60,2020
Jamarco Jones,OT,60,2020
Jared Veldheer,OT,60,2020
Jawaan Taylor,OT,60,2020
Jedrick Wills,OT,60,2020
Jerald Hawkins,OT,60,2020
Joe Haeg,OT,60,2020
Joe Noteboom,OT,60,2020
Jonah Williams,OT,60,2020
Jordan Mailata,OT,60,2020
Justin Skule,OT,60,2020
Kaleb McGary,OT,60,2020
Kelvin Beachum,OT,60,2020
Kendall Lamm,OT,60,2020
Kolton Miller,OT,60,2020
Lane Johnson,OT,60,2020
Laremy Tunsil,OT,60,2020
Le'Raven Clark,OT,60,2020
Matt Gono,OT,60,2020
Matt Nelson,OT,60,2020
Matt Pryor,OT,60,2020
Mike McGlinchey,OT,60,2020
Mitchell Schwartz,OT,60,2020
Morgan Moses,OT,60,2020
Orlando Brown,OT,60,2020
Patrick Mekari,OT,60,2020
Rashod Hill,OT,60,2020
Rick Wagner,OT,60,2020
Riley Reiff,OT,60,2020
Rob Havenstein,OT,60,2020
Robert Hunt,OT,60,2020
Roderick Johnson,OT,60,2020
Ronnie Stanley,OT,60,2020
Russell Okung,OT,60,2020
Ryan Bates,OT,60,2020
Ryan Ramczyk,OT,60,2020
Sam Tevi,OT,60,2020
Sam Young,OT,60,2020
Taylor Decker,OT,60,2020
Taylor Moton,OT,60,2020
Terence Steele,OT,60,2020
Terron Armstead,OT,60,2020
Trent Brown,OT,60,2020
Trent Scott,OT,60,2020
Trent Williams,OT,60,2020
Trey Pipkins,OT,60,2020
Tristan Wirfs,OT,60,2020
Ty Sambrailo,OT,60,2020
Tyron Smith,OT,60,2020
Tytus Howard,OT,60,2020
Will Richardson,OT,60,2020
AJ Cole,P,60,2020
Andy Lee,P,60,2020
Braden Mann,P,60,2020
Bradley Pinion,P,60,2020
Brandon Wright,P,60,2020
Brett Kern,P,60,2020
Britton Colquitt,P,60,2020
Bryan Anger,P,60,2020
Cameron Johnston,P,60,2020
Chris Jones,P,60,2020
Corey Bojorquez,P,60,2020
Dustin Colquitt,P,60,2020
Hunter Niswander,P,60,2020
J.K. Scott,P,60,2020
Jack Fox,P,60,2020
Jake Bailey,P,60,2020
Jamie Gillan,P,60,2020
Johnny Hekker,P,60,2020
Johnny Townsend,P,60,2020
Jordan Berry,P,60,2020
Joseph Charlton,P,60,2020
Kevin Huber,P,60,2020
Logan Cooke,P,60,2020
Matt Haack,P,60,2020
Michael Dickson,P,60,2020
Mitch Wishnowsky,P,60,2020
Pat O'Donnell,P,60,2020
Rigoberto Sanchez,P,60,2020
Riley Dixon,P,60,2020
Ryan Allen,P,60,2020
Sam Koch,P,60,2020
Sam Martin,P,60,2020
Sterling Hofrichter,P,60,2020
Thomas Morstead,P,60,2020
Tommy Townsend,P,60,2020
Tress Way,P,60,2020
Trevor Daniel,P,60,2020
Ty Long,P,60,2020
Aaron Rodgers,QB,99,2020
Tom Brady,QB,99,2020
Patrick Mahomes,QB,95,2020
Josh Allen,QB,94,2020
Russell Wilson,QB,92,2020
Ben Roethlisberger,QB,89,2020
Deshaun Watson,QB,88,2020
Kirk Cousins,QB,88,2020
Ryan Tannehill,QB,87,2020
Justin Herbert,QB,86,2020
Baker Mayfield,QB,85,2020
Derek Carr,QB,84,2020
Matt Ryan,QB,84,2020
Philip Rivers,QB,84,2020
Kyler Murray,QB,83,2020
Matthew Stafford,QB,83,2020
Drew Brees,QB,82,2020
Jared Goff,QB,82,2020
Lamar Jackson,QB,81,2020
Teddy Bridgewater,QB,77,2020
Drew Lock,QB,75,2020
Carson Wentz,QB,74,2020
Gardner Minshew,QB,74,2020
Mitchell Trubisky,QB,74,2020
Daniel Jones,QB,73,2020
Joe Burrow,QB,73,2020
Andy Dalton,QB,72,2020
Nick Mullens,QB,72,2020
Ryan Fitzpatrick,QB,72,2020
Cam Newton,QB,71,2020
Nick Foles,QB,70,2020
Sam Darnold,QB,70,2020
Tua Tagovailoa,QB,70,2020
Dak Prescott,QB,69,2020
Alex Smith,QB,67,2020
Dwayne Haskins,QB,66,2020
Jalen Hurts,QB,66,2020
Jimmy Garoppolo,QB,66,2020
Mike Glennon,QB,66,2020
Brandon Allen,QB,65,2020
C.J. Beathard,QB,65,2020
Joe Flacco,QB,65,2020
Kyle Allen,QB,64,2020
Jake Luton,QB,63,2020
Jeff Driskel,QB,63,2020
Brett Rypien,QB,62,2020
Chad Henne,QB,62,2020
Jarrett Stidham,QB,62,2020
Mason Rudolph,QB,62,2020
Taylor Heinicke,QB,62,2020
Ben DiNucci,QB,61,2020
Blaine Gabbert,QB,61,2020
Chase Daniel,QB,61,2020
Chris Streveler,QB,61,2020
Colt McCoy,QB,61,2020
Garrett Gilbert,QB,61,2020
Jameis Winston,QB,61,2020
John Wolford,QB,61,2020
Marcus Mariota,QB,61,2020
Matt Barkley,QB,61,2020
PJ Walker,QB,61,2020
Ryan Finley,QB,61,2020
Trace McSorley,QB,61,2020
Tyrod Taylor,QB,61,2020
AJ McCarron,QB,60,2020
Brian Hoyer,QB,60,2020
Case Keenum,QB,60,2020
David Blough,QB,60,2020
Easton Stick,QB,60,2020
Geno Smith,QB,60,2020
Jacoby Brissett,QB,60,2020
Joe Webb,QB,60,2020
Joshua Dobbs,QB,60,2020
Logan Woodside,QB,60,2020
Matt Schaub,QB,60,2020
Nate Sudfeld,QB,60,2020
Nathan Peterman,QB,60,2020
Robert Griffin III,QB,60,2020
Tim Boyle,QB,60,2020
Tommy Stevens,QB,60,2020
Tyler Bray,QB,60,2020
Tyler Huntley,QB,60,2020
Derrick Henry,RB,99,2020
Dalvin Cook,RB,94,2020
Alvin Kamara,RB,91,2020
Jonathan Taylor,RB,86,2020
Nick Chubb,RB,86,2020
Josh Jacobs,RB,84,2020
Aaron Jones,RB,83,2020
Antonio Gibson,RB,81,2020
Kenyan Drake,RB,81,2020
J.K. Dobbins,RB,80,2020
Melvin Gordon,RB,80,2020
David Montgomery,RB,79,2020
Kareem Hunt,RB,79,2020
James Robinson,RB,78,2020
Ronald Jones,RB,78,2020
Leonard Fournette,RB,77,2020
Todd Gurley,RB,77,2020
Ezekiel Elliott,RB,76,2020
D'Andre Swift,RB,75,2020
James Conner,RB,75,2020
Miles Sanders,RB,75,2020
Adrian Peterson,RB,74,2020
Clyde Edwards-Helaire,RB,74,2020
Gus Edwards,RB,74,2020
Jeff Wilson,RB,74,2020
Chris Carson,RB,73,2020
David Johnson,RB,73,2020
Mike Davis,RB,73,2020
Wayne Gallman,RB,73,2020
Cam Akers,RB,72,2020
Darrell Henderson,RB,72,2020
Latavius Murray,RB,71,2020
Malcolm Brown,RB,70,2020
Devin Singletary,RB,69,2020
Jerick McKinnon,RB,69,2020
Myles Gaskin,RB,69,2020
Tony Pollard,RB,69,2020
Zack Moss,RB,69,2020
Benny Snell,RB,68,2020
Carlos Hyde,RB,68,2020
Christian McCaffrey,RB,68,2020
Damien Harris,RB,68,2020
Frank Gore,RB,68,2020
Nyheim Hines,RB,68,2020
Devontae Booker,RB,67,2020
Giovani Bernard,RB,67,2020
Jamaal Williams,RB,67,2020
Joe Mixon,RB,67,2020
Peyton Barber,RB,67,2020
Raheem Mostert,RB,67,2020
Salvon Ahmed,RB,67,2020
Alexander Mattison,RB,66,2020
Austin Ekeler,RB,66,2020
J.D. McKissic,RB,66,2020
Jordan Howard,RB,66,2020
Kalen Ballage,RB,66,2020
Rex Burkhead,RB,66,2020
Samaje Perine,RB,66,2020
AJ Dillon,RB,65,2020
Brian Hill,RB,65,2020
Chase Edmonds,RB,65,2020
Darrel Williams,RB,65,2020
Joshua Kelley,RB,65,2020
Le'Veon Bell,RB,65,2020
Mark Ingram,RB,65,2020
Phillip Lindsay,RB,65,2020
Sony Michel,RB,65,2020
Boston Scott,RB,64,2020
DeeJay Dallas,RB,64,2020
Dion Lewis,RB,64,2020
James White,RB,64,2020
Jordan Wilkins,RB,64,2020
Josh Adams,RB,64,2020
Kerryon Johnson,RB,64,2020
La'Mical Perine,RB,64,2020
Alex Collins,RB,63,2020
Alfred Morris,RB,63,2020
Antonio Williams,RB,63,2020
Cordarrelle Patterson,RB,63,2020
Devonta Freeman,RB,63,2020
Duke Johnson,RB,63,2020
Ito Smith,RB,63,2020
JaMycal Hasty,RB,63,2020
Jeremy McNichols,RB,63,2020
Rodney Smith,RB,63,2020
Ty Johnson,RB,63,2020
Artavis Pierce,RB,62,2020
Corey Clement,RB,62,2020
Darwin Thompson,RB,62,2020
Jalen Richard,RB,62,2020
Justin Jackson,RB,62,2020
Matt Breida,RB,62,2020
Mike Boone,RB,62,2020
Anthony McFarland,RB,61,2020
Buddy Howell,RB,61,2020
D'Ernest Johnson,RB,61,2020
D'Onta Foreman,RB,61,2020
Dare Ogunbowale,RB,61,2020
DeAndre Washington,RB,61,2020
J.J. Taylor,RB,61,2020
Ke'Shawn Vaughn,RB,61,2020
Patrick Laird,RB,61,2020
Reggie Bonnafon,RB,61,2020
Royce Freeman,RB,61,2020
T.J. Yeldon,RB,61,2020
Tarik Cohen,RB,61,2020
Travis Homer,RB,61,2020
Trayveon Williams,RB,61,2020
Troymaine Pope,RB,61,2020
Tyler Ervin,RB,61,2020
Adrian Killins Jr.,RB,60,2020
Alex Armah,RB,60,2020
Ameer Abdullah,RB,60,2020
Austin Walter,RB,60,2020
Bo Scarbrough,RB,60,2020
C.J. Prosise,RB,60,2020
Chris Thompson,RB,60,2020
Craig Reynolds,RB,60,2020
Cullen Gillaspia,RB,60,2020
D.J. Foster,RB,60,2020
Darrynton Evans,RB,60,2020
Devine Ozigbo,RB,60,2020
Dexter Williams,RB,60,2020
Dontrell Hilliard,RB,60,2020
Dwayne Washington,RB,60,2020
Jakob Johnson,RB,60,2020
Jason Huntley,RB,60,2020
Jaylen Samuels,RB,60,2020
Jonathan Ward,RB,60,2020
Jonathan Williams,RB,60,2020
Justice Hill,RB,60,2020
Kenjon Barner,RB,60,2020
Lamar Miller,RB,60,2020
LeSean McCoy,RB,60,2020
Levante Bellamy,RB,60,2020
Malcolm Perry,RB,60,2020
Marlon Mack,RB,60,2020
Nathan Cottrell,RB,60,2020
Qadree Ollison,RB,60,2020
Rashaad Penny,RB,60,2020
Raymond Calais,RB,60,2020
Rico Dowdle,RB,60,2020
Ryan Nall,RB,60,2020
Saquon Barkley,RB,60,2020
Scottie Phillips,RB,60,2020
Senorise Perry,RB,60,2020
Sewo Olonilua,RB,60,2020
Taiwan Jones,RB,60,2020
Tevin Coleman,RB,60,2020
Theo Riddick,RB,60,2020
Tony Brooks-James,RB,60,2020
Tony Jones,RB,60,2020
Trenton Cannon,RB,60,2020
Trey Edmunds,RB,60,2020
Xavier Jones,RB,60,2020
Adrian Amos,S,60,2020
Bradley McDougald,S,60,2020
Budda Baker,S,60,2020
Damarious Randall,S,60,2020
Damontae Kazee,S,60,2020
Daryl Worley,S,60,2020
Dean Marlowe,S,60,2020
Duron Harmon,S,60,2020
Eric Murray,S,60,2020
George Iloka,S,60,2020
Jahleel Addae,S,60,2020
Jaquiski Tartt,S,60,2020
Jason McCourty,S,60,2020
Jayron Kearse,S,60,2020
Jeff Heath,S,60,2020
Josh Jones,S,60,2020
JuJu Hughes,S,60,2020
Justin Reid,S,60,2020
Kareem Jackson,S,60,2020
Keanu Neal,S,60,2020
Kenny Vaccaro,S,60,2020
Khari Willis,S,60,2020
Lamarcus Joyner,S,60,2020
Malcolm Jenkins,S,60,2020
Marcus Gilchrist,S,60,2020
Micah Hyde,S,60,2020
P.J. Williams,S,60,2020
Quandre Diggs,S,60,2020
Saivion Smith,S,60,2020
Sharrod Neasman,S,60,2020
Shawn Williams,S,60,2020
Terrell Edmunds,S,60,2020
Vonn Bell,S,60,2020
Will Parks,S,60,2020
Alijah Holder,SAF,60,2020
Alohi Gilman,SAF,60,2020
Amani Hooker,SAF,60,2020
Andrew Wingard,SAF,60,2020
Antoine Brooks Jr.,SAF,60,2020
Antoine Winfield Jr.,SAF,60,2020
Ashtyn Davis,SAF,60,2020
Bennett Jackson,SAF,60,2020
Brandon Jones,SAF,60,2020
C.J. Gardner-Johnson,SAF,60,2020
Daniel Thomas,SAF,60,2020
Darnell Savage,SAF,60,2020
DeShon Elliott,SAF,60,2020
Deionte Thompson,SAF,60,2020
Deon Bush,SAF,60,2020
Donovan Wilson,SAF,60,2020
Grayland Arnold,SAF,60,2020
Henry Black,SAF,60,2020
Isaiah Oliver,SAF,60,2020
J.R. Reed,SAF,60,2020
Jalen Thompson,SAF,60,2020
Jared Mayden,SAF,60,2020
Jaylinn Hawkins,SAF,60,2020
Jeremy Chinn,SAF,60,2020
Jeremy Reaves,SAF,60,2020
Jimmie Ward,SAF,60,2020
Jordan Dangerfield,SAF,60,2020
Jordan Fuller,SAF,60,2020
Josh Metellus,SAF,60,2020
Jovante Moffatt,SAF,60,2020
Juan Thornhill,SAF,60,2020
Julian Blackmon,SAF,60,2020
Julian Love,SAF,60,2020
K'Von Wallace,SAF,60,2020
Kam Curl,SAF,60,2020
Kenny Robinson,SAF,60,2020
Kyle Dugger,SAF,60,2020
Lano Hill,SAF,60,2020
Lonnie Johnson,SAF,60,2020
M.J. Stewart,SAF,60,2020
Marcus Epps,SAF,60,2020
Miles Killebrew,SAF,60,2020
Nick Scott,SAF,60,2020
P.J. Locke,SAF,60,2020
Raven Greene,SAF,60,2020
Rayshawn Jenkins,SAF,60,2020
Sam Franklin Jr.,SAF,60,2020
Tavierre Thomas,SAF,60,2020
Taylor Rapp,SAF,60,2020
Terrell Burgess,SAF,60,2020
Will Harris,SAF,60,2020
Xavier McKinney,SAF,60,2020
Travis Kelce,TE,99,2020
Darren Waller,TE,86,2020
Robert Tonyan,TE,85,2020
Rob Gronkowski,TE,81,2020
Jimmy Graham,TE,79,2020
Mark Andrews,TE,78,2020
Jared Cook,TE,77,2020
Jonnu Smith,TE,77,2020
Logan Thomas,TE,77,2020
Mike Gesicki,TE,76,2020
T.J. Hockenson,TE,76,2020
Eric Ebron,TE,75,2020
Hayden Hurst,TE,75,2020
Austin Hooper,TE,73,2020
Tyler Higbee,TE,73,2020
Dalton Schultz,TE,72,2020
Hunter Henry,TE,72,2020
Dawson Knox,TE,71,2020
Irv Smith,TE,71,2020
Noah Fant,TE,71,2020
Dallas Goedert,TE,70,2020
Dan Arnold,TE,70,2020
Cameron Brate,TE,69,2020
Darren Fells,TE,69,2020
George Kittle,TE,69,2020
Jack Doyle,TE,69,2020
Jordan Reed,TE,69,2020
Evan Engram,TE,68,2020
Chris Herndon,TE,67,2020
Harrison Bryant,TE,67,2020
Jacob Hollister,TE,67,2020
Mo Alie-Cox,TE,67,2020
Trey Burton,TE,67,2020
Adam Shaheen,TE,66,2020
Anthony Firkser,TE,66,2020
Cole Kmet,TE,66,2020
David Njoku,TE,66,2020
Donald Parham,TE,66,2020
Gerald Everett,TE,66,2020
Marcedes Lewis,TE,66,2020
N'Keal Harry,TE,66,2020
Richard Rodgers,TE,66,2020
Tyler Eifert,TE,66,2020
Tyler Kroft,TE,66,2020
Will Dissly,TE,66,2020
Drew Sample,TE,65,2020
Durham Smythe,TE,65,2020
Jordan Akins,TE,65,2020
Kyle Rudolph,TE,65,2020
O.J. Howard,TE,65,2020
Pharaoh Brown,TE,65,2020
Zach Ertz,TE,65,2020
Foster Moreau,TE,64,2020
Greg Olsen,TE,64,2020
Jason Witten,TE,64,2020
Jesse James,TE,64,2020
MyCole Pruitt,TE,64,2020
Nick Boyle,TE,64,2020
Ross Dwelley,TE,64,2020
Adam Trautman,TE,63,2020
Albert Okwuegbunam,TE,63,2020
Ian Thomas,TE,63,2020
Jace Sternberger,TE,63,2020
Lee Smith,TE,63,2020
Maxx Williams,TE,63,2020
Taysom Hill,TE,63,2020
Tyler Conklin,TE,63,2020
C.J. Uzomah,TE,62,2020
Colin Thompson,TE,62,2020
Darrell Daniels,TE,62,2020
Devin Asiasi,TE,62,2020
Dominique Dafney,TE,62,2020
Geoff Swaim,TE,62,2020
James O'Shaughnessy,TE,62,2020
Jason Croom,TE,62,2020
Josh Hill,TE,62,2020
Nick Vannett,TE,62,2020
Ryan Izzo,TE,62,2020
Troy Fumagalli,TE,62,2020
Virgil Green,TE,62,2020
Blake Bell,TE,61,2020
Cethan Carter,TE,61,2020
Johnny Mundt,TE,61,2020
Kaden Smith,TE,61,2020
Luke Stocker,TE,61,2020
Nick Keizer,TE,61,2020
Ryan Griffin,TE,61,2020
Stephen Anderson,TE,61,2020
Vance McDonald,TE,61,2020
Antony Auclair,TE,60,2020
Ben Ellefson,TE,60,2020
Blake Jarwin,TE,60,2020
Brandon Dillon,TE,60,2020
Caleb Wilson,TE,60,2020
Charlie Woerner,TE,60,2020
Chris Manhertz,TE,60,2020
Colby Parkinson,TE,60,2020
Dalton Keene,TE,60,2020
Daniel Brown,TE,60,2020
Demetrius Harris,TE,60,2020
Deon Yelder,TE,60,2020
Derek Carrier,TE,60,2020
Eric Saubert,TE,60,2020
Eric Tomlinson,TE,60,2020
Hakeem Butler,TE,60,2020
Hunter Bryant,TE,60,2020
Isaac Nauta,TE,60,2020
J.P. Holtz,TE,60,2020
Jaeden Graham,TE,60,2020
Jake Butt,TE,60,2020
Jeremy Sprinkle,TE,60,2020
Josiah Deguara,TE,60,2020
Juwan Johnson,TE,60,2020
Kahale Warring,TE,60,2020
Kevin Rader,TE,60,2020
Lawrence Cager,TE,60,2020
Levine Toilolo,TE,60,2020
Luke Willson,TE,60,2020
Marcus Baugh,TE,60,2020
Mason Schreck,TE,60,2020
Matt Sokol,TE,60,2020
Noah Togiai,TE,60,2020
Ricky Seals-Jones,TE,60,2020
Sean McKeon,TE,60,2020
Seth DeValve,TE,60,2020
Stephen Carlson,TE,60,2020
Stephen Sullivan,TE,60,2020
Tanner Hudson,TE,60,2020
Temarrick Hemingway,TE,60,2020
Trevon Wesco,TE,60,2020
Tyler Davis,TE,60,2020
Davante Adams,WR,99,2020
Tyreek Hill,WR,93,2020
Mike Evans,WR,90,2020
Stefon Diggs,WR,88,2020
DK Metcalf,WR,87,2020
Adam Thielen,WR,86,2020
A.J. Brown,WR,85,2020
Calvin Ridley,WR,83,2020
Chase Claypool,WR,82,2020
Tyler Lockett,WR,82,2020
JuJu Smith-Schuster,WR,81,2020
Justin Jefferson,WR,81,2020
Marvin Jones,WR,80,2020
Allen Robinson,WR,79,2020
Chris Godwin Jr.,WR,79,2020
DeAndre Hopkins,WR,79,2020
Keenan Allen,WR,79,2020
Marquise Brown,WR,79,2020
Diontae Johnson,WR,78,2020
Nelson Agholor,WR,78,2020
Robert Woods,WR,78,2020
Will Fuller,WR,78,2020
Brandin Cooks,WR,77,2020
Amari Cooper,WR,76,2020
Marquez Valdes-Scantling,WR,76,2020
Corey Davis,WR,75,2020
DJ Moore,WR,75,2020
Gabe Davis,WR,75,2020
Tee Higgins,WR,75,2020
Terry McLaurin,WR,75,2020
CeeDee Lamb,WR,74,2020
Cole Beasley,WR,74,2020
Jamison Crowder,WR,74,2020
Jarvis Landry,WR,74,2020
Michael Gallup,WR,74,2020
Tim Patrick,WR,74,2020
Antonio Brown,WR,73,2020
Brandon Aiyuk,WR,73,2020
Christian Kirk,WR,73,2020
Cooper Kupp,WR,73,2020
Emmanuel Sanders,WR,73,2020
Mike Williams,WR,73,2020
Robbie Chosen,WR,73,2020
T.Y. Hilton,WR,73,2020
Zach Pascal,WR,73,2020
DJ Chark,WR,72,2020
DeVante Parker,WR,72,2020
Keelan Cole,WR,72,2020
Laviska Shenault Jr.,WR,72,2020
Mecole Hardman,WR,72,2020
Russell Gage,WR,72,2020
Tre'Quan Smith,WR,72,2020
Tyler Boyd,WR,72,2020
Curtis Samuel,WR,71,2020
David Moore,WR,71,2020
Greg Ward,WR,71,2020
Jerry Jeudy,WR,71,2020
Rashard Higgins,WR,71,2020
Allen Lazard,WR,70,2020
Darius Slayton,WR,70,2020
Darnell Mooney,WR,70,2020
Isaiah McKenzie,WR,70,2020
James Washington,WR,70,2020
Julio Jones,WR,70,2020
Scott Miller,WR,70,2020
Travis Fulgham,WR,70,2020
Sterling Shepard,WR,69,2020
Breshad Perriman,WR,68,2020
Demarcus Robinson,WR,68,2020
Hunter Renfrow,WR,68,2020
Jalen Guyton,WR,68,2020
John Brown,WR,68,2020
Josh Reynolds,WR,68,2020
Kendrick Bourne,WR,68,2020
Miles Boykin,WR,68,2020
Preston Williams,WR,68,2020
Randall Cobb,WR,68,2020
Willie Snead,WR,68,2020
A.J. Green,WR,67,2020
Anthony Miller,WR,67,2020
Braxton Berrios,WR,67,2020
KJ Hamler,WR,67,2020
Keke Coutee,WR,67,2020
Odell Beckham Jr.,WR,67,2020
Tyron Johnson,WR,67,2020
Cam Sims,WR,66,2020
Chris Conley,WR,66,2020
Damiere Byrd,WR,66,2020
Golden Tate,WR,66,2020
Henry Ruggs III,WR,66,2020
Jakobi Meyers,WR,66,2020
Michael Pittman,WR,66,2020
Sammy Watkins,WR,66,2020
Adam Humphries,WR,65,2020
Collin Johnson,WR,65,2020
DaeSean Hamilton,WR,65,2020
Danny Amendola,WR,65,2020
Donovan Peoples-Jones,WR,65,2020
Jalen Reagor,WR,65,2020
Kenny Golladay,WR,65,2020
Larry Fitzgerald,WR,65,2020
Marvin Hall,WR,65,2020
Michael Thomas,WR,65,2020
Quintez Cephus,WR,65,2020
Richie James,WR,65,2020
Steven Sims,WR,65,2020
Van Jefferson,WR,65,2020
Andy Isabella,WR,64,2020
Cedrick Wilson Jr.,WR,64,2020
Chad Beebe,WR,64,2020
Deebo Samuel Sr.,WR,64,2020
Deonte Harty,WR,64,2020
Dontrelle Inman,WR,64,2020
Freddie Swain,WR,64,2020
Jakeem Grant,WR,64,2020
Olamide Zaccheaus,WR,64,2020
Tyler Johnson,WR,64,2020
Brandon Powell,WR,63,2020
Bryan Edwards,WR,63,2020
Byron Pringle,WR,63,2020
Chad Hansen,WR,63,2020
DeSean Jackson,WR,63,2020
Denzel Mims,WR,63,2020
Dez Bryant,WR,63,2020
Equanimeous St. Brown,WR,63,2020
Julian Edelman,WR,63,2020
Kenny Stills,WR,63,2020
Laquon Treadwell,WR,63,2020
Mack Hollins,WR,63,2020
Mohamed Sanu,WR,63,2020
Zay Jones,WR,63,2020
Alshon Jeffery,WR,62,2020
Austin Carr,WR,62,2020
Bisi Johnson,WR,62,2020
Cameron Batson,WR,62,2020
Dante Pettis,WR,62,2020
Devin Duvernay,WR,62,2020
Gunner Olszewski,WR,62,2020
Isaiah Ford,WR,62,2020
Isaiah Wright,WR,62,2020
Jake Kumerow,WR,62,2020
Javon Wims,WR,62,2020
Kalif Raymond,WR,62,2020
Lil'Jordan Humphrey,WR,62,2020
Lynn Bowden,WR,62,2020
Malik Taylor,WR,62,2020
Marcus Johnson,WR,62,2020
Marquez Callaway,WR,62,2020
Mike Thomas,WR,62,2020
Quez Watkins,WR,62,2020
Alex Erickson,WR,61,2020
Auden Tate,WR,61,2020
Austin Mack,WR,61,2020
C.J. Board,WR,61,2020
Chris Hogan,WR,61,2020
Christian Blake,WR,61,2020
Courtland Sutton,WR,61,2020
Damion Ratley,WR,61,2020
De'Michael Harris,WR,61,2020
J.J. Arcega-Whiteside,WR,61,2020
Jamal Agnew,WR,61,2020
Jeff Smith,WR,61,2020
John Hightower,WR,61,2020
Justin Watson,WR,61,2020
K.J. Hill,WR,61,2020
KeeSean Johnson,WR,61,2020
KhaDarel Hodge,WR,61,2020
Noah Brown,WR,61,2020
Parris Campbell,WR,61,2020
Pharoh Cooper,WR,61,2020
Ray-Ray McCloud,WR,61,2020
Riley Ridley,WR,61,2020
Trent Taylor,WR,61,2020
Tyrie Cleveland,WR,61,2020
Andre Roberts,WR,60,2020
Antonio Callaway,WR,60,2020
Antonio Gandy-Golden,WR,60,2020
Ashton Dulin,WR,60,2020
Bennie Fowler,WR,60,2020
Brandon Zylstra,WR,60,2020
Chris Moore,WR,60,2020
Chris Rowland,WR,60,2020
Cody Hollister,WR,60,2020
Cyril Grayson,WR,60,2020
Dan Chisena,WR,60,2020
Darrius Shepherd,WR,60,2020
Daurice Fountain,WR,60,2020
DeAndre Carter,WR,60,2020
Dede Westbrook,WR,60,2020
Deontay Burnett,WR,60,2020
Diontae Spencer,WR,60,2020
Donte Moncrief,WR,60,2020
Dwayne Harris,WR,60,2020
Gehrig Dieter,WR,60,2020
Isaiah Zuber,WR,60,2020
Ja'Marcus Bradley,WR,60,2020
Jaleel Scott,WR,60,2020
James Proche,WR,60,2020
Jaydon Mickens,WR,60,2020
Jeff Badet,WR,60,2020
JoJo Natson,WR,60,2020
Joe Reed,WR,60,2020
John Ross,WR,60,2020
Josh Malone,WR,60,2020
K.J. Osborn,WR,60,2020
Keith Kirkwood,WR,60,2020
Kendall Hinton,WR,60,2020
Kevin White,WR,60,2020
Malik Turner,WR,60,2020
Marcus Kemp,WR,60,2020
Matt Cole,WR,60,2020
Matthew Slater,WR,60,2020
Nick Westbrook-Ikhine,WR,60,2020
Nsimba Webster,WR,60,2020
Penny Hart,WR,60,2020
Rico Gafford,WR,60,2020
River Cracraft,WR,60,2020
Robert Foster,WR,60,2020
Seth Roberts,WR,60,2020
Stanley Morgan,WR,60,2020
Steven Mitchell,WR,60,2020
Tajae Sharpe,WR,60,2020
Tavon Austin,WR,60,2020
Taywan Taylor,WR,60,2020
Ted Ginn,WR,60,2020
Terry Godwin,WR,60,2020
Tommylee Lewis,WR,60,2020
Trent Sherfield,WR,60,2020
Trenton Irwin,WR,60,2020
Trey Quinn,WR,60,2020
Ty Montgomery,WR,60,2020
Vyncint Smith,WR,60,2020
Aaron Brewer,C,60,2021
Alex Mack,C,60,2021
Andre James,C,60,2021
Austin Corbett,C,60,2021
Austin Reiter,C,60,2021
Ben Jones,C,60,2021
Billy Price,C,60,2021
Bradley Bozeman,C,60,2021
Brandon Linder,C,60,2021
Brian Allen,C,60,2021
Chase Roullier,C,60,2021
Connor McGovern,C,60,2021
Connor Williams,C,60,2021
Corey Linsley,C,60,2021
Creed Humphrey,C,60,2021
Danny Pinter,C,60,2021
David Andrews,C,60,2021
Drew Dalman,C,60,2021
Elgton Jenkins,C,60,2021
Erik McCoy,C,60,2021
Ethan Pocic,C,60,2021
Garrett Bradbury,C,60,2021
Graham Glasgow,C,60,2021
JC Tretter,C,60,2021
James Ferentz,C,60,2021
Jason Kelce,C,60,2021
Jimmy Morrissey,C,60,2021
Josh Andrews,C,60,2021
Josh Myers,C,60,2021
Justin Britt,C,60,2021
Keith Ismael,C,60,2021
Lloyd Cushenberry III,C,60,2021
Mason Cole,C,60,2021
Matt Hennessy,C,60,2021
Matt Paradis,C,60,2021
Matt Skura,C,60,2021
Michael Deiter,C,60,2021
Mitch Morse,C,60,2021
Nick Harris,C,60,2021
Nick Martin,C,60,2021
Pat Elflein,C,60,2021
Rodney Hudson,C,60,2021
Ryan Jensen,C,60,2021
Ryan Kelly,C,60,2021
Ryan McCollum,C,60,2021
Sam Mustipher,C,60,2021
Scott Quessenberry,C,60,2021
Sean Harlow,C,60,2021
Ted Karras,C,60,2021
Trey Hill,C,60,2021
Trey Hopkins,C,60,2021
Trystan Colon,C,60,2021
Tyler Biadasz,C,60,2021
Tyler Shatley,C,60,2021
Will Clapp,C,60,2021
A.J. Bouye,CB,60,2021
A.J. Green,CB,60,2021
A.J. Terrell,CB,60,2021
AJ Parker,CB,60,2021
Aaron Robinson,CB,60,2021
Adoree' Jackson,CB,60,2021
Ahkello Witherspoon,CB,60,2021
Amani Oruwariye,CB,60,2021
Ambry Thomas,CB,60,2021
Amik Robertson,CB,60,2021
Anthony Averett,CB,60,2021
Anthony Brown,CB,60,2021
Anthony Chesley,CB,60,2021
Antonio Hamilton,CB,60,2021
Arthur Maulet,CB,60,2021
Artie Burns,CB,60,2021
Asante Samuel Jr.,CB,60,2021
Avonte Maddox,CB,60,2021
Bashaud Breeland,CB,60,2021
Benjamin St-Juste,CB,60,2021
Bobby McCain,CB,60,2021
Bopete Keyes,CB,60,2021
Bradley Roby,CB,60,2021
Brandin Echols,CB,60,2021
Brandon Stephens,CB,60,2021
Breon Borders,CB,60,2021
Bryce Callahan,CB,60,2021
Bryce Hall,CB,60,2021
Buster Skrine,CB,60,2021
Byron Jones,CB,60,2021
Byron Murphy,CB,60,2021
C.J. Goodwin,CB,60,2021
C.J. Henderson,CB,60,2021
Caleb Farley,CB,60,2021
Cam Lewis,CB,60,2021
Cameron Dantzler,CB,60,2021
Cameron Sutton,CB,60,2021
Carlton Davis III,CB,60,2021
Casey Hayward,CB,60,2021
Charvarius Ward,CB,60,2021
Chidobe Awuzie,CB,60,2021
Chris Claybrooks,CB,60,2021
Chris Harris,CB,60,2021
Chris Milton,CB,60,2021
Chris Westry,CB,60,2021
Chris Williamson,CB,60,2021
Corn Elder,CB,60,2021
D'Angelo Ross,CB,60,2021
D.J. Reed,CB,60,2021
Damon Arnette,CB,60,2021
Dane Jackson,CB,60,2021
Darious Williams,CB,60,2021
Darius Phillips,CB,60,2021
Darius Slay,CB,60,2021
Darnay Holmes,CB,60,2021
Darren Hall,CB,60,2021
Darryl Roberts,CB,60,2021
Daryl Worley,CB,60,2021
Davontae Harris,CB,60,2021
Deandre Baker,CB,60,2021
Denzel Ward,CB,60,2021
Deommodore Lenoir,CB,60,2021
Desmond Trufant,CB,60,2021
Dicaprio Bootle,CB,60,2021
Donte Jackson,CB,60,2021
Donte' Deayon,CB,60,2021
Dre Kirkpatrick,CB,60,2021
Duke Shelley,CB,60,2021
Eli Apple,CB,60,2021
Elijah Molden,CB,60,2021
Eric Rowe,CB,60,2021
Eric Stokes,CB,60,2021
Fabian Moreau,CB,60,2021
Greedy Williams,CB,60,2021
Greg Mabin,CB,60,2021
Greg Newsome II,CB,60,2021
Harrison Hand,CB,60,2021
Herb Miller,CB,60,2021
Isaac Yiadom,CB,60,2021
Isaiah Dunn,CB,60,2021
Isaiah Rodgers,CB,60,2021
Jace Whittaker,CB,60,2021
Jaire Alexander,CB,60,2021
Jalen Davis,CB,60,2021
Jalen Mills,CB,60,2021
Jalen Ramsey,CB,60,2021
Jamel Dean,CB,60,2021
James Bradberry,CB,60,2021
James Pierre,CB,60,2021
Janoris Jenkins,CB,60,2021
Jarren Williams,CB,60,2021
Javaris Davis,CB,60,2021
Javelin Guidry,CB,60,2021
Jaycee Horn,CB,60,2021
Jaylon Johnson,CB,60,2021
Jeff Okudah,CB,60,2021
Jerry Jacobs,CB,60,2021
Jimmy Moreland,CB,60,2021
Jimmy Smith,CB,60,2021
Joe Haden,CB,60,2021
Joejuan Williams,CB,60,2021
John Reid,CB,60,2021
Jomal Wiltz,CB,60,2021
Jonathan Jones,CB,60,2021
Josh Jackson,CB,60,2021
Josh Norman,CB,60,2021
Josiah Scott,CB,60,2021
Jourdan Lewis,CB,60,2021
Justin Bethel,CB,60,2021
Justin Coleman,CB,60,2021
Justin Layne,CB,60,2021
Kary Vincent Jr.,CB,60,2021
KeiVarae Russell,CB,60,2021
Keisean Nixon,CB,60,2021
Keith Taylor,CB,60,2021
Kelvin Joseph,CB,60,2021
Ken Crawley,CB,60,2021
Kendall Fuller,CB,60,2021
Kenny Moore II,CB,60,2021
Kevin King,CB,60,2021
Kevin Peterson,CB,60,2021
Kevon Seymour,CB,60,2021
Kindle Vildor,CB,60,2021
Kiondre Thomas,CB,60,2021
Kris Boyd,CB,60,2021
Kristian Fulton,CB,60,2021
Kyle Fuller,CB,60,2021
L'Jarius Sneed,CB,60,2021
Logan Ryan,CB,60,2021
Mac McCain III,CB,60,2021
Mackensie Alexander,CB,60,2021
Marco Wilson,CB,60,2021
Mark Gilbert,CB,60,2021
Marlon Humphrey,CB,60,2021
Marshon Lattimore,CB,60,2021
Maurice Canady,CB,60,2021
Michael Carter II,CB,60,2021
Michael Davis,CB,60,2021
Michael Ojemudia,CB,60,2021
Mike Ford,CB,60,2021
Mike Hilton,CB,60,2021
Mike Hughes,CB,60,2021
Mike Jackson,CB,60,2021
Myles Bryant,CB,60,2021
Nahshon Wright,CB,60,2021
Nate Hairston,CB,60,2021
Nate Hobbs,CB,60,2021
Nevin Lawson,CB,60,2021
Noah Igbinoghene,CB,60,2021
Parry Nickerson,CB,60,2021
Pat Surtain II,CB,60,2021
Patrick Peterson,CB,60,2021
Paulson Adebo,CB,60,2021
Pierre Desir,CB,60,2021
Rachad Wildgoose,CB,60,2021
Rashaan Melvin,CB,60,2021
Rashad Fenton,CB,60,2021
Rashard Robinson,CB,60,2021
Rasul Douglas,CB,60,2021
Richard Sherman,CB,60,2021
Robert Alford,CB,60,2021
Robert Rochell,CB,60,2021
Rock Ya-Sin,CB,60,2021
Rodarius Williams,CB,60,2021
Ronald Darby,CB,60,2021
Ross Cockrell,CB,60,2021
Ryan Smith,CB,60,2021
Sean Murphy-Bunting,CB,60,2021
Shaquill Griffin,CB,60,2021
Shaun Wade,CB,60,2021
Shemar Jean-Charles,CB,60,2021
Sidney Jones,CB,60,2021
Siran Neal,CB,60,2021
Stantley Thomas-Oliver,CB,60,2021
Stephon Gilmore,CB,60,2021
Steven Nelson,CB,60,2021
Taron Johnson,CB,60,2021
Tavon Young,CB,60,2021
Tay Gowan,CB,60,2021
Teez Tabor,CB,60,2021
Terrance Mitchell,CB,60,2021
Thomas Graham Jr.,CB,60,2021
Tim Harris,CB,60,2021
Torry McTyer,CB,60,2021
Trae Waynes,CB,60,2021
Trayvon Mullen,CB,60,2021
Tre Brown,CB,60,2021
Tre Flowers,CB,60,2021
Tre Herndon,CB,60,2021
Tre Norwood,CB,60,2021
Tre'Davious White,CB,60,2021
Tremon Smith,CB,60,2021
Trevon Diggs,CB,60,2021
Troy Hill,CB,60,2021
Tye Smith,CB,60,2021
Tyson Campbell,CB,60,2021
Ugo Amadi,CB,60,2021
Vernon Hargreaves III,CB,60,2021
William Jackson,CB,60,2021
Xavien Howard,CB,60,2021
Xavier Rhodes,CB,60,2021
Zech McPhearson,CB,60,2021
A.J. Moore,DB,60,2021
Adrian Phillips,DB,60,2021
Andre Chachere,DB,60,2021
Andrew Adams,DB,60,2021
Anthony Harris,DB,60,2021
Anthony Levine,DB,60,2021
Armani Watts,DB,60,2021
Blessuan Austin,DB,60,2021
Bobby Price,DB,60,2021
Brandon Facyson,DB,60,2021
Brandon Rusnak,DB,60,2021
Brandon Wilson,DB,60,2021
C.J. Moore,DB,60,2021
Chandon Sullivan,DB,60,2021
Charles Washington,DB,60,2021
Chris Banjo,DB,60,2021
Chris Jackson,DB,60,2021
Chris Jones,DB,60,2021
Chris Lammons,DB,60,2021
Chuck Clark,DB,60,2021
Clayton Fejedelem,DB,60,2021
Cody Davis,DB,60,2021
Corey Ballentine,DB,60,2021
Dallin Leavitt,DB,60,2021
Dane Cruikshank,DB,60,2021
Daniel Sorensen,DB,60,2021
Danny Johnson,DB,60,2021
Darian Thompson,DB,60,2021
Darqueze Dennard,DB,60,2021
David Long,DB,60,2021
DeAndre Houston-Carson,DB,60,2021
Dee Delaney,DB,60,2021
Dee Virgin,DB,60,2021
Deshazor Everett,DB,60,2021
Desmond King,DB,60,2021
Dontae Johnson,DB,60,2021
Elijah Campbell,DB,60,2021
Elijah Riley,DB,60,2021
Emmanuel Moseley,DB,60,2021
Essang Bassey,DB,60,2021
Gavin Heslop,DB,60,2021
George Odum,DB,60,2021
Grant Haley,DB,60,2021
J.C. Jackson,DB,60,2021
J.T. Gray,DB,60,2021
Jalen Elliott,DB,60,2021
Jaquan Johnson,DB,60,2021
Jason Verrett,DB,60,2021
Javin White,DB,60,2021
John Johnson,DB,60,2021
Johnathan Abram,DB,60,2021
Jonathan Owens,DB,60,2021
Justin Hardee,DB,60,2021
K'Waun Williams,DB,60,2021
Kai Nacua,DB,60,2021
Kareem Orr,DB,60,2021
Keion Crossen,DB,60,2021
Kemon Hall,DB,60,2021
Kendall Sheffield,DB,60,2021
Levi Wallace,DB,60,2021
Marcell Harris,DB,60,2021
Marqui Christian,DB,60,2021
Marquise Blair,DB,60,2021
Matthias Farley,DB,60,2021
Michael Thomas,DB,60,2021
Nate Ebner,DB,60,2021
Nickell Robey-Coleman,DB,60,2021
Nigel Warrior,DB,60,2021
Nik Needham,DB,60,2021
Robert Jackson,DB,60,2021
Roderic Teamer,DB,60,2021
Ryan Neal,DB,60,2021
Sam Beal,DB,60,2021
Sean Chandler,DB,60,2021
Sheldrick Redwine,DB,60,2021
Steven Parker,DB,60,2021
T.J. Carrie,DB,60,2021
T.J. Green,DB,60,2021
Tevaughn Campbell,DB,60,2021
Tracy Walker III,DB,60,2021
Trayvon Henderson,DB,60,2021
Trey Marshall,DB,60,2021
Troy Apke,DB,60,2021
Vernon Scott,DB,60,2021
Xavier Crawford,DB,60,2021
A'Shawn Robinson,DE,60,2021
A.J. Epenesa,DE,60,2021
Adam Gotsis,DE,60,2021
Akiem Hicks,DE,60,2021
Al-Quadin Muhammad,DE,60,2021
Alex Okafor,DE,60,2021
Amani Bledsoe,DE,60,2021
Angelo Blackson,DE,60,2021
Austin Bryant,DE,60,2021
Azur Kamara,DE,60,2021
B.J. Hill,DE,60,2021
Ben Banogu,DE,60,2021
Benning Potoa'e,DE,60,2021
Bradlee Anae,DE,60,2021
Brandon Graham,DE,60,2021
Brandon Williams,DE,60,2021
Brent Urban,DE,60,2021
Bryce Huff,DE,60,2021
Bunmi Rotimi,DE,60,2021
Calais Campbell,DE,60,2021
Cameron Jordan,DE,60,2021
Cameron Malveaux,DE,60,2021
Cameron Sample,DE,60,2021
Carl Granderson,DE,60,2021
Carlos Dunlap,DE,60,2021
Carlos Watkins,DE,60,2021
Casey Toohill,DE,60,2021
Chandler Jones,DE,60,2021
Charles Omenihu,DE,60,2021
Chase Winovich,DE,60,2021
Chase Young,DE,60,2021
Chauncey Golston,DE,60,2021
Chris Jones,DE,60,2021
Chris Rumph II,DE,60,2021
Christian Covington,DE,60,2021
Christian Ringo,DE,60,2021
Clelin Ferrell,DE,60,2021
Corey Peters,DE,60,2021
Curtis Weaver,DE,60,2021
DJ Reader,DE,60,2021
Da'Shawn Hand,DE,60,2021
Dalvin Tomlinson,DE,60,2021
Danielle Hunter,DE,60,2021
Dante Fowler Jr.,DE,60,2021
Darrell Taylor,DE,60,2021
Dawuane Smoot,DE,60,2021
Dayo Odeyingbo,DE,60,2021
DeMarcus Walker,DE,60,2021
DeShawn Williams,DE,60,2021
Deatrich Wise,DE,60,2021
Dee Ford,DE,60,2021
Demone Harris,DE,60,2021
Derek Barnett,DE,60,2021
Derek Rivers,DE,60,2021
Derrick Brown,DE,60,2021
Dorance Armstrong,DE,60,2021
Dre'Mont Jones,DE,60,2021
Efe Obada,DE,60,2021
Emmanuel Ogbah,DE,60,2021
Everson Griffen,DE,60,2021
Frank Herron,DE,60,2021
Freedom Akinmoladun,DE,60,2021
Genard Avery,DE,60,2021
Greg Rousseau,DE,60,2021
Hamilcar Rashed Jr.,DE,60,2021
Henry Anderson,DE,60,2021
Ifeadi Odenigbo,DE,60,2021
Isaac Rochell,DE,60,2021
J.J. Watt,DE,60,2021
Jabaal Sheard,DE,60,2021
Jabari Zuniga,DE,60,2021
Jack Heflin,DE,60,2021
Jacob Martin,DE,60,2021
James Smith-Williams,DE,60,2021
Jason Pierre-Paul,DE,60,2021
Jerry Hughes,DE,60,2021
Joe Gaziano,DE,60,2021
Joe Jackson,DE,60,2021
Joe Tryon-Shoyinka,DE,60,2021
Joey Bosa,DE,60,2021
John Cominsky,DE,60,2021
John Franklin-Myers,DE,60,2021
Jonah Williams,DE,60,2021
Jonathan Allen,DE,60,2021
Jonathan Bullard,DE,60,2021
Jonathan Ledbetter,DE,60,2021
Jordan Jenkins,DE,60,2021
Jordan Smith,DE,60,2021
Jordan Willis,DE,60,2021
Josh Hines-Allen,DE,60,2021
Josh Mauro,DE,60,2021
Julian Okwara,DE,60,2021
Kemoko Turay,DE,60,2021
Kenny Willekes,DE,60,2021
Kentavius Street,DE,60,2021
Kerry Hyder,DE,60,2021
Khalid Kareem,DE,60,2021
Kingsley Keke,DE,60,2021
Kwity Paye,DE,60,2021
Kyle Phillips,DE,60,2021
L.J. Collier,DE,60,2021
Larrell Murchison,DE,60,2021
Leonard Floyd,DE,60,2021
Leonard Williams,DE,60,2021
Lerentee McCray,DE,60,2021
Malcolm Koonce,DE,60,2021
Marcus Davenport,DE,60,2021
Margus Hunt,DE,60,2021
Marlon Davidson,DE,60,2021
Marquiss Spencer,DE,60,2021
Maxx Crosby,DE,60,2021
Micah Parsons,DE,60,2021
Michael Danna,DE,60,2021
Michael Dogbe,DE,60,2021
Mike Daniels,DE,60,2021
Milton Williams,DE,60,2021
Montez Sweat,DE,60,2021
Morgan Fox,DE,60,2021
Myles Garrett,DE,60,2021
Nate Orchard,DE,60,2021
Nick Bosa,DE,60,2021
Nick Thurman,DE,60,2021
Noah Spence,DE,60,2021
Ogbo Okoronkwo,DE,60,2021
Pat O'Connor,DE,60,2021
Payton Turner,DE,60,2021
Preston Smith,DE,60,2021
Quinton Jefferson,DE,60,2021
Rashan Gary,DE,60,2021
Rasheem Green,DE,60,2021
Rashod Berry,DE,60,2021
Raymond Johnson III,DE,60,2021
Robert Quinn,DE,60,2021
Romeo Okwara,DE,60,2021
Ronald Blair,DE,60,2021
Roy Robertson-Harris,DE,60,2021
Ryan Kerrigan,DE,60,2021
Sam Hubbard,DE,60,2021
Samson Ebukam,DE,60,2021
Sebastian Joseph-Day,DE,60,2021
Shaka Toney,DE,60,2021
Shaq Lawson,DE,60,2021
Solomon Thomas,DE,60,2021
Stephen Weatherly,DE,60,2021
Taco Charlton,DE,60,2021
Takk McKinley,DE,60,2021
Tanoh Kpassagnon,DE,60,2021
Tarron Jackson,DE,60,2021
Tashawn Bower,DE,60,2021
Tershawn Wharton,DE,60,2021
Tim Ward,DE,60,2021
Trevis Gipson,DE,60,2021
Trey Hendrickson,DE,60,2021
Tyquan Lewis,DE,60,2021
Tyson Alualu,DE,60,2021
Whitney Mercilus,DE,60,2021
Will Bradley-King,DE,60,2021
Yannick Ngakoue,DE,60,2021
Yetur Gross-Matos,DE,60,2021
Za'Darius Smith,DE,60,2021
Zach Allen,DE,60,2021
Zach Kerr,DE,60,2021
Aaron Donald,DL,60,2021
Chris Williams,DL,60,2021
Mario Addison,DL,60,2021
Abdullah Anderson,DT,60,2021
Adam Butler,DT,60,2021
Akeem Spence,DT,60,2021
Al Woods,DT,60,2021
Albert Huggins,DT,60,2021
Alim McNeill,DT,60,2021
Andrew Billings,DT,60,2021
Andrew Brown,DT,60,2021
Antwaun Woods,DT,60,2021
Arik Armstead,DT,60,2021
Armon Watts,DT,60,2021
Austin Faoliu,DT,60,2021
Bilal Nichols,DT,60,2021
Bobby Brown III,DT,60,2021
Brandin Bryant,DT,60,2021
Bravvion Roy,DT,60,2021
Braxton Hoyett,DT,60,2021
Breiden Fehoko,DT,60,2021
Broderick Washington,DT,60,2021
Bruce Hector,DT,60,2021
Cameron Heyward,DT,60,2021
Carl Davis,DT,60,2021
Carlos Davis,DT,60,2021
Christian Barmore,DT,60,2021
Christian Wilkins,DT,60,2021
D.J. Jones,DT,60,2021
DaQuan Jones,DT,60,2021
DaVon Hamilton,DT,60,2021
Damion Square,DT,60,2021
Daniel Archibong,DT,60,2021
Daniel Ekuale,DT,60,2021
Daniel Wise,DT,60,2021
Danny Shelton,DT,60,2021
Darius Philon,DT,60,2021
David Moa,DT,60,2021
David Onyemata,DT,60,2021
Daviyon Nixon,DT,60,2021
Davon Godchaux,DT,60,2021
DeForest Buckner,DT,60,2021
Dean Lowry,DT,60,2021
Denico Autry,DT,60,2021
Dexter Lawrence,DT,60,2021
Doug Costin,DT,60,2021
Ed Oliver,DT,60,2021
Eli Ankou,DT,60,2021
Eric Banks,DT,60,2021
Ethan Westbrooks,DT,60,2021
Fletcher Cox,DT,60,2021
Foley Fatukasi,DT,60,2021
Forrest Merrill,DT,60,2021
Grady Jarrett,DT,60,2021
Greg Gaines,DT,60,2021
Grover Stewart,DT,60,2021
Harrison Phillips,DT,60,2021
Hassan Ridgeway,DT,60,2021
Henry Mondeaux,DT,60,2021
Isaiah Buggs,DT,60,2021
Isaiah Mack,DT,60,2021
Isaiahh Loudermilk,DT,60,2021
Jaleel Johnson,DT,60,2021
Jalyn Holmes,DT,60,2021
James Lynch,DT,60,2021
Jarran Reed,DT,60,2021
Javon Kinlaw,DT,60,2021
Jay Tufele,DT,60,2021
Jeffery Simmons,DT,60,2021
Jerry Tillery,DT,60,2021
John Jenkins,DT,60,2021
John Penisini,DT,60,2021
Johnathan Hankins,DT,60,2021
Jonathan Harris,DT,60,2021
Jonathan Marshall,DT,60,2021
Jordan Elliott,DT,60,2021
Jordan Phillips,DT,60,2021
Josh Tupou,DT,60,2021
Josiah Bronson,DT,60,2021
Justin Ellis,DT,60,2021
Justin Hamilton,DT,60,2021
Justin Jones,DT,60,2021
Justin Zimmer,DT,60,2021
Kevin Givens,DT,60,2021
Kevin Strong,DT,60,2021
Khalen Saunders,DT,60,2021
Khyiris Tonga,DT,60,2021
Larry Ogunjobi,DT,60,2021
Lawrence Guy,DT,60,2021
Leki Fotu,DT,60,2021
Levi Onwuzurike,DT,60,2021
Linval Joseph,DT,60,2021
Malcolm Roach,DT,60,2021
Malcom Brown,DT,60,2021
Maliek Collins,DT,60,2021
Malik Jackson,DT,60,2021
Malik McDowell,DT,60,2021
Mario Edwards,DT,60,2021
Marlon Tuipulotu,DT,60,2021
Marquise Copeland,DT,60,2021
Marvin Wilson,DT,60,2021
Matthew Ioannidis,DT,60,2021
Maurice Hurst,DT,60,2021
McTelvin Agim,DT,60,2021
Michael Brockers,DT,60,2021
Michael Dwumfour,DT,60,2021
Michael Pierce,DT,60,2021
Mike Pennel,DT,60,2021
Montravius Adams,DT,60,2021
Myles Adams,DT,60,2021
Naquan Jones,DT,60,2021
Nathan Shepherd,DT,60,2021
Neville Gallimore,DT,60,2021
Nick Williams,DT,60,2021
Nnamdi Madubuike,DT,60,2021
Osa Odighizuwa,DT,60,2021
Phil Hoskins,DT,60,2021
Poona Ford,DT,60,2021
Quinnen Williams,DT,60,2021
Quinton Bohanna,DT,60,2021
Raekwon Davis,DT,60,2021
Raequan Williams,DT,60,2021
Rakeem Nunez-Roches,DT,60,2021
Rashard Lawrence,DT,60,2021
Renell Wren,DT,60,2021
Robert Nkemdiche,DT,60,2021
Ross Blacklock,DT,60,2021
Roy Lopez,DT,60,2021
Shamar Stephen,DT,60,2021
Shelby Harris,DT,60,2021
Sheldon Day,DT,60,2021
Sheldon Rankins,DT,60,2021
Sheldon Richardson,DT,60,2021
Shy Tuttle,DT,60,2021
Star Lotulelei,DT,60,2021
T.J. Smith,DT,60,2021
T.Y. McGill,DT,60,2021
Ta'Quon Graham,DT,60,2021
Taven Bryan,DT,60,2021
Taylor Stallworth,DT,60,2021
Teair Tart,DT,60,2021
Tedarrell Slaton,DT,60,2021
Tim Settle,DT,60,2021
Tommy Togiai,DT,60,2021
Trysten Hill,DT,60,2021
Tyeler Davison,DT,60,2021
Tyler Lancaster,DT,60,2021
Tyler Shelvin,DT,60,2021
Vernon Butler,DT,60,2021
Vincent Taylor,DT,60,2021
Vita Vea,DT,60,2021
William Gholston,DT,60,2021
Woodrow Hamilton,DT,60,2021
Zach Sieler,DT,60,2021
Alec Ingold,FB,60,2021
Andy Janovich,FB,60,2021
C.J. Ham,FB,60,2021
Derek Watt,FB,60,2021
Elijhaa Penny,FB,60,2021
Gabe Nabers,FB,60,2021
Jason Cabinda,FB,60,2021
Keith Smith,FB,60,2021
Khari Blasingame,FB,60,2021
Kyle Juszczyk,FB,60,2021
Michael Burton,FB,60,2021
Nick Ralston,FB,60,2021
Patrick Ricard,FB,60,2021
Reggie Gilliam,FB,60,2021
Tory Carter,FB,60,2021
Adrian Colbert,FS,60,2021
Andrew Sendejo,FS,60,2021
Derwin James,FS,60,2021
Devin McCourty,FS,60,2021
Eddie Jackson,FS,60,2021
Eric Weddle,FS,60,2021
Erik Harris,FS,60,2021
Harrison Smith,FS,60,2021
Jabrill Peppers,FS,60,2021
Jarrod Wilson,FS,60,2021
Jessie Bates,FS,60,2021
Jordan Poyer,FS,60,2021
Jordan Richards,FS,60,2021
Jordan Whitehead,FS,60,2021
Justin Simmons,FS,60,2021
Juston Burris,FS,60,2021
Karl Joseph,FS,60,2021
Kevin Byard,FS,60,2021
Malik Hooker,FS,60,2021
Marcus Maye,FS,60,2021
Marcus Williams,FS,60,2021
Minkah Fitzpatrick,FS,60,2021
Myles Hartsfield,FS,60,2021
Nasir Adderley,FS,60,2021
Ricardo Allen,FS,60,2021
Rodney McLeod Jr.,FS,60,2021
Rudy Ford,FS,60,2021
Tashaun Gipson,FS,60,2021
Tavon Wilson,FS,60,2021
Terrence Brooks,FS,60,2021
Tyrann Mathieu,FS,60,2021
Xavier Woods,FS,60,2021
Aaron Stinnie,G,60,2021
Ali Marpet,G,60,2021
Alijah Vera-Tucker,G,60,2021
Andrew Norwell,G,60,2021
Andrew Wylie,G,60,2021
Austin Schlottmann,G,60,2021
Ben Cleveland,G,60,2021
Ben Powers,G,60,2021
Bobby Evans,G,60,2021
Brandon Brooks,G,60,2021
Brandon Scherff,G,60,2021
Calvin Throckmorton,G,60,2021
Cameron Erving,G,60,2021
Chris Lindstrom,G,60,2021
Chris Reed,G,60,2021
Cody Ford,G,60,2021
Cody Whitehair,G,60,2021
Colby Gossett,G,60,2021
Connor McGovern,G,60,2021
Dalton Risner,G,60,2021
Damien Lewis,G,60,2021
David Edwards,G,60,2021
Ereck Flowers,G,60,2021
Evan Brown,G,60,2021
Ezra Cleveland,G,60,2021
Gabe Jackson,G,60,2021
Greg Mancz,G,60,2021
Greg Van Roten,G,60,2021
Halapoulivaati Vaitai,G,60,2021
Ike Boettger,G,60,2021
Isaac Seumalo,G,60,2021
Isaiah Wynn,G,60,2021
Jackson Carman,G,60,2021
James Daniels,G,60,2021
James Hurst,G,60,2021
Jesse Davis,G,60,2021
Joe Thuney,G,60,2021
Joel Bitonio,G,60,2021
John Leglue,G,60,2021
John Miller,G,60,2021
John Simpson,G,60,2021
Jon Feliciano,G,60,2021
Jon Runyan,G,60,2021
Jonah Jackson,G,60,2021
Justin Herron,G,60,2021
Justin Pugh,G,60,2021
Kahlil McKenzie,G,60,2021
Kendrick Green,G,60,2021
Kevin Dotson,G,60,2021
Kevin Zeitler,G,60,2021
Kyle Fuller,G,60,2021
Laken Tomlinson,G,60,2021
Landon Dickerson,G,60,2021
Lane Taylor,G,60,2021
Larry Borom,G,60,2021
Laurent Duvernay-Tardif,G,60,2021
Lucas Patrick,G,60,2021
Mark Glowinski,G,60,2021
Matt Feiler,G,60,2021
Max Garcia,G,60,2021
Max Scharping,G,60,2021
Mekhi Becton,G,60,2021
Michael Schofield,G,60,2021
Mike Jordan,G,60,2021
Mike Onwenu,G,60,2021
Mike Remmers,G,60,2021
Nate Davis,G,60,2021
Nate Herbig,G,60,2021
Nick Allegretti,G,60,2021
Nick Leverett,G,60,2021
Oday Aboushi,G,60,2021
Parker Ehinger,G,60,2021
Quenton Nelson,G,60,2021
Quinn Meinerz,G,60,2021
Quinton Spain,G,60,2021
Rodger Saffold,G,60,2021
Royce Newman,G,60,2021
Sam Cosmi,G,60,2021
Senio Kelemete,G,60,2021
Shaq Mason,G,60,2021
Solomon Kindley,G,60,2021
Sua Opeta,G,60,2021
Teven Jenkins,G,60,2021
Tom Compton,G,60,2021
Tommy Kraemer,G,60,2021
Trai Turner,G,60,2021
Trey Smith,G,60,2021
Tyre Phillips,G,60,2021
Wes Martin,G,60,2021
Wes Schweitzer,G,60,2021
Will Hernandez,G,60,2021
Wyatt Teller,G,60,2021
Zack Martin,G,60,2021
Alec Ogletree,ILB,60,2021
Austin Calitro,ILB,60,2021
Benardrick McKinney,ILB,60,2021
Blake Martinez,ILB,60,2021
Bobby Okereke,ILB,60,2021
C.J. Mosley,ILB,60,2021
Cory Littleton,ILB,60,2021
Danny Trevathan,ILB,60,2021
David Long Jr.,ILB,60,2021
Dorian Etheridge,ILB,60,2021
Jayon Brown,ILB,60,2021
Jon Bostic,ILB,60,2021
Jordan Kunaszyk,ILB,60,2021
Josey Jewell,ILB,60,2021
Josh Bynes,ILB,60,2021
Kenny Young,ILB,60,2021
Kevin Minter,ILB,60,2021
Nick Kwiatkoski,ILB,60,2021
Oren Burks,ILB,60,2021
Patrick Onwuasor,ILB,60,2021
Rashaan Evans,ILB,60,2021
Reggie Ragland,ILB,60,2021
Roquan Smith,ILB,60,2021
Ryan Connelly,ILB,60,2021
Tanner Vallejo,ILB,60,2021
Tyler Matakevich,ILB,60,2021
Will Compton,ILB,60,2021
Zach Cunningham,ILB,60,2021
Aldrick Rosas,K,60,2021
Alex Kessman,K,60,2021
Austin Seibert,K,60,2021
Brandon McManus,K,60,2021
Brett Maher,K,60,2021
Brian Johnson,K,60,2021
Cairo Santos,K,60,2021
Chase McLaughlin,K,60,2021
Chris Blewitt,K,60,2021
Chris Boswell,K,60,2021
Chris Naggar,K,60,2021
Cody Parkey,K,60,2021
Daniel Carlson,K,60,2021
Dominik Eberle,K,60,2021
Dustin Hopkins,K,60,2021
Eddy Pineiro,K,60,2021
Elliott Fry,K,60,2021
Evan McPherson,K,60,2021
Graham Gano,K,60,2021
Greg Joseph,K,60,2021
Greg Zuerlein,K,60,2021
Harrison Butker,K,60,2021
Jake Elliott,K,60,2021
Jason Myers,K,60,2021
Jason Sanders,K,60,2021
Joey Slye,K,60,2021
Josh Lambo,K,60,2021
Justin Tucker,K,60,2021
Ka'imi Fairbairn,K,60,2021
Lirim Hajrullahu,K,60,2021
Mason Crosby,K,60,2021
Matt Ammendola,K,60,2021
Matt Gay,K,60,2021
Matt Prater,K,60,2021
Matthew Wright,K,60,2021
Mike Badgley,K,60,2021
Nick Folk,K,60,2021
Randy Bullock,K,60,2021
Riley Patterson,K,60,2021
Robbie Gould,K,60,2021
Rodrigo Blankenship,K,60,2021
Ryan Santoso,K,60,2021
Ryan Succop,K,60,2021
Tristan Vizcaino,K,60,2021
Tyler Bass,K,60,2021
Younghoe Koo,K,60,2021
Zane Gonzalez,K,60,2021
Aaron Patrick,LB,60,2021
Adetokunbo Ogundeji,LB,60,2021
Akeem Davis-Gaither,LB,60,2021
Alex Highsmith,LB,60,2021
Alex Singleton,LB,60,2021
Alexander Johnson,LB,60,2021
Alton Robinson,LB,60,2021
Amen Ogbongbemiga,LB,60,2021
Andre Mintze,LB,60,2021
Andre Smith,LB,60,2021
Andrew Dowell,LB,60,2021
Anthony Nelson,LB,60,2021
Anthony Pittman,LB,60,2021
Arden Key,LB,60,2021
Azeez Al-Shaair,LB,60,2021
Azeez Ojulari,LB,60,2021
Baron Browning,LB,60,2021
Barrington Wade,LB,60,2021
Ben Niemann,LB,60,2021
Blake Cashman,LB,60,2021
Blake Lynch,LB,60,2021
Brandon King,LB,60,2021
Brian Burns,LB,60,2021
Bruce Irvin,LB,60,2021
Buddy Johnson,LB,60,2021
Caleb Johnson,LB,60,2021
Calvin Munson,LB,60,2021
Cam Gill,LB,60,2021
Cameron Brown,LB,60,2021
Carl Nassib,LB,60,2021
Carlos Basham,LB,60,2021
Carter Coughlin,LB,60,2021
Cassius Marsh,LB,60,2021
Chapelle Russell,LB,60,2021
Charles Harris,LB,60,2021
Chase Hansen,LB,60,2021
Chauncey Rivers,LB,60,2021
Chris Board,LB,60,2021
Chris Smith,LB,60,2021
Christian Elliss,LB,60,2021
Christian Rozeboom,LB,60,2021
Clay Johnston,LB,60,2021
Cody Barton,LB,60,2021
Cole Christiansen,LB,60,2021
Cole Holcomb,LB,60,2021
Connor Strachan,LB,60,2021
Curtis Bolton,LB,60,2021
Curtis Robinson,LB,60,2021
D.J. Wonnum,LB,60,2021
Dakota Allen,LB,60,2021
Daren Bates,LB,60,2021
Darius Harris,LB,60,2021
Davion Taylor,LB,60,2021
De'Jon Harris,LB,60,2021
DeMarcus Lawrence,LB,60,2021
Deion Jones,LB,60,2021
Del'Shawn Phillips,LB,60,2021
Demetrius Flannigan-Fowles,LB,60,2021
Dennis Gardeck,LB,60,2021
Derick Roberson,LB,60,2021
Derrek Tuszka,LB,60,2021
Derrick Barnes,LB,60,2021
Devin Bush,LB,60,2021
Devin White,LB,60,2021
Divine Deablo,LB,60,2021
Dorian O'Daniel,LB,60,2021
Dre Greenlaw,LB,60,2021
Drue Tranquill,LB,60,2021
Dylan Cole,LB,60,2021
E.J. Speed,LB,60,2021
Edmond Robinson,LB,60,2021
Elerson G. Smith,LB,60,2021
Emeke Egbule,LB,60,2021
Emmanuel Ellerbee,LB,60,2021
Eric Wilson,LB,60,2021
Ernest Jones,LB,60,2021
Ezekiel Turner,LB,60,2021
Foye Oluokun,LB,60,2021
Francis Bernard,LB,60,2021
Frank Clark,LB,60,2021
Frankie Luvu,LB,60,2021
Garret Wallow,LB,60,2021
Germaine Pratt,LB,60,2021
Grant Stuard,LB,60,2021
Hamsah Nasirildeen,LB,60,2021
Harold Landry III,LB,60,2021
Harvey Langi,LB,60,2021
Isaiah McDuffie,LB,60,2021
Isaiah Simmons,LB,60,2021
Ja'Whaun Bentley,LB,60,2021
JaCoby Stevens,LB,60,2021
Jabril Cox,LB,60,2021
Jacob Phillips,LB,60,2021
Jacob Tuioti-Mariner,LB,60,2021
Jaelan Phillips,LB,60,2021
Jahlani Tavai,LB,60,2021
Jake Gervase,LB,60,2021
Jalen Reeves-Maybin,LB,60,2021
Jamal Adams,LB,60,2021
James Vaughters,LB,60,2021
Jamien Sherwood,LB,60,2021
Jamin Davis,LB,60,2021
Jamir Jones,LB,60,2021
Jared Norris,LB,60,2021
Jaylon Ferguson,LB,60,2021
Jeremiah Attaochu,LB,60,2021
Jeremiah Owusu-Koramoah,LB,60,2021
Jermaine Carter,LB,60,2021
Jessie Lemonier,LB,60,2021
Jihad Ward,LB,60,2021
Joe Bachie,LB,60,2021
Joe Giles-Harris,LB,60,2021
Joe Jones,LB,60,2021
Joe Walker,LB,60,2021
Joel Iyiegbuniwe,LB,60,2021
John Simon,LB,60,2021
Jon Rhattigan,LB,60,2021
Jonas Griffith,LB,60,2021
Jonathan Garvin,LB,60,2021
Jonathan Greenard,LB,60,2021
Jonathon Cooper,LB,60,2021
Jordan Glasgow,LB,60,2021
Jordyn Brooks,LB,60,2021
Josh Watson,LB,60,2021
Josh Woods,LB,60,2021
Joshua Uche,LB,60,2021
Julian Stanford,LB,60,2021
Justin Hollins,LB,60,2021
Justin Lawler,LB,60,2021
Justin Strnad,LB,60,2021
K'Lavon Chaisson,LB,60,2021
K.J. Britt,LB,60,2021
Kaden Elliss,LB,60,2021
Kamal Martin,LB,60,2021
Keandre Jones,LB,60,2021
"Kenneth Murray, Jr.",LB,60,2021
Kevin Pierre-Louis,LB,60,2021
Khaleke Hudson,LB,60,2021
Kristian Welch,LB,60,2021
Krys Barnes,LB,60,2021
Kyle Wilber,LB,60,2021
Kyler Fackrell,LB,60,2021
Kylie Fitts,LB,60,2021
La'Darius Hamilton,LB,60,2021
LaRoy Reynolds,LB,60,2021
Landon Collins,LB,60,2021
Ledarius Mack,LB,60,2021
Logan Wilson,LB,60,2021
Lorenzo Carter,LB,60,2021
Luke Gifford,LB,60,2021
Mack Wilson,LB,60,2021
Malik Harrison,LB,60,2021
Malik Reed,LB,60,2021
Marcus Allen,LB,60,2021
Markus Bailey,LB,60,2021
Markus Golden,LB,60,2021
Marquis Haynes,LB,60,2021
Melvin Ingram,LB,60,2021
Micah Kiser,LB,60,2021
Michael Hoecht,LB,60,2021
Monty Rice,LB,60,2021
Mykal Walker,LB,60,2021
Neville Hewitt,LB,60,2021
Nick Bellore,LB,60,2021
Nick Bolton,LB,60,2021
Nick Dzubnar,LB,60,2021
Nick Niemann,LB,60,2021
Noah Dawkins,LB,60,2021
Odafe Oweh,LB,60,2021
Oshane Ximines,LB,60,2021
Patrick Johnson,LB,60,2021
Patrick Jones II,LB,60,2021
Patrick Queen,LB,60,2021
Pernell McPhee,LB,60,2021
Pete Werner,LB,60,2021
Porter Gustin,LB,60,2021
Quincy Roche,LB,60,2021
Quincy Williams,LB,60,2021
Randy Gregory,LB,60,2021
Rashad Weaver,LB,60,2021
Robert Spillane,LB,60,2021
Ron'Dell Carter,LB,60,2021
Ronnie Harrison,LB,60,2021
Sam Eguavoen,LB,60,2021
Sam Kamara,LB,60,2021
Shaquil Barrett,LB,60,2021
Shaquille Quarterman,LB,60,2021
Sharif Finch,LB,60,2021
Shaun Bradley,LB,60,2021
Sione Takitaki,LB,60,2021
Steven Means,LB,60,2021
T.J. Edwards,LB,60,2021
Tae Crowder,LB,60,2021
Tanner Muse,LB,60,2021
Tarell Basham,LB,60,2021
Terrell Lewis,LB,60,2021
Tipa Galeai,LB,60,2021
Tony Fields II,LB,60,2021
Travin Howard,LB,60,2021
Trent Harris,LB,60,2021
Trey Flowers,LB,60,2021
Troy Dye,LB,60,2021
Troy Reeder,LB,60,2021
Ty Summers,LB,60,2021
Tyrel Dodson,LB,60,2021
Tyrell Adams,LB,60,2021
Tyus Bowser,LB,60,2021
Uchenna Nwosu,LB,60,2021
Ulysees Gilbert,LB,60,2021
Victor Dimukeje,LB,60,2021
Vince Biegel,LB,60,2021
Willie Gay Jr.,LB,60,2021
Willie Harvey,LB,60,2021
Wyatt Ray,LB,60,2021
Zack Baun,LB,60,2021
Zaven Collins,LB,60,2021
Aaron Brewer,LS,60,2021
Andrew DePaola,LS,60,2021
Blake Ferguson,LS,60,2021
Camaron Cheeseman,LS,60,2021
Carson Tinker,LS,60,2021
Charley Hughlett,LS,60,2021
Christian Kuntz,LS,60,2021
Clark Harris,LS,60,2021
J.J. Jansen,LS,60,2021
Jacob Bobenmoyer,LS,60,2021
Jake McQuaide,LS,60,2021
James Winchester,LS,60,2021
Joe Cardona,LS,60,2021
Jon Weeks,LS,60,2021
Josh Harris,LS,60,2021
Matt Overton,LS,60,2021
Matthew Orzech,LS,60,2021
Morgan Cox,LS,60,2021
Nick Moore,LS,60,2021
Patrick Scales,LS,60,2021
Reid Ferguson,LS,60,2021
Rick Lovato,LS,60,2021
Ross Matiscik,LS,60,2021
Scott Daly,LS,60,2021
Steven Wirtel,LS,60,2021
Thomas Hennessy,LS,60,2021
Trent Sieg,LS,60,2021
Zach Triner,LS,60,2021
Alex Anzalone,MLB,60,2021
Anthony Hitchens,MLB,60,2021
Anthony Walker,MLB,60,2021
Bobby Wagner,MLB,60,2021
Denzel Perryman,MLB,60,2021
Duke Riley,MLB,60,2021
Eric Kendricks,MLB,60,2021
Fred Warner,MLB,60,2021
Hardy Nickerson,MLB,60,2021
Jarrad Davis,MLB,60,2021
Jaylon Smith,MLB,60,2021
Joe Schobert,MLB,60,2021
Jordan Hicks,MLB,60,2021
Kwon Alexander,MLB,60,2021
Kyle Van Noy,MLB,60,2021
Malcolm Smith,MLB,60,2021
Marquel Lee,MLB,60,2021
Myles Jack,MLB,60,2021
Tremaine Edmunds,MLB,60,2021
Anthony Rush,NT,60,2021
Austin Johnson,NT,60,2021
Bryan Mone,NT,60,2021
Chris Wormley,NT,60,2021
Daron Payne,NT,60,2021
Derrick Nnadi,NT,60,2021
Eddie Goldman,NT,60,2021
Javon Hargrave,NT,60,2021
Kenny Clark,NT,60,2021
Kyle Peko,NT,60,2021
Mike Purcell,NT,60,2021
Ndamukong Suh,NT,60,2021
Steve McLendon,NT,60,2021
Xavier Williams,NT,60,2021
Blake Hance,OL,60,2021
A.J. Klein,OLB,60,2021
Andrew Van Ginkel,OLB,60,2021
Anthony Barr,OLB,60,2021
Benson Mayowa,OLB,60,2021
Bradley Chubb,OLB,60,2021
Brandon Copeland,OLB,60,2021
Brennan Scarlett,OLB,60,2021
Bud Dupree,OLB,60,2021
Christian Jones,OLB,60,2021
Christian Kirksey,OLB,60,2021
Damien Wilson,OLB,60,2021
Darryl Johnson,OLB,60,2021
David Mayo,OLB,60,2021
De'Vondre Campbell,OLB,60,2021
Demario Davis,OLB,60,2021
Devon Kennard,OLB,60,2021
Dont'a Hightower,OLB,60,2021
Elandon Roberts,OLB,60,2021
Elijah Lee,OLB,60,2021
Haason Reddick,OLB,60,2021
Jadeveon Clowney,OLB,60,2021
Jamie Collins,OLB,60,2021
Jerome Baker,OLB,60,2021
Joe Thomas,OLB,60,2021
Jordan Evans,OLB,60,2021
Josh Sweat,OLB,60,2021
Justin Houston,OLB,60,2021
K.J. Wright,OLB,60,2021
Kamu Grugier-Hill,OLB,60,2021
Khalil Mack,OLB,60,2021
Kyzir White,OLB,60,2021
Lavonte David,OLB,60,2021
Leighton Vander Esch,OLB,60,2021
Mark Nzeocha,OLB,60,2021
Matt Milano,OLB,60,2021
Matthew Adams,OLB,60,2021
Matthew Judon,OLB,60,2021
Nick Vigil,OLB,60,2021
Ola Adeniyi,OLB,60,2021
Shaq Thompson,OLB,60,2021
Shaquille Leonard,OLB,60,2021
T.J. Watt,OLB,60,2021
Tahir Whitehead,OLB,60,2021
Von Miller,OLB,60,2021
Zaire Franklin,OLB,60,2021
Alejandro Villanueva,OT,60,2021
Alex Leatherwood,OT,60,2021
Andre Dillard,OT,60,2021
Andre Smith,OT,60,2021
Andrew Thomas,OT,60,2021
Andrew Whitworth,OT,60,2021
Austin Jackson,OT,60,2021
Ben Bartch,OT,60,2021
Billy Turner,OT,60,2021
Bobby Hart,OT,60,2021
Bobby Massie,OT,60,2021
Braden Smith,OT,60,2021
Brady Christensen,OT,60,2021
Brandon Parker,OT,60,2021
Brandon Shell,OT,60,2021
Brian O'Neill,OT,60,2021
Bryan Bulaga,OT,60,2021
Cam Robinson,OT,60,2021
Cameron Fleming,OT,60,2021
Charles Leno Jr.,OT,60,2021
Charlie Heck,OT,60,2021
Christian Darrisaw,OT,60,2021
Chukwuma Okorafor,OT,60,2021
Chuma Edoga,OT,60,2021
Colton McKivitz,OT,60,2021
Conor McDermott,OT,60,2021
Cornelius Lucas,OT,60,2021
D.J. Humphries,OT,60,2021
Dan Moore Jr.,OT,60,2021
Daniel Brunskill,OT,60,2021
Daryl Williams,OT,60,2021
David Quessenberry,OT,60,2021
Dennis Daley,OT,60,2021
Dennis Kelly,OT,60,2021
Derrick Kelly,OT,60,2021
Dillon Radunz,OT,60,2021
Dion Dawkins,OT,60,2021
Donovan Smith,OT,60,2021
Duane Brown,OT,60,2021
Eric Fisher,OT,60,2021
Garett Bolles,OT,60,2021
George Fant,OT,60,2021
Germain Ifedi,OT,60,2021
Geron Christian,OT,60,2021
Hakeem Adeniji,OT,60,2021
Isaiah Prince,OT,60,2021
Isaiah Williams,OT,60,2021
Jack Conklin,OT,60,2021
Jack Driscoll,OT,60,2021
Jake Curhan,OT,60,2021
Jake Matthews,OT,60,2021
Jalen Mayfield,OT,60,2021
Jamarco Jones,OT,60,2021
James Hudson,OT,60,2021
Jason Peters,OT,60,2021
Jason Spriggs,OT,60,2021
Jawaan Taylor,OT,60,2021
Jaylon Moore,OT,60,2021
Jedrick Wills,OT,60,2021
Joe Haeg,OT,60,2021
Jonah Williams,OT,60,2021
Jordan Mailata,OT,60,2021
Jordan Mills,OT,60,2021
Josh Jones,OT,60,2021
Josh Wells,OT,60,2021
Julie'n Davenport,OT,60,2021
Justin Murray,OT,60,2021
KC McDermott,OT,60,2021
Kaleb McGary,OT,60,2021
Kelvin Beachum,OT,60,2021
Kendall Lamm,OT,60,2021
Kolton Miller,OT,60,2021
La'el Collins,OT,60,2021
Landon Young,OT,60,2021
Lane Johnson,OT,60,2021
Laremy Tunsil,OT,60,2021
Liam Eichenberg,OT,60,2021
Lucas Niang,OT,60,2021
Marcus Cannon,OT,60,2021
Matt Nelson,OT,60,2021
Matt Peart,OT,60,2021
Matt Pryor,OT,60,2021
Michael Dunn,OT,60,2021
Mike McGlinchey,OT,60,2021
Morgan Moses,OT,60,2021
Nate Solder,OT,60,2021
Olisaemeka Udoh,OT,60,2021
Orlando Brown,OT,60,2021
Patrick Mekari,OT,60,2021
Penei Sewell,OT,60,2021
Rashawn Slater,OT,60,2021
Rashod Hill,OT,60,2021
Riley Reiff,OT,60,2021
Rob Havenstein,OT,60,2021
Robert Hunt,OT,60,2021
Ryan Bates,OT,60,2021
Saahdiq Charles,OT,60,2021
Spencer Brown,OT,60,2021
Storm Norton,OT,60,2021
Taylor Decker,OT,60,2021
Taylor Lewan,OT,60,2021
Taylor Moton,OT,60,2021
Terence Steele,OT,60,2021
Terron Armstead,OT,60,2021
Tommy Doyle,OT,60,2021
Trent Brown,OT,60,2021
Trent Scott,OT,60,2021
Trent Williams,OT,60,2021
Trey Pipkins,OT,60,2021
Tristan Wirfs,OT,60,2021
Ty Nsekhe,OT,60,2021
Tyron Smith,OT,60,2021
Tytus Howard,OT,60,2021
Will Richardson,OT,60,2021
Yasir Durant,OT,60,2021
Yodny Cajuste,OT,60,2021
Yosh Nijman,OT,60,2021
AJ Cole,P,60,2021
Andy Lee,P,60,2021
Arryn Siposs,P,60,2021
Blake Gillikin,P,60,2021
Braden Mann,P,60,2021
Bradley Pinion,P,60,2021
Brett Kern,P,60,2021
Bryan Anger,P,60,2021
Cameron Johnston,P,60,2021
Cameron Nizialek,P,60,2021
Corey Bojorquez,P,60,2021
Corliss Waitman,P,60,2021
Dustin Colquitt,P,60,2021
J.K. Scott,P,60,2021
Jack Fox,P,60,2021
Jake Bailey,P,60,2021
Jamie Gillan,P,60,2021
Johnny Hekker,P,60,2021
Johnny Townsend,P,60,2021
Jordan Berry,P,60,2021
Joseph Charlton,P,60,2021
Kevin Huber,P,60,2021
Lachlan Edwards,P,60,2021
Logan Cooke,P,60,2021
Matt Haack,P,60,2021
Michael Dickson,P,60,2021
Michael Palardy,P,60,2021
Mitch Wishnowsky,P,60,2021
Pat O'Donnell,P,60,2021
Pressley Harvin III,P,60,2021
Rigoberto Sanchez,P,60,2021
Riley Dixon,P,60,2021
Ryan Winslow,P,60,2021
Sam Koch,P,60,2021
Sam Martin,P,60,2021
Sterling Hofrichter,P,60,2021
Thomas Morstead,P,60,2021
Tommy Townsend,P,60,2021
Tress Way,P,60,2021
Ty Long,P,60,2021
Matthew Stafford,QB,99,2021
Patrick Mahomes,QB,98,2021
Tom Brady,QB,97,2021
Josh Allen,QB,94,2021
Joe Burrow,QB,93,2021
Justin Herbert,QB,91,2021
Dak Prescott,QB,90,2021
Aaron Rodgers,QB,88,2021
Kirk Cousins,QB,86,2021
Derek Carr,QB,84,2021
Carson Wentz,QB,82,2021
Ben Roethlisberger,QB,81,2021
Jimmy Garoppolo,QB,81,2021
Kyler Murray,QB,81,2021
Mac Jones,QB,81,2021
Russell Wilson,QB,80,2021
Ryan Tannehill,QB,80,2021
Matt Ryan,QB,79,2021
Taylor Heinicke,QB,78,2021
Jalen Hurts,QB,77,2021
Jared Goff,QB,77,2021
Baker Mayfield,QB,76,2021
Teddy Bridgewater,QB,76,2021
Lamar Jackson,QB,75,2021
Trevor Lawrence,QB,75,2021
Davis Mills,QB,74,2021
Tua Tagovailoa,QB,74,2021
Daniel Jones,QB,71,2021
Jameis Winston,QB,70,2021
Sam Darnold,QB,70,2021
Zach Wilson,QB,70,2021
Andy Dalton,QB,68,2021
Justin Fields,QB,68,2021
Trevor Siemian,QB,68,2021
Jacoby Brissett,QB,66,2021
Mike White,QB,65,2021
Tyrod Taylor,QB,65,2021
Cam Newton,QB,64,2021
Geno Smith,QB,64,2021
Josh Johnson,QB,64,2021
Mike Glennon,QB,64,2021
Trey Lance,QB,64,2021
Tyler Huntley,QB,64,2021
Case Keenum,QB,63,2021
Colt McCoy,QB,63,2021
Drew Lock,QB,63,2021
Gardner Minshew,QB,63,2021
Tim Boyle,QB,63,2021
Cooper Rush,QB,62,2021
Joe Flacco,QB,62,2021
Jordan Love,QB,62,2021
Brandon Allen,QB,61,2021
Brian Hoyer,QB,61,2021
Jake Fromm,QB,61,2021
Kyle Allen,QB,61,2021
Mason Rudolph,QB,61,2021
Nick Foles,QB,61,2021
Nick Mullens,QB,61,2021
PJ Walker,QB,61,2021
Sean Mannion,QB,61,2021
Blaine Gabbert,QB,60,2021
Brett Rypien,QB,60,2021
C.J. Beathard,QB,60,2021
Chad Henne,QB,60,2021
Chase Daniel,QB,60,2021
Chris Streveler,QB,60,2021
David Blough,QB,60,2021
Davis Webb,QB,60,2021
Garrett Gilbert,QB,60,2021
Ian Book,QB,60,2021
Jacob Eason,QB,60,2021
John Wolford,QB,60,2021
Josh Rosen,QB,60,2021
Kellen Mond,QB,60,2021
Kurt Benkert,QB,60,2021
Logan Woodside,QB,60,2021
Marcus Mariota,QB,60,2021
Mitchell Trubisky,QB,60,2021
Nathan Peterman,QB,60,2021
Ryan Fitzpatrick,QB,60,2021
Sam Ehlinger,QB,60,2021
Jonathan Taylor,RB,99,2021
Joe Mixon,RB,91,2021
Damien Harris,RB,88,2021
James Conner,RB,88,2021
Austin Ekeler,RB,84,2021
Derrick Henry,RB,83,2021
Ezekiel Elliott,RB,82,2021
Devin Singletary,RB,81,2021
Leonard Fournette,RB,81,2021
Nick Chubb,RB,81,2021
Josh Jacobs,RB,80,2021
Najee Harris,RB,79,2021
Antonio Gibson,RB,78,2021
Dalvin Cook,RB,78,2021
Melvin Gordon,RB,78,2021
Elijah Mitchell,RB,77,2021
James Robinson,RB,77,2021
David Montgomery,RB,76,2021
AJ Dillon,RB,75,2021
Boston Scott,RB,74,2021
Rashaad Penny,RB,74,2021
Alvin Kamara,RB,73,2021
Cordarrelle Patterson,RB,73,2021
Darrel Williams,RB,73,2021
Javonte Williams,RB,73,2021
Sony Michel,RB,73,2021
Aaron Jones,RB,72,2021
Chuba Hubbard,RB,72,2021
D'Andre Swift,RB,72,2021
Darrell Henderson,RB,72,2021
Latavius Murray,RB,72,2021
Rhamondre Stevenson,RB,72,2021
Devonta Freeman,RB,71,2021
Michael Carter,RB,71,2021
Clyde Edwards-Helaire,RB,70,2021
Kareem Hunt,RB,70,2021
D'Onta Foreman,RB,69,2021
Jamaal Williams,RB,69,2021
Kenneth Gainwell,RB,69,2021
Myles Gaskin,RB,69,2021
Ronald Jones,RB,69,2021
Tony Pollard,RB,69,2021
Alexander Mattison,RB,68,2021
Chase Edmonds,RB,68,2021
D'Ernest Johnson,RB,68,2021
Devontae Booker,RB,68,2021
Mike Davis,RB,68,2021
Rex Burkhead,RB,68,2021
Saquon Barkley,RB,68,2021
Zack Moss,RB,68,2021
Duke Johnson,RB,67,2021
Jordan Howard,RB,67,2021
Mark Ingram,RB,67,2021
Alex Collins,RB,66,2021
Chris Carson,RB,66,2021
Dontrell Hilliard,RB,66,2021
Justin Jackson,RB,66,2021
Ke'Shawn Vaughn,RB,66,2021
Khalil Herbert,RB,66,2021
Miles Sanders,RB,66,2021
Christian McCaffrey,RB,65,2021
Derrick Gore,RB,65,2021
Jaret Patterson,RB,65,2021
Jeff Wilson,RB,65,2021
Kenyan Drake,RB,65,2021
Nyheim Hines,RB,65,2021
Ty Johnson,RB,65,2021
Damien Williams,RB,64,2021
DeeJay Dallas,RB,64,2021
J.D. McKissic,RB,64,2021
Le'Veon Bell,RB,64,2021
Peyton Barber,RB,64,2021
Adrian Peterson,RB,63,2021
Brandon Bolden,RB,63,2021
Carlos Hyde,RB,63,2021
J.J. Taylor,RB,63,2021
Jermar Jefferson,RB,63,2021
Phillip Lindsay,RB,63,2021
Samaje Perine,RB,63,2021
Tevin Coleman,RB,63,2021
Travis Homer,RB,63,2021
Trey Sermon,RB,63,2021
Ty'Son Williams,RB,63,2021
Austin Walter,RB,62,2021
Craig Reynolds,RB,62,2021
Dare Ogunbowale,RB,62,2021
David Johnson,RB,62,2021
Deon Jackson,RB,62,2021
Eno Benjamin,RB,62,2021
Giovani Bernard,RB,62,2021
Godwin Igwebuike,RB,62,2021
JaMycal Hasty,RB,62,2021
JaQuan Hardy,RB,62,2021
James White,RB,62,2021
Jerick McKinnon,RB,62,2021
Jonathan Williams,RB,62,2021
Larry Rountree III,RB,62,2021
Malcolm Brown,RB,62,2021
Matt Breida,RB,62,2021
Patrick Taylor,RB,62,2021
Qadree Ollison,RB,62,2021
Ameer Abdullah,RB,61,2021
Benny Snell,RB,61,2021
Cam Akers,RB,61,2021
Chris Evans,RB,61,2021
Corey Clement,RB,61,2021
Ito Smith,RB,61,2021
Jeremy McNichols,RB,61,2021
Joshua Kelley,RB,61,2021
Marlon Mack,RB,61,2021
Royce Freeman,RB,61,2021
Ryquell Armstead,RB,61,2021
Salvon Ahmed,RB,61,2021
Tony Jones,RB,61,2021
Wayne Gallman,RB,61,2021
Adam Prentice,RB,60,2021
Alex Armah,RB,60,2021
Andrew Beck,RB,60,2021
Anthony McFarland,RB,60,2021
Artavis Pierce,RB,60,2021
Avery Williams,RB,60,2021
Brian Hill,RB,60,2021
Buddy Howell,RB,60,2021
Cullen Gillaspia,RB,60,2021
Damarea Crockett,RB,60,2021
Darius Bradwell,RB,60,2021
Darrynton Evans,RB,60,2021
Demetric Felton,RB,60,2021
Devine Ozigbo,RB,60,2021
Dwayne Washington,RB,60,2021
Gary Brightwell,RB,60,2021
Jacques Patrick,RB,60,2021
Jake Funk,RB,60,2021
Jakob Johnson,RB,60,2021
Jalen Richard,RB,60,2021
Jason Huntley,RB,60,2021
Jaylen Samuels,RB,60,2021
John Kelly,RB,60,2021
Johnny Stanton,RB,60,2021
Jonathan Ward,RB,60,2021
Jordan Wilkins,RB,60,2021
Josh Johnson,RB,60,2021
Kalen Ballage,RB,60,2021
Kene Nwangwu,RB,60,2021
Kenjon Barner,RB,60,2021
Kylin Hill,RB,60,2021
La'Mical Perine,RB,60,2021
Mekhi Sargent,RB,60,2021
Mike Boone,RB,60,2021
Nate McCrary,RB,60,2021
Nathan Cottrell,RB,60,2021
Nick Bawden,RB,60,2021
Patrick Laird,RB,60,2021
Pooka Williams Jr.,RB,60,2021
Raheem Mostert,RB,60,2021
Reggie Bonnafon,RB,60,2021
Rodney Smith,RB,60,2021
Ryan Nall,RB,60,2021
Scottie Phillips,RB,60,2021
Sutton Smith,RB,60,2021
Taiwan Jones,RB,60,2021
Trayveon Williams,RB,60,2021
Trenton Cannon,RB,60,2021
Trey Ragas,RB,60,2021
Wendell Smallwood,RB,60,2021
Adrian Amos,S,60,2021
Bradley McDougald,S,60,2021
Budda Baker,S,60,2021
Damontae Kazee,S,60,2021
Dean Marlowe,S,60,2021
Duron Harmon,S,60,2021
Eric Murray,S,60,2021
Jahleel Addae,S,60,2021
Jaquiski Tartt,S,60,2021
Jason McCourty,S,60,2021
Jayron Kearse,S,60,2021
Jeff Heath,S,60,2021
Josh Jones,S,60,2021
JuJu Hughes,S,60,2021
Justin Reid,S,60,2021
Kareem Jackson,S,60,2021
Keanu Neal,S,60,2021
Khari Willis,S,60,2021
Lamarcus Joyner,S,60,2021
Malcolm Jenkins,S,60,2021
Micah Hyde,S,60,2021
P.J. Williams,S,60,2021
Quandre Diggs,S,60,2021
Saivion Smith,S,60,2021
Sharrod Neasman,S,60,2021
Shawn Williams,S,60,2021
Terrell Edmunds,S,60,2021
Tony Jefferson,S,60,2021
Vonn Bell,S,60,2021
Will Parks,S,60,2021
Alohi Gilman,SAF,60,2021
Amani Hooker,SAF,60,2021
Andre Cisco,SAF,60,2021
Andrew Wingard,SAF,60,2021
Antoine Brooks Jr.,SAF,60,2021
Antoine Winfield Jr.,SAF,60,2021
Ar'Darius Washington,SAF,60,2021
Ashtyn Davis,SAF,60,2021
Brady Breeze,SAF,60,2021
Brandon Jones,SAF,60,2021
C.J. Gardner-Johnson,SAF,60,2021
Caden Sterns,SAF,60,2021
Camryn Bynum,SAF,60,2021
Damar Hamlin,SAF,60,2021
Daniel Thomas,SAF,60,2021
Darnell Savage,SAF,60,2021
Darrick Forrest,SAF,60,2021
DeShon Elliott,SAF,60,2021
Deionte Thompson,SAF,60,2021
Deon Bush,SAF,60,2021
Donovan Wilson,SAF,60,2021
Geno Stone,SAF,60,2021
Grant Delpit,SAF,60,2021
Grayland Arnold,SAF,60,2021
Henry Black,SAF,60,2021
Ifeatu Melifonwu,SAF,60,2021
Innis Gaines,SAF,60,2021
Isaiah Oliver,SAF,60,2021
J.R. Reed,SAF,60,2021
Jalen Thompson,SAF,60,2021
Jared Mayden,SAF,60,2021
Jason Pinnock,SAF,60,2021
Jaylinn Hawkins,SAF,60,2021
Jeremy Chinn,SAF,60,2021
Jeremy Reaves,SAF,60,2021
Jevon Holland,SAF,60,2021
Jimmie Ward,SAF,60,2021
Jordan Fuller,SAF,60,2021
Josh Metellus,SAF,60,2021
Jovante Moffatt,SAF,60,2021
Juan Thornhill,SAF,60,2021
Julian Blackmon,SAF,60,2021
Julian Love,SAF,60,2021
K'Von Wallace,SAF,60,2021
Kam Curl,SAF,60,2021
Kenny Robinson,SAF,60,2021
Kyle Dugger,SAF,60,2021
Lonnie Johnson,SAF,60,2021
M.J. Stewart,SAF,60,2021
Marcus Epps,SAF,60,2021
Mark Webb,SAF,60,2021
Mike Edwards,SAF,60,2021
Miles Killebrew,SAF,60,2021
Myles Dorn,SAF,60,2021
Nick Scott,SAF,60,2021
P.J. Locke,SAF,60,2021
Rayshawn Jenkins,SAF,60,2021
Richard LeCounte,SAF,60,2021
Richie Grant,SAF,60,2021
Sam Franklin Jr.,SAF,60,2021
Shawn Davis,SAF,60,2021
Talanoa Hufanga,SAF,60,2021
Tavierre Thomas,SAF,60,2021
Taylor Rapp,SAF,60,2021
Terrell Burgess,SAF,60,2021
Tre'von Moehrig,SAF,60,2021
Tyler Coyle,SAF,60,2021
Tyree Gillespie,SAF,60,2021
Will Harris,SAF,60,2021
Xavier McKinney,SAF,60,2021
Zayne Anderson,SAF,60,2021
Travis Kelce,TE,99,2021
Mark Andrews,TE,93,2021
Dawson Knox,TE,89,2021
Dalton Schultz,TE,85,2021
George Kittle,TE,85,2021
Hunter Henry,TE,84,2021
Rob Gronkowski,TE,84,2021
C.J. Uzomah,TE,79,2021
Pat Freiermuth,TE,79,2021
Dallas Goedert,TE,78,2021
Zach Ertz,TE,78,2021
Tyler Higbee,TE,77,2021
Noah Fant,TE,75,2021
Jared Cook,TE,74,2021
Kyle Pitts,TE,74,2021
T.J. Hockenson,TE,74,2021
David Njoku,TE,73,2021
Gerald Everett,TE,73,2021
Mike Gesicki,TE,73,2021
Darren Waller,TE,72,2021
Tyler Conklin,TE,72,2021
Cameron Brate,TE,71,2021
Mo Alie-Cox,TE,71,2021
Austin Hooper,TE,70,2021
Evan Engram,TE,70,2021
Foster Moreau,TE,70,2021
Jack Doyle,TE,69,2021
Juwan Johnson,TE,69,2021
Albert Okwuegbunam,TE,68,2021
Brevin Jordan,TE,68,2021
Donald Parham,TE,68,2021
Geoff Swaim,TE,68,2021
Harrison Bryant,TE,68,2021
Hayden Hurst,TE,68,2021
Jimmy Graham,TE,68,2021
Logan Thomas,TE,68,2021
Adam Trautman,TE,67,2021
Anthony Firkser,TE,67,2021
Cole Kmet,TE,67,2021
Josiah Deguara,TE,67,2021
MyCole Pruitt,TE,67,2021
Ricky Seals-Jones,TE,67,2021
Ryan Griffin,TE,67,2021
Robert Tonyan,TE,66,2021
Blake Jarwin,TE,65,2021
Brock Wright,TE,65,2021
Dan Arnold,TE,65,2021
John Bates,TE,65,2021
Jonnu Smith,TE,65,2021
Kyle Rudolph,TE,65,2021
Will Dissly,TE,65,2021
Durham Smythe,TE,64,2021
Jesper Horsted,TE,64,2021
Joseph Fortson,TE,64,2021
Maxx Williams,TE,64,2021
O.J. Howard,TE,64,2021
Stephen Anderson,TE,64,2021
Tommy Tremble,TE,64,2021
Tyler Kroft,TE,64,2021
Chris Manhertz,TE,63,2021
Eric Ebron,TE,63,2021
Jacob Hollister,TE,63,2021
James O'Shaughnessy,TE,63,2021
Jesse James,TE,63,2021
Kendall Blanton,TE,63,2021
Lee Smith,TE,63,2021
Nick Vannett,TE,63,2021
Antony Auclair,TE,62,2021
Chris Herndon,TE,62,2021
Chris Myarick,TE,62,2021
Eric Saubert,TE,62,2021
Ian Thomas,TE,62,2021
Jordan Akins,TE,62,2021
Marcedes Lewis,TE,62,2021
N'Keal Harry,TE,62,2021
Noah Gray,TE,62,2021
Pharaoh Brown,TE,62,2021
Ross Dwelley,TE,62,2021
Sean McKeon,TE,62,2021
Tommy Sweeney,TE,62,2021
Tyree Jackson,TE,62,2021
Zach Gentry,TE,62,2021
Adam Shaheen,TE,61,2021
Blake Bell,TE,61,2021
Brycen Hopkins,TE,61,2021
Charlie Woerner,TE,61,2021
Drew Sample,TE,61,2021
Josh Oliver,TE,61,2021
Kylen Granson,TE,61,2021
Luke Farrell,TE,61,2021
Taysom Hill,TE,61,2021
Tre' McKitty,TE,61,2021
Ben Ellefson,TE,60,2021
Cethan Carter,TE,60,2021
Codey McElroy,TE,60,2021
Colby Parkinson,TE,60,2021
Colin Thompson,TE,60,2021
Daniel Brown,TE,60,2021
Daniel Helm,TE,60,2021
Darrell Daniels,TE,60,2021
Darren Fells,TE,60,2021
Demetrius Harris,TE,60,2021
Deon Yelder,TE,60,2021
Derek Carrier,TE,60,2021
Dominique Dafney,TE,60,2021
Eric Tomlinson,TE,60,2021
Ethan Wolf,TE,60,2021
Feleipe Franks,TE,60,2021
Garrett Griffin,TE,60,2021
Giovanni Ricci,TE,60,2021
Hunter Long,TE,60,2021
J.P. Holtz,TE,60,2021
Jack Stoll,TE,60,2021
Jeremy Sprinkle,TE,60,2021
Johnny Mundt,TE,60,2021
Kaden Smith,TE,60,2021
Kenny Yeboah,TE,60,2021
Kevin Rader,TE,60,2021
Luke Stocker,TE,60,2021
Miller Forristall,TE,60,2021
Mitchell Wilcox,TE,60,2021
Nick Boyle,TE,60,2021
Noah Togiai,TE,60,2021
Parker Hesse,TE,60,2021
Richard Rodgers,TE,60,2021
Sammis Reyes,TE,60,2021
Shane Zylstra,TE,60,2021
Stephen Sullivan,TE,60,2021
Tommy Hudson,TE,60,2021
Trevon Wesco,TE,60,2021
Tyler Davis,TE,60,2021
Cooper Kupp,WR,99,2021
Ja'Marr Chase,WR,87,2021
Mike Evans,WR,85,2021
Tyreek Hill,WR,83,2021
Davante Adams,WR,82,2021
Justin Jefferson,WR,81,2021
DK Metcalf,WR,79,2021
Stefon Diggs,WR,79,2021
Deebo Samuel Sr.,WR,77,2021
Diontae Johnson,WR,77,2021
Gabe Davis,WR,77,2021
Hunter Renfrow,WR,77,2021
Mike Williams,WR,77,2021
Tee Higgins,WR,77,2021
Amari Cooper,WR,76,2021
Tyler Lockett,WR,76,2021
Adam Thielen,WR,75,2021
CeeDee Lamb,WR,74,2021
Keenan Allen,WR,74,2021
A.J. Brown,WR,73,2021
Brandin Cooks,WR,73,2021
Byron Pringle,WR,73,2021
Jaylen Waddle,WR,73,2021
Kendrick Bourne,WR,73,2021
Marquise Brown,WR,73,2021
Michael Pittman,WR,73,2021
Odell Beckham Jr.,WR,73,2021
Allen Lazard,WR,72,2021
Chris Godwin Jr.,WR,72,2021
Christian Kirk,WR,72,2021
DJ Moore,WR,72,2021
DeAndre Hopkins,WR,72,2021
DeVonta Smith,WR,72,2021
K.J. Osborn,WR,72,2021
Terry McLaurin,WR,72,2021
Tyler Boyd,WR,72,2021
Van Jefferson,WR,72,2021
Amon-Ra St. Brown,WR,71,2021
Brandon Aiyuk,WR,71,2021
Cedrick Wilson Jr.,WR,71,2021
Darnell Mooney,WR,71,2021
Marquez Callaway,WR,71,2021
Emmanuel Sanders,WR,70,2021
Marvin Jones,WR,70,2021
Tim Patrick,WR,70,2021
A.J. Green,WR,69,2021
Elijah Moore,WR,69,2021
Robbie Chosen,WR,69,2021
Russell Gage,WR,69,2021
Antonio Brown,WR,68,2021
Chase Claypool,WR,68,2021
Jakobi Meyers,WR,68,2021
Kalif Raymond,WR,68,2021
Mecole Hardman,WR,68,2021
Randall Cobb,WR,68,2021
Robert Woods,WR,68,2021
Bryan Edwards,WR,67,2021
Corey Davis,WR,67,2021
Courtland Sutton,WR,67,2021
Deonte Harty,WR,67,2021
Donovan Peoples-Jones,WR,67,2021
Jauan Jennings,WR,67,2021
Josh Palmer,WR,67,2021
Nick Westbrook-Ikhine,WR,67,2021
Cole Beasley,WR,66,2021
Freddie Swain,WR,66,2021
Jalen Guyton,WR,66,2021
Jarvis Landry,WR,66,2021
Mack Hollins,WR,66,2021
Marquez Valdes-Scantling,WR,66,2021
Nelson Agholor,WR,66,2021
Olamide Zaccheaus,WR,66,2021
Tre'Quan Smith,WR,66,2021
Zach Pascal,WR,66,2021
Zay Jones,WR,66,2021
Antoine Wesley,WR,65,2021
Braxton Berrios,WR,65,2021
Danny Amendola,WR,65,2021
DeAndre Carter,WR,65,2021
DeSean Jackson,WR,65,2021
DeVante Parker,WR,65,2021
Demarcus Robinson,WR,65,2021
Henry Ruggs III,WR,65,2021
James Washington,WR,65,2021
Jamison Crowder,WR,65,2021
Josh Reynolds,WR,65,2021
Michael Gallup,WR,65,2021
Quez Watkins,WR,65,2021
T.Y. Hilton,WR,65,2021
Allen Robinson,WR,64,2021
Calvin Ridley,WR,64,2021
Chris Conley,WR,64,2021
Chris Moore,WR,64,2021
Darius Slayton,WR,64,2021
Devin Duvernay,WR,64,2021
Greg Ward,WR,64,2021
Jalen Reagor,WR,64,2021
Julio Jones,WR,64,2021
Keelan Cole,WR,64,2021
Laquon Treadwell,WR,64,2021
Laviska Shenault Jr.,WR,64,2021
Lil'Jordan Humphrey,WR,64,2021
Malik Turner,WR,64,2021
Nico Collins,WR,64,2021
Rashod Bateman,WR,64,2021
Rondale Moore,WR,64,2021
Sammy Watkins,WR,64,2021
Ashton Dulin,WR,63,2021
Brandon Zylstra,WR,63,2021
Cam Sims,WR,63,2021
Chester Rogers,WR,63,2021
Cyril Grayson,WR,63,2021
DJ Chark,WR,63,2021
Damiere Byrd,WR,63,2021
Ihmir Smith-Marsette,WR,63,2021
Isaiah Ford,WR,63,2021
Isaiah McKenzie,WR,63,2021
Jakeem Grant,WR,63,2021
Jamal Agnew,WR,63,2021
Jerry Jeudy,WR,63,2021
John Ross,WR,63,2021
Kadarius Toney,WR,63,2021
Kenny Golladay,WR,63,2021
Marquise Goodwin,WR,63,2021
Quintez Cephus,WR,63,2021
Rashard Higgins,WR,63,2021
Sterling Shepard,WR,63,2021
Tyler Johnson,WR,63,2021
Adam Humphries,WR,62,2021
Anthony Schwartz,WR,62,2021
Breshad Perriman,WR,62,2021
Dante Pettis,WR,62,2021
Kendall Hinton,WR,62,2021
Kenny Stills,WR,62,2021
Kristian Wilkerson,WR,62,2021
Parris Campbell,WR,62,2021
Ray-Ray McCloud,WR,62,2021
Tavon Austin,WR,62,2021
Trent Sherfield,WR,62,2021
Albert Wilson,WR,61,2021
Anthony Miller,WR,61,2021
Auden Tate,WR,61,2021
Ben Skowronek,WR,61,2021
Cameron Batson,WR,61,2021
Chris Hogan,WR,61,2021
Collin Johnson,WR,61,2021
Dax Milne,WR,61,2021
Dee Eskridge,WR,61,2021
Denzel Mims,WR,61,2021
Dez Fitzpatrick,WR,61,2021
Dezmon Patmon,WR,61,2021
Dyami Brown,WR,61,2021
Equanimeous St. Brown,WR,61,2021
James Proche,WR,61,2021
Jeff Smith,WR,61,2021
Josh Gordon,WR,61,2021
JuJu Smith-Schuster,WR,61,2021
KhaDarel Hodge,WR,61,2021
Marcus Johnson,WR,61,2021
Mohamed Sanu,WR,61,2021
Noah Brown,WR,61,2021
Phillip Dorsett,WR,61,2021
Scott Miller,WR,61,2021
Shi Smith,WR,61,2021
Tajae Sharpe,WR,61,2021
Terrace Marshall Jr.,WR,61,2021
Trinity Benson,WR,61,2021
Ty Montgomery,WR,61,2021
Alex Bachman,WR,60,2021
Alex Erickson,WR,60,2021
Amari Rodgers,WR,60,2021
Andre Roberts,WR,60,2021
Andy Isabella,WR,60,2021
Antonio Gandy-Golden,WR,60,2021
Brandon Powell,WR,60,2021
C.J. Board,WR,60,2021
C.J. Saunders,WR,60,2021
Christian Blake,WR,60,2021
Cody Hollister,WR,60,2021
Cody Thompson,WR,60,2021
Cody White,WR,60,2021
Curtis Samuel,WR,60,2021
D.J. Montgomery,WR,60,2021
Dan Chisena,WR,60,2021
Daurice Fountain,WR,60,2021
David Moore,WR,60,2021
David Sills,WR,60,2021
Davion Davis,WR,60,2021
Dazz Newsome,WR,60,2021
Dede Westbrook,WR,60,2021
Devin Smith,WR,60,2021
Dillon Stoner,WR,60,2021
Diontae Spencer,WR,60,2021
Easop Winston,WR,60,2021
Frank Darby,WR,60,2021
Geronimo Allison,WR,60,2021
Greg Dortch,WR,60,2021
Gunner Olszewski,WR,60,2021
Isaiah Coulter,WR,60,2021
J.J. Arcega-Whiteside,WR,60,2021
J.J. Koski,WR,60,2021
Ja'Marcus Bradley,WR,60,2021
Jacob Harris,WR,60,2021
Jaelon Darden,WR,60,2021
Jake Kumerow,WR,60,2021
Jalen Camp,WR,60,2021
Jason Moore,WR,60,2021
Jaydon Mickens,WR,60,2021
JoJo Natson,WR,60,2021
John Brown,WR,60,2021
John Hightower,WR,60,2021
Jordan Veasy,WR,60,2021
Juwann Winfree,WR,60,2021
K.J. Hill,WR,60,2021
KJ Hamler,WR,60,2021
Kawaan Baker,WR,60,2021
Keith Kirkwood,WR,60,2021
Keke Coutee,WR,60,2021
Kevin White,WR,60,2021
Kirk Merritt,WR,60,2021
Landen Akers,WR,60,2021
Malik Taylor,WR,60,2021
Marcus Kemp,WR,60,2021
Marquez Stevenson,WR,60,2021
Marvin Hall,WR,60,2021
Mason Kinsey,WR,60,2021
Matt Cole,WR,60,2021
Matthew Slater,WR,60,2021
Maurice Ffrench,WR,60,2021
Michael Bandy,WR,60,2021
Mike Strachan,WR,60,2021
Mike Thomas,WR,60,2021
Miles Boykin,WR,60,2021
Nsimba Webster,WR,60,2021
Penny Hart,WR,60,2021
Pharoh Cooper,WR,60,2021
Preston Williams,WR,60,2021
Racey McMath,WR,60,2021
River Cracraft,WR,60,2021
Rodney Adams,WR,60,2021
Seth Williams,WR,60,2021
Stanley Morgan,WR,60,2021
Tarik Black,WR,60,2021
Tom Kennedy,WR,60,2021
Tommylee Lewis,WR,60,2021
Travis Benjamin,WR,60,2021
Trent Taylor,WR,60,2021
Trenton Irwin,WR,60,2021
Tutu Atwell,WR,60,2021
Tylan Wallace,WR,60,2021
Tyrell Williams,WR,60,2021
Tyrie Cleveland,WR,60,2021
Tyron Johnson,WR,60,2021
Vyncint Smith,WR,60,2021
Will Fuller,WR,60,2021
Willie Snead,WR,60,2021
Aaron Brewer,C,60,2022
Andre James,C,60,2022
Austin Blythe,C,60,2022
Austin Corbett,C,60,2022
Ben Jones,C,60,2022
Billy Price,C,60,2022
Blake Brandel,C,60,2022
Bradley Bozeman,C,60,2022
Coleman Shelton,C,60,2022
Connor McGovern,C,60,2022
Connor Williams,C,60,2022
Corey Linsley,C,60,2022
Creed Humphrey,C,60,2022
Danny Pinter,C,60,2022
David Andrews,C,60,2022
Drew Dalman,C,60,2022
Elgton Jenkins,C,60,2022
Erik McCoy,C,60,2022
Ethan Pocic,C,60,2022
Garrett Bradbury,C,60,2022
Graham Glasgow,C,60,2022
Hjalte Froholdt,C,60,2022
Hroniss Grasu,C,60,2022
J.C. Hassenauer,C,60,2022
Jake Brendel,C,60,2022
James Ferentz,C,60,2022
Jason Kelce,C,60,2022
Jordan Meredith,C,60,2022
Josh Myers,C,60,2022
Justin Britt,C,60,2022
Lloyd Cushenberry III,C,60,2022
Luke Fortner,C,60,2022
Mason Cole,C,60,2022
Matt Skura,C,60,2022
Mitch Morse,C,60,2022
Nick Martin,C,60,2022
Pat Elflein,C,60,2022
Robert Hainsey,C,60,2022
Rodney Hudson,C,60,2022
Ryan Jensen,C,60,2022
Ryan Kelly,C,60,2022
Sam Mustipher,C,60,2022
Scott Quessenberry,C,60,2022
Sean Harlow,C,60,2022
Ted Karras,C,60,2022
Tyler Biadasz,C,60,2022
Tyler Larsen,C,60,2022
Tyler Linderbaum,C,60,2022
Tyler Shatley,C,60,2022
Will Clapp,C,60,2022
A.J. Green,CB,60,2022
A.J. Terrell,CB,60,2022
AJ Parker,CB,60,2022
Aaron Robinson,CB,60,2022
Adoree' Jackson,CB,60,2022
Ahkello Witherspoon,CB,60,2022
Akayleb Evans,CB,60,2022
Allan George,CB,60,2022
Alontae Taylor,CB,60,2022
Amani Oruwariye,CB,60,2022
Ambry Thomas,CB,60,2022
Amik Robertson,CB,60,2022
Andrew Booth,CB,60,2022
Anthony Averett,CB,60,2022
Anthony Brown,CB,60,2022
Anthony Chesley,CB,60,2022
Antonio Hamilton,CB,60,2022
Arthur Maulet,CB,60,2022
Asante Samuel Jr.,CB,60,2022
Avonte Maddox,CB,60,2022
Benjamin St-Juste,CB,60,2022
Bobby McCain,CB,60,2022
Bradley Roby,CB,60,2022
Brandin Echols,CB,60,2022
Brandon Stephens,CB,60,2022
Bryce Callahan,CB,60,2022
Bryce Thompson,CB,60,2022
Byron Murphy,CB,60,2022
C.J. Goodwin,CB,60,2022
C.J. Henderson,CB,60,2022
Caleb Farley,CB,60,2022
Cam Lewis,CB,60,2022
Cam Taylor-Britt,CB,60,2022
Cameron Dantzler,CB,60,2022
Cameron Sutton,CB,60,2022
Carlton Davis III,CB,60,2022
Casey Hayward,CB,60,2022
Charvarius Ward,CB,60,2022
Chase Lucas,CB,60,2022
Chidobe Awuzie,CB,60,2022
Chris Claybrooks,CB,60,2022
Chris Harris,CB,60,2022
Christian Benford,CB,60,2022
Christian Holmes,CB,60,2022
Christian Matthew,CB,60,2022
Cobie Durant,CB,60,2022
Cordale Flott,CB,60,2022
D.J. Reed,CB,60,2022
DaRon Bland,CB,60,2022
Dallis Flowers,CB,60,2022
Damarion Williams,CB,60,2022
Dane Jackson,CB,60,2022
Darious Williams,CB,60,2022
Darius Phillips,CB,60,2022
Darius Slay,CB,60,2022
Darnay Holmes,CB,60,2022
Darrell Baker Jr.,CB,60,2022
Darren Hall,CB,60,2022
Daryl Worley,CB,60,2022
Davontae Harris,CB,60,2022
Daxton Hill,CB,60,2022
Deane Leonard,CB,60,2022
Dee Alford,CB,60,2022
Denzel Ward,CB,60,2022
Deommodore Lenoir,CB,60,2022
Derek Stingley Jr.,CB,60,2022
Derion Kendrick,CB,60,2022
Dicaprio Bootle,CB,60,2022
Donte Jackson,CB,60,2022
Duke Shelley,CB,60,2022
Eli Apple,CB,60,2022
Elijah Molden,CB,60,2022
Eric Rowe,CB,60,2022
Eric Stokes,CB,60,2022
Fabian Moreau,CB,60,2022
Greedy Williams,CB,60,2022
Greg Mabin,CB,60,2022
Greg Newsome II,CB,60,2022
Greg Stroman,CB,60,2022
Gregory Junior,CB,60,2022
Harrison Hand,CB,60,2022
Herb Miller,CB,60,2022
Isaac Yiadom,CB,60,2022
Isaiah Dunn,CB,60,2022
Isaiah Rodgers,CB,60,2022
Israel Mukuamu,CB,60,2022
Ja'Marcus Ingram,CB,60,2022
Ja'Quan McMillian,CB,60,2022
Ja'Sir Taylor,CB,60,2022
Jace Whittaker,CB,60,2022
Jack Jones,CB,60,2022
Jaire Alexander,CB,60,2022
Jalen Davis,CB,60,2022
Jalen Mills,CB,60,2022
Jalen Ramsey,CB,60,2022
Jalyn Armour-Davis,CB,60,2022
Jamel Dean,CB,60,2022
James Bradberry,CB,60,2022
James Pierre,CB,60,2022
Janoris Jenkins,CB,60,2022
Jarren Williams,CB,60,2022
Jaycee Horn,CB,60,2022
Jaylen Watson,CB,60,2022
Jaylon Johnson,CB,60,2022
Jeff Okudah,CB,60,2022
Jerry Jacobs,CB,60,2022
John Reid,CB,60,2022
Jonathan Jones,CB,60,2022
Josh Blackwell,CB,60,2022
Josh Jackson,CB,60,2022
Josh Jobe,CB,60,2022
Josh Norman,CB,60,2022
Joshua Williams,CB,60,2022
Josiah Scott,CB,60,2022
Jourdan Lewis,CB,60,2022
Justin Bethel,CB,60,2022
Justin Coleman,CB,60,2022
Justin Layne,CB,60,2022
Kader Kohou,CB,60,2022
Kaiir Elam,CB,60,2022
Keisean Nixon,CB,60,2022
Keith Taylor,CB,60,2022
Kelvin Joseph,CB,60,2022
Kendall Fuller,CB,60,2022
Kenny Moore II,CB,60,2022
Kevon Seymour,CB,60,2022
Kindle Vildor,CB,60,2022
Kris Boyd,CB,60,2022
Kristian Fulton,CB,60,2022
Kyle Fuller,CB,60,2022
Kyler Gordon,CB,60,2022
L'Jarius Sneed,CB,60,2022
Lamar Jackson,CB,60,2022
Logan Ryan,CB,60,2022
Mackensie Alexander,CB,60,2022
Marco Wilson,CB,60,2022
Marcus Jones,CB,60,2022
Marcus Peters,CB,60,2022
Marlon Humphrey,CB,60,2022
Marshon Lattimore,CB,60,2022
Martin Emerson,CB,60,2022
Michael Carter II,CB,60,2022
Michael Davis,CB,60,2022
Mike Ford,CB,60,2022
Mike Hilton,CB,60,2022
Mike Hughes,CB,60,2022
Mike Jackson,CB,60,2022
Montaric Brown,CB,60,2022
Myles Bryant,CB,60,2022
Nahshon Wright,CB,60,2022
Nate Hairston,CB,60,2022
Nate Hobbs,CB,60,2022
Nazeeh Johnson,CB,60,2022
Nick McCloud,CB,60,2022
Noah Igbinoghene,CB,60,2022
Pat Surtain II,CB,60,2022
Patrick Peterson,CB,60,2022
Paulson Adebo,CB,60,2022
Rachad Wildgoose,CB,60,2022
Rashad Fenton,CB,60,2022
Rasul Douglas,CB,60,2022
Riq Woolen,CB,60,2022
Robert Rochell,CB,60,2022
Rock Ya-Sin,CB,60,2022
Rodarius Williams,CB,60,2022
Roger McCreary,CB,60,2022
Ronald Darby,CB,60,2022
Sam Webb,CB,60,2022
Samuel Womack,CB,60,2022
Sauce Gardner,CB,60,2022
Sean Murphy-Bunting,CB,60,2022
Shaquill Griffin,CB,60,2022
Shaun Wade,CB,60,2022
Shemar Jean-Charles,CB,60,2022
Sidney Jones,CB,60,2022
Siran Neal,CB,60,2022
Stantley Thomas-Oliver,CB,60,2022
Stephon Gilmore,CB,60,2022
Steven Nelson,CB,60,2022
T.J. Carter,CB,60,2022
Taron Johnson,CB,60,2022
Teez Tabor,CB,60,2022
Terrance Mitchell,CB,60,2022
Thomas Graham Jr.,CB,60,2022
Trayvon Mullen,CB,60,2022
Tre Avery,CB,60,2022
Tre Brown,CB,60,2022
Tre Flowers,CB,60,2022
Tre Herndon,CB,60,2022
Tre Norwood,CB,60,2022
Tre'Davious White,CB,60,2022
Tremon Smith,CB,60,2022
Trent McDuffie,CB,60,2022
Trevon Diggs,CB,60,2022
Troy Hill,CB,60,2022
Tyler Hall,CB,60,2022
Tyson Campbell,CB,60,2022
Ugo Amadi,CB,60,2022
Will Redmond,CB,60,2022
William Jackson,CB,60,2022
Xavien Howard,CB,60,2022
Xavier Rhodes,CB,60,2022
Zech McPhearson,CB,60,2022
Zyon McCollum,CB,60,2022
A.J. Thomas,DB,60,2022
Adrian Phillips,DB,60,2022
Andre Chachere,DB,60,2022
Andrew Adams,DB,60,2022
Bobby Price,DB,60,2022
Brandon Facyson,DB,60,2022
C.J. Moore,DB,60,2022
Chandon Sullivan,DB,60,2022
Charles Washington,DB,60,2022
Chris Banjo,DB,60,2022
Chris Jackson,DB,60,2022
Chris Lammons,DB,60,2022
Chuck Clark,DB,60,2022
Clayton Fejedelem,DB,60,2022
Cody Davis,DB,60,2022
Corey Ballentine,DB,60,2022
Cornell Armstrong,DB,60,2022
Dallin Leavitt,DB,60,2022
Damarri Mathis,DB,60,2022
Dane Cruikshank,DB,60,2022
Daniel Sorensen,DB,60,2022
Danny Johnson,DB,60,2022
David Long,DB,60,2022
DeAndre Houston-Carson,DB,60,2022
Dee Delaney,DB,60,2022
Desmond King,DB,60,2022
Elijah Campbell,DB,60,2022
Elijah Riley,DB,60,2022
Emmanuel Moseley,DB,60,2022
Essang Bassey,DB,60,2022
George Odum,DB,60,2022
Grant Haley,DB,60,2022
J.C. Jackson,DB,60,2022
J.T. Gray,DB,60,2022
Jacobi Francis,DB,60,2022
Jaquan Johnson,DB,60,2022
Jaylon Jones,DB,60,2022
John Johnson,DB,60,2022
Johnathan Abram,DB,60,2022
Jonathan Owens,DB,60,2022
Josh Thomas,DB,60,2022
Josh Thompson,DB,60,2022
Joshua Kalu,DB,60,2022
Justin Hardee,DB,60,2022
K'Waun Williams,DB,60,2022
Keion Crossen,DB,60,2022
Kemon Hall,DB,60,2022
Levi Wallace,DB,60,2022
Marcell Harris,DB,60,2022
Marquise Blair,DB,60,2022
Matthias Farley,DB,60,2022
Micah Abernathy,DB,60,2022
Michael Thomas,DB,60,2022
Nik Needham,DB,60,2022
Nolan Turner,DB,60,2022
Roderic Teamer,DB,60,2022
Ryan Neal,DB,60,2022
Sean Chandler,DB,60,2022
T.J. Carrie,DB,60,2022
Tae Hayes,DB,60,2022
Tarvarius Moore,DB,60,2022
Tevaughn Campbell,DB,60,2022
Tony Brown,DB,60,2022
Tracy Walker III,DB,60,2022
Troy Apke,DB,60,2022
Xavier Crawford,DB,60,2022
Zyon Gilbert,DB,60,2022
A'Shawn Robinson,DE,60,2022
A.J. Epenesa,DE,60,2022
Adam Gotsis,DE,60,2022
Aidan Hutchinson,DE,60,2022
Akiem Hicks,DE,60,2022
Al-Quadin Muhammad,DE,60,2022
Alex Wright,DE,60,2022
Angelo Blackson,DE,60,2022
Arron Mosby,DE,60,2022
Austin Bryant,DE,60,2022
B.J. Hill,DE,60,2022
Ben Banogu,DE,60,2022
Ben Stille,DE,60,2022
Benning Potoa'e,DE,60,2022
Brandon Graham,DE,60,2022
Brandon Williams,DE,60,2022
Brent Urban,DE,60,2022
Bryce Huff,DE,60,2022
Calais Campbell,DE,60,2022
Cameron Jordan,DE,60,2022
Cameron Sample,DE,60,2022
Cameron Thomas,DE,60,2022
Carl Granderson,DE,60,2022
Carl Lawson,DE,60,2022
Carlos Dunlap,DE,60,2022
Carlos Watkins,DE,60,2022
Casey Toohill,DE,60,2022
Chandler Jones,DE,60,2022
Charles Omenihu,DE,60,2022
Chase Winovich,DE,60,2022
Chase Young,DE,60,2022
Chauncey Golston,DE,60,2022
Chris Jones,DE,60,2022
Chris Rumph II,DE,60,2022
Christian Covington,DE,60,2022
Christian Ringo,DE,60,2022
Clelin Ferrell,DE,60,2022
Corey Peters,DE,60,2022
DJ Reader,DE,60,2022
DaMarcus Mitchell,DE,60,2022
Dalvin Tomlinson,DE,60,2022
Daniel Hardy,DE,60,2022
Danielle Hunter,DE,60,2022
Dante Fowler Jr.,DE,60,2022
Darrell Taylor,DE,60,2022
David Bada,DE,60,2022
Dawuane Smoot,DE,60,2022
Dayo Odeyingbo,DE,60,2022
De'Shaan Dixon,DE,60,2022
DeMarcus Walker,DE,60,2022
DeMarvin Leal,DE,60,2022
DeShawn Williams,DE,60,2022
Deatrich Wise,DE,60,2022
Demone Harris,DE,60,2022
Derrick Brown,DE,60,2022
Dominique Robinson,DE,60,2022
Donovan Jeter,DE,60,2022
Dorance Armstrong,DE,60,2022
Drake Jackson,DE,60,2022
Dre'Mont Jones,DE,60,2022
Earnest Brown IV,DE,60,2022
Efe Obada,DE,60,2022
Elijah Garcia,DE,60,2022
Emmanuel Ogbah,DE,60,2022
Esezi Otomewo,DE,60,2022
Genard Avery,DE,60,2022
George Karlaftis,DE,60,2022
Greg Rousseau,DE,60,2022
Henry Anderson,DE,60,2022
Ifeadi Odenigbo,DE,60,2022
Isaac Rochell,DE,60,2022
Isaiah Thomas,DE,60,2022
J.J. Watt,DE,60,2022
Jabari Zuniga,DE,60,2022
Jacob Martin,DE,60,2022
James Houston,DE,60,2022
James Smith-Williams,DE,60,2022
Jason Pierre-Paul,DE,60,2022
Jeffrey Gunter,DE,60,2022
Jerry Hughes,DE,60,2022
Joe Gaziano,DE,60,2022
Joe Tryon-Shoyinka,DE,60,2022
Joey Bosa,DE,60,2022
John Cominsky,DE,60,2022
John Franklin-Myers,DE,60,2022
Jonah Williams,DE,60,2022
Jonathan Allen,DE,60,2022
Jonathan Bullard,DE,60,2022
Jonathan Kongbo,DE,60,2022
Jonathan Ledbetter,DE,60,2022
Jordan Willis,DE,60,2022
Joseph Ossai,DE,60,2022
Josh Hines-Allen,DE,60,2022
Joshua Paschal,DE,60,2022
Julian Okwara,DE,60,2022
Kameron Cline,DE,60,2022
Kemoko Turay,DE,60,2022
Kendal Vickers,DE,60,2022
Kentavius Street,DE,60,2022
Kerry Hyder,DE,60,2022
Khalid Kareem,DE,60,2022
Kingsley Enagbare,DE,60,2022
Kingsley Jonathan,DE,60,2022
Kwity Paye,DE,60,2022
L.J. Collier,DE,60,2022
Larrell Murchison,DE,60,2022
Leonard Floyd,DE,60,2022
Leonard Williams,DE,60,2022
Logan Hall,DE,60,2022
Malcolm Koonce,DE,60,2022
Malik Herring,DE,60,2022
Marcus Davenport,DE,60,2022
Matt Dickerson,DE,60,2022
Matt Henningsen,DE,60,2022
Maxx Crosby,DE,60,2022
Micah Parsons,DE,60,2022
Michael Danna,DE,60,2022
Michael Dogbe,DE,60,2022
Micheal Clemons,DE,60,2022
Milton Williams,DE,60,2022
Montez Sweat,DE,60,2022
Morgan Fox,DE,60,2022
Myles Garrett,DE,60,2022
Neil Farrell,DE,60,2022
Nick Bosa,DE,60,2022
Ogbo Okoronkwo,DE,60,2022
Pat O'Connor,DE,60,2022
Payton Turner,DE,60,2022
Preston Smith,DE,60,2022
Quinton Jefferson,DE,60,2022
Rashan Gary,DE,60,2022
Rasheem Green,DE,60,2022
Robert Quinn,DE,60,2022
Romeo Okwara,DE,60,2022
Roy Robertson-Harris,DE,60,2022
Sam Hubbard,DE,60,2022
Sam Roberts,DE,60,2022
Sam Williams,DE,60,2022
Samson Ebukam,DE,60,2022
Sebastian Joseph-Day,DE,60,2022
Shaka Toney,DE,60,2022
Shaq Lawson,DE,60,2022
Solomon Thomas,DE,60,2022
Stephen Jones,DE,60,2022
Taco Charlton,DE,60,2022
Takk McKinley,DE,60,2022
Tanoh Kpassagnon,DE,60,2022
Tashawn Bower,DE,60,2022
Tershawn Wharton,DE,60,2022
Travon Walker,DE,60,2022
Trevis Gipson,DE,60,2022
Trey Hendrickson,DE,60,2022
Tyquan Lewis,DE,60,2022
Tyson Alualu,DE,60,2022
Vinny Curry,DE,60,2022
Will Bradley-King,DE,60,2022
Yannick Ngakoue,DE,60,2022
Yetur Gross-Matos,DE,60,2022
Za'Darius Smith,DE,60,2022
Zach Allen,DE,60,2022
Aaron Donald,DL,60,2022
Chris Williams,DL,60,2022
Domenique Davis,DL,60,2022
Mario Addison,DL,60,2022
Ryder Anderson,DL,60,2022
Abdullah Anderson,DT,60,2022
Akeem Spence,DT,60,2022
Al Woods,DT,60,2022
Alim McNeill,DT,60,2022
Andrew Billings,DT,60,2022
Andrew Brown,DT,60,2022
Antwaun Woods,DT,60,2022
Arik Armstead,DT,60,2022
Armon Watts,DT,60,2022
Benito Jones,DT,60,2022
Bilal Nichols,DT,60,2022
Bobby Brown III,DT,60,2022
Brandin Bryant,DT,60,2022
Bravvion Roy,DT,60,2022
Breiden Fehoko,DT,60,2022
Broderick Washington,DT,60,2022
Byron Cowart,DT,60,2022
C.J. Brewer,DT,60,2022
Cameron Heyward,DT,60,2022
Carl Davis,DT,60,2022
Carlos Davis,DT,60,2022
Christian Barmore,DT,60,2022
Christian Wilkins,DT,60,2022
Christopher Hinton,DT,60,2022
D.J. Jones,DT,60,2022
DJ Davidson,DT,60,2022
DaQuan Jones,DT,60,2022
DaVon Hamilton,DT,60,2022
Daniel Ekuale,DT,60,2022
Daniel Wise,DT,60,2022
David Moa,DT,60,2022
David Onyemata,DT,60,2022
Daviyon Nixon,DT,60,2022
Davon Godchaux,DT,60,2022
DeForest Buckner,DT,60,2022
Deadrin Senat,DT,60,2022
Dean Lowry,DT,60,2022
Denico Autry,DT,60,2022
Devonte Wyatt,DT,60,2022
Dexter Lawrence,DT,60,2022
Ed Oliver,DT,60,2022
Eli Ankou,DT,60,2022
Eric Banks,DT,60,2022
Eric Johnson,DT,60,2022
Eyioma Uwazurike,DT,60,2022
Fletcher Cox,DT,60,2022
Foley Fatukasi,DT,60,2022
Grady Jarrett,DT,60,2022
Greg Gaines,DT,60,2022
Grover Stewart,DT,60,2022
Harrison Phillips,DT,60,2022
Hassan Ridgeway,DT,60,2022
Henry Mondeaux,DT,60,2022
Isaiah Buggs,DT,60,2022
Isaiah Mack,DT,60,2022
Isaiahh Loudermilk,DT,60,2022
Jaleel Johnson,DT,60,2022
Jalen Dalton,DT,60,2022
Jalyn Holmes,DT,60,2022
James Lynch,DT,60,2022
Jarran Reed,DT,60,2022
Javon Kinlaw,DT,60,2022
Jay Tufele,DT,60,2022
Jeffery Simmons,DT,60,2022
Jeremiah Ledbetter,DT,60,2022
Jerry Tillery,DT,60,2022
John Jenkins,DT,60,2022
John Ridgeway,DT,60,2022
Johnathan Hankins,DT,60,2022
Jonathan Harris,DT,60,2022
Jordan Davis,DT,60,2022
Jordan Elliott,DT,60,2022
Jordan Phillips,DT,60,2022
Josh Tupou,DT,60,2022
Justin Ellis,DT,60,2022
Justin Jones,DT,60,2022
Justin Zimmer,DT,60,2022
Kevin Givens,DT,60,2022
Kevin Strong,DT,60,2022
Khalen Saunders,DT,60,2022
Khyiris Tonga,DT,60,2022
Kurt Hinish,DT,60,2022
Larry Ogunjobi,DT,60,2022
Lawrence Guy,DT,60,2022
Leki Fotu,DT,60,2022
Linval Joseph,DT,60,2022
Malcolm Roach,DT,60,2022
Maliek Collins,DT,60,2022
Mario Edwards,DT,60,2022
Marlon Tuipulotu,DT,60,2022
Marquan McCall,DT,60,2022
Marquise Copeland,DT,60,2022
Marvin Wilson,DT,60,2022
Matthew Butler,DT,60,2022
Matthew Ioannidis,DT,60,2022
Michael Brockers,DT,60,2022
Michael Dwumfour,DT,60,2022
Michael Pierce,DT,60,2022
Mike Pennel,DT,60,2022
Montravius Adams,DT,60,2022
Myles Adams,DT,60,2022
Naquan Jones,DT,60,2022
Nathan Shepherd,DT,60,2022
Neville Gallimore,DT,60,2022
Nick Williams,DT,60,2022
Nnamdi Madubuike,DT,60,2022
Osa Odighizuwa,DT,60,2022
Otito Ogbonnia,DT,60,2022
Perrion Winfrey,DT,60,2022
Phil Hoskins,DT,60,2022
Poona Ford,DT,60,2022
Prince Emili,DT,60,2022
Quinnen Williams,DT,60,2022
Quinton Bohanna,DT,60,2022
Raekwon Davis,DT,60,2022
Rakeem Nunez-Roches,DT,60,2022
Rashard Lawrence,DT,60,2022
Rayshad Nichols,DT,60,2022
Roderick Perry II,DT,60,2022
Ross Blacklock,DT,60,2022
Roy Lopez,DT,60,2022
Sam Okuayinonu,DT,60,2022
Shelby Harris,DT,60,2022
Sheldon Rankins,DT,60,2022
Shy Tuttle,DT,60,2022
T.J. Smith,DT,60,2022
T.Y. McGill,DT,60,2022
Ta'Quon Graham,DT,60,2022
Tanzel Smart,DT,60,2022
Taven Bryan,DT,60,2022
Taylor Stallworth,DT,60,2022
Teair Tart,DT,60,2022
Tedarrell Slaton,DT,60,2022
Thomas Booker,DT,60,2022
Tim Settle,DT,60,2022
Timmy Horne,DT,60,2022
Tommy Togiai,DT,60,2022
Travis Jones,DT,60,2022
Trysten Hill,DT,60,2022
Tyeler Davison,DT,60,2022
Vernon Butler,DT,60,2022
Vita Vea,DT,60,2022
William Gholston,DT,60,2022
Zach Sieler,DT,60,2022
Zachary Carter,DT,60,2022
Alec Ingold,FB,60,2022
C.J. Ham,FB,60,2022
Derek Watt,FB,60,2022
Jason Cabinda,FB,60,2022
Keith Smith,FB,60,2022
Khari Blasingame,FB,60,2022
Kyle Juszczyk,FB,60,2022
Michael Burton,FB,60,2022
Patrick Ricard,FB,60,2022
Reggie Gilliam,FB,60,2022
Derwin James,FS,60,2022
Devin McCourty,FS,60,2022
Eddie Jackson,FS,60,2022
Erik Harris,FS,60,2022
Harrison Smith,FS,60,2022
Jabrill Peppers,FS,60,2022
Jessie Bates,FS,60,2022
Jordan Poyer,FS,60,2022
Jordan Whitehead,FS,60,2022
Justin Simmons,FS,60,2022
Juston Burris,FS,60,2022
Kevin Byard,FS,60,2022
Malik Hooker,FS,60,2022
Marcus Maye,FS,60,2022
Marcus Williams,FS,60,2022
Minkah Fitzpatrick,FS,60,2022
Myles Hartsfield,FS,60,2022
Nasir Adderley,FS,60,2022
Rodney McLeod Jr.,FS,60,2022
Rudy Ford,FS,60,2022
Tashaun Gipson,FS,60,2022
Tyrann Mathieu,FS,60,2022
Xavier Woods,FS,60,2022
A.J. Cann,G,60,2022
Aaron Banks,G,60,2022
Alex Bars,G,60,2022
Alex Cappa,G,60,2022
Alijah Vera-Tucker,G,60,2022
Andrew Norwell,G,60,2022
Andrew Wylie,G,60,2022
Andrus Peat,G,60,2022
Austin Schlottmann,G,60,2022
Ben Bredeson,G,60,2022
Ben Cleveland,G,60,2022
Ben Powers,G,60,2022
Bobby Evans,G,60,2022
Brandon Scherff,G,60,2022
Calvin Throckmorton,G,60,2022
Cameron Erving,G,60,2022
Cesar Ruiz,G,60,2022
Chris Lindstrom,G,60,2022
Chris Paul,G,60,2022
Cody Ford,G,60,2022
Colby Gossett,G,60,2022
Cole Strange,G,60,2022
Connor McGovern,G,60,2022
Cordell Volson,G,60,2022
Corey Levin,G,60,2022
Dalton Risner,G,60,2022
Damien Lewis,G,60,2022
Daniel Faalele,G,60,2022
David Edwards,G,60,2022
Dylan Parham,G,60,2022
Ed Ingram,G,60,2022
Evan Brown,G,60,2022
Ezra Cleveland,G,60,2022
Frank Ragnow,G,60,2022
Greg Van Roten,G,60,2022
Isaac Seumalo,G,60,2022
Isaiah Wynn,G,60,2022
Jack Anderson,G,60,2022
Jackson Carman,G,60,2022
Jamaree Salyer,G,60,2022
James Daniels,G,60,2022
James Hurst,G,60,2022
Jermaine Eluemunor,G,60,2022
Joe Thuney,G,60,2022
Joel Bitonio,G,60,2022
John Simpson,G,60,2022
Jon Feliciano,G,60,2022
Jon Runyan,G,60,2022
Jonah Jackson,G,60,2022
Joshua Ezeudu,G,60,2022
Justin McCray,G,60,2022
Kenyon Green,G,60,2022
Kevin Dotson,G,60,2022
Kevin Zeitler,G,60,2022
Landon Dickerson,G,60,2022
Larry Borom,G,60,2022
Laurent Duvernay-Tardif,G,60,2022
Lecitus Smith,G,60,2022
Logan Stenberg,G,60,2022
Lucas Patrick,G,60,2022
Mark Glowinski,G,60,2022
Matt Farniok,G,60,2022
Matt Feiler,G,60,2022
Max Garcia,G,60,2022
Max Scharping,G,60,2022
Michael Schofield,G,60,2022
Mike Jordan,G,60,2022
Mike Onwenu,G,60,2022
Mike Remmers,G,60,2022
Nate Davis,G,60,2022
Nate Herbig,G,60,2022
Netane Muti,G,60,2022
Nick Allegretti,G,60,2022
Nick Gates,G,60,2022
Nick Leverett,G,60,2022
Oday Aboushi,G,60,2022
Phil Haynes,G,60,2022
Quenton Nelson,G,60,2022
Quinn Meinerz,G,60,2022
Robert Jones,G,60,2022
Rodger Saffold,G,60,2022
Royce Newman,G,60,2022
Sam Cosmi,G,60,2022
Shaq Mason,G,60,2022
Sua Opeta,G,60,2022
Teven Jenkins,G,60,2022
Tom Compton,G,60,2022
Trai Turner,G,60,2022
Trey Smith,G,60,2022
Tyre Phillips,G,60,2022
Wes Schweitzer,G,60,2022
Will Fries,G,60,2022
Will Hernandez,G,60,2022
Wyatt Teller,G,60,2022
Zach Tom,G,60,2022
Zack Martin,G,60,2022
Zion Johnson,G,60,2022
Austin Calitro,ILB,60,2022
Blake Martinez,ILB,60,2022
Bobby Okereke,ILB,60,2022
C.J. Mosley,ILB,60,2022
Cory Littleton,ILB,60,2022
David Long Jr.,ILB,60,2022
J.J. Russell,ILB,60,2022
Jayon Brown,ILB,60,2022
Jon Bostic,ILB,60,2022
Jordan Kunaszyk,ILB,60,2022
Josey Jewell,ILB,60,2022
Josh Bynes,ILB,60,2022
Kenny Young,ILB,60,2022
Nick Kwiatkoski,ILB,60,2022
Olakunle Fatukasi,ILB,60,2022
Oren Burks,ILB,60,2022
Rashaan Evans,ILB,60,2022
Reggie Ragland,ILB,60,2022
Roquan Smith,ILB,60,2022
Ryan Connelly,ILB,60,2022
Tanner Vallejo,ILB,60,2022
Tyler Matakevich,ILB,60,2022
Zach Cunningham,ILB,60,2022
Austin Seibert,K,60,2022
Brandon McManus,K,60,2022
Brett Maher,K,60,2022
Cade York,K,60,2022
Cairo Santos,K,60,2022
Caleb Shudak,K,60,2022
Cameron Dicker,K,60,2022
Chase McLaughlin,K,60,2022
Chris Boswell,K,60,2022
Daniel Carlson,K,60,2022
Dominik Eberle,K,60,2022
Dustin Hopkins,K,60,2022
Eddy Pineiro,K,60,2022
Evan McPherson,K,60,2022
Graham Gano,K,60,2022
Greg Joseph,K,60,2022
Greg Zuerlein,K,60,2022
Harrison Butker,K,60,2022
Jake Elliott,K,60,2022
Jason Myers,K,60,2022
Jason Sanders,K,60,2022
Joey Slye,K,60,2022
Josh Lambo,K,60,2022
Justin Tucker,K,60,2022
Ka'imi Fairbairn,K,60,2022
Mason Crosby,K,60,2022
Matt Ammendola,K,60,2022
Matt Gay,K,60,2022
Matt Prater,K,60,2022
Matthew Wright,K,60,2022
Mike Badgley,K,60,2022
Nick Folk,K,60,2022
Nick Sciba,K,60,2022
Ramiz Ahmed,K,60,2022
Randy Bullock,K,60,2022
Riley Patterson,K,60,2022
Robbie Gould,K,60,2022
Rodrigo Blankenship,K,60,2022
Ryan Succop,K,60,2022
Taylor Bertolet,K,60,2022
Tristan Vizcaino,K,60,2022
Tyler Bass,K,60,2022
Wil Lutz,K,60,2022
Younghoe Koo,K,60,2022
Aaron Patrick,LB,60,2022
Adetokunbo Ogundeji,LB,60,2022
Akeem Davis-Gaither,LB,60,2022
Alex Highsmith,LB,60,2022
Alex Singleton,LB,60,2022
Alexander Johnson,LB,60,2022
Amare Barno,LB,60,2022
Amen Ogbongbemiga,LB,60,2022
Andre Smith,LB,60,2022
Andrew Dowell,LB,60,2022
Anfernee Jennings,LB,60,2022
Anthony Nelson,LB,60,2022
Anthony Pittman,LB,60,2022
Arden Key,LB,60,2022
Arnold Ebiketie,LB,60,2022
Azeez Al-Shaair,LB,60,2022
Azeez Ojulari,LB,60,2022
Baron Browning,LB,60,2022
Baylon Spector,LB,60,2022
Ben Niemann,LB,60,2022
Blake Cashman,LB,60,2022
Boye Mafe,LB,60,2022
Brandon Smith,LB,60,2022
Brian Asamoah II,LB,60,2022
Brian Burns,LB,60,2022
Bruce Irvin,LB,60,2022
Caleb Johnson,LB,60,2022
Cameron Brown,LB,60,2022
Cameron McGrone,LB,60,2022
Carl Nassib,LB,60,2022
Carlos Basham,LB,60,2022
Carter Coughlin,LB,60,2022
Chad Muma,LB,60,2022
Chandler Wooten,LB,60,2022
Channing Tindall,LB,60,2022
Charles Harris,LB,60,2022
Chase Hansen,LB,60,2022
Chazz Surratt,LB,60,2022
Chris Board,LB,60,2022
Christian Elliss,LB,60,2022
Christian Harris,LB,60,2022
Christian Rozeboom,LB,60,2022
Clay Johnston,LB,60,2022
Cody Barton,LB,60,2022
Cole Christiansen,LB,60,2022
Cole Holcomb,LB,60,2022
Curtis Bolton,LB,60,2022
D.J. Wonnum,LB,60,2022
Dakota Allen,LB,60,2022
Damone Clark,LB,60,2022
Darien Butler,LB,60,2022
Darius Harris,LB,60,2022
David Ojabo,LB,60,2022
DeAngelo Malone,LB,60,2022
DeMarcus Lawrence,LB,60,2022
DeMarquis Gates,LB,60,2022
Deion Jones,LB,60,2022
Del'Shawn Phillips,LB,60,2022
Demetrius Flannigan-Fowles,LB,60,2022
Dennis Gardeck,LB,60,2022
Derrek Tuszka,LB,60,2022
Derrick Barnes,LB,60,2022
Devin Bush,LB,60,2022
Devin Harper,LB,60,2022
Devin Lloyd,LB,60,2022
Devin White,LB,60,2022
Divine Deablo,LB,60,2022
Dre Greenlaw,LB,60,2022
Drue Tranquill,LB,60,2022
Dylan Cole,LB,60,2022
E.J. Speed,LB,60,2022
Elerson G. Smith,LB,60,2022
Eric Wilson,LB,60,2022
Ernest Jones,LB,60,2022
Ezekiel Turner,LB,60,2022
Forrest Rhyne,LB,60,2022
Foye Oluokun,LB,60,2022
Frank Clark,LB,60,2022
Frankie Luvu,LB,60,2022
Garret Wallow,LB,60,2022
Germaine Pratt,LB,60,2022
Grant Stuard,LB,60,2022
Hamsah Nasirildeen,LB,60,2022
Harvey Langi,LB,60,2022
Isaiah McDuffie,LB,60,2022
Isaiah Simmons,LB,60,2022
Ja'Whaun Bentley,LB,60,2022
Jabril Cox,LB,60,2022
Jack Cochrane,LB,60,2022
Jack Gibbens,LB,60,2022
Jack Sanborn,LB,60,2022
Jacob Hummel,LB,60,2022
Jacob Phillips,LB,60,2022
Jaelan Phillips,LB,60,2022
Jahlani Tavai,LB,60,2022
Jake Gervase,LB,60,2022
Jake Hansen,LB,60,2022
Jalen Reeves-Maybin,LB,60,2022
Jamal Adams,LB,60,2022
Jamien Sherwood,LB,60,2022
Jamin Davis,LB,60,2022
Jamir Jones,LB,60,2022
Jeremiah Attaochu,LB,60,2022
Jeremiah Owusu-Koramoah,LB,60,2022
Jermaine Carter,LB,60,2022
Jermaine Johnson II,LB,60,2022
Jesse Luketa,LB,60,2022
Jihad Ward,LB,60,2022
JoJo Domann,LB,60,2022
Joe Bachie,LB,60,2022
Joe Giles-Harris,LB,60,2022
Joe Jones,LB,60,2022
Joel Iyiegbuniwe,LB,60,2022
Jon Rhattigan,LB,60,2022
Jonas Griffith,LB,60,2022
Jonathan Garvin,LB,60,2022
Jonathan Greenard,LB,60,2022
Jonathon Cooper,LB,60,2022
Jordyn Brooks,LB,60,2022
Josh Ross,LB,60,2022
Josh Woods,LB,60,2022
Joshua Onujiogu,LB,60,2022
Joshua Uche,LB,60,2022
Justin Hollins,LB,60,2022
Justin Strnad,LB,60,2022
K'Lavon Chaisson,LB,60,2022
K.J. Britt,LB,60,2022
Kaden Elliss,LB,60,2022
Kayvon Thibodeaux,LB,60,2022
Keir Thomas,LB,60,2022
"Kenneth Murray, Jr.",LB,60,2022
Kevin Pierre-Louis,LB,60,2022
Khaleke Hudson,LB,60,2022
Kristian Welch,LB,60,2022
Krys Barnes,LB,60,2022
Kyron Johnson,LB,60,2022
La'Darius Hamilton,LB,60,2022
Landon Collins,LB,60,2022
Leo Chenal,LB,60,2022
Logan Wilson,LB,60,2022
Lorenzo Carter,LB,60,2022
Luiji Vilain,LB,60,2022
Luke Gifford,LB,60,2022
Luke Masterson,LB,60,2022
Mack Wilson,LB,60,2022
Malcolm Rodriguez,LB,60,2022
Malik Harrison,LB,60,2022
Malik Reed,LB,60,2022
Marcus Allen,LB,60,2022
Mark Robinson,LB,60,2022
Markus Bailey,LB,60,2022
Markus Golden,LB,60,2022
Marquis Haynes,LB,60,2022
Melvin Ingram,LB,60,2022
Micah McFadden,LB,60,2022
Michael Hoecht,LB,60,2022
Milo Eifler,LB,60,2022
Monty Rice,LB,60,2022
Myjai Sanders,LB,60,2022
Mykal Walker,LB,60,2022
Nakobe Dean,LB,60,2022
Nate Landman,LB,60,2022
Neville Hewitt,LB,60,2022
Nicholas Morrow,LB,60,2022
Nick Bellore,LB,60,2022
Nick Bolton,LB,60,2022
Nick Niemann,LB,60,2022
Nik Bonitto,LB,60,2022
Odafe Oweh,LB,60,2022
Oshane Ximines,LB,60,2022
Patrick Johnson,LB,60,2022
Patrick Jones II,LB,60,2022
Patrick Queen,LB,60,2022
Pete Werner,LB,60,2022
Quay Walker,LB,60,2022
Quincy Roche,LB,60,2022
Quincy Williams,LB,60,2022
Quinton Bell,LB,60,2022
Randy Gregory,LB,60,2022
Rashad Weaver,LB,60,2022
Robert Spillane,LB,60,2022
Ronnie Harrison,LB,60,2022
Ryan Anderson,LB,60,2022
Sam Eguavoen,LB,60,2022
Segun Olubi,LB,60,2022
Shaquil Barrett,LB,60,2022
Shaquille Quarterman,LB,60,2022
Shaun Bradley,LB,60,2022
Sione Takitaki,LB,60,2022
Sterling Weatherford,LB,60,2022
Steven Means,LB,60,2022
T.J. Edwards,LB,60,2022
Tae Crowder,LB,60,2022
Tae Davis,LB,60,2022
Tanner Muse,LB,60,2022
Tarell Basham,LB,60,2022
Terrel Bernard,LB,60,2022
Terrell Lewis,LB,60,2022
Tipa Galeai,LB,60,2022
Tomon Fox,LB,60,2022
Tony Fields II,LB,60,2022
Travin Howard,LB,60,2022
Trey Flowers,LB,60,2022
Troy Andersen,LB,60,2022
Troy Dye,LB,60,2022
Troy Reeder,LB,60,2022
Ty Summers,LB,60,2022
Tyrel Dodson,LB,60,2022
Tyus Bowser,LB,60,2022
Uchenna Nwosu,LB,60,2022
Ulysees Gilbert,LB,60,2022
Victor Dimukeje,LB,60,2022
William Kwenkeu,LB,60,2022
Willie Gay Jr.,LB,60,2022
Wyatt Ray,LB,60,2022
Zack Baun,LB,60,2022
Zaven Collins,LB,60,2022
Aaron Brewer,LS,60,2022
Andrew DePaola,LS,60,2022
Blake Ferguson,LS,60,2022
Cal Adomitis,LS,60,2022
Camaron Cheeseman,LS,60,2022
Carson Tinker,LS,60,2022
Casey Kreiter,LS,60,2022
Charley Hughlett,LS,60,2022
Christian Kuntz,LS,60,2022
J.J. Jansen,LS,60,2022
Jack Coco,LS,60,2022
Jacob Bobenmoyer,LS,60,2022
James Winchester,LS,60,2022
Joe Cardona,LS,60,2022
Jon Weeks,LS,60,2022
Josh Harris,LS,60,2022
Liam McCullough,LS,60,2022
Luke Rhodes,LS,60,2022
Matt Overton,LS,60,2022
Matthew Orzech,LS,60,2022
Mitchell Fraboni,LS,60,2022
Morgan Cox,LS,60,2022
Nick Moore,LS,60,2022
Patrick Scales,LS,60,2022
Reid Ferguson,LS,60,2022
Rick Lovato,LS,60,2022
Ross Matiscik,LS,60,2022
Scott Daly,LS,60,2022
Taybor Pepper,LS,60,2022
Thomas Hennessy,LS,60,2022
Trent Sieg,LS,60,2022
Zach Triner,LS,60,2022
Zach Wood,LS,60,2022
Alex Anzalone,MLB,60,2022
Anthony Walker,MLB,60,2022
Bobby Wagner,MLB,60,2022
Denzel Perryman,MLB,60,2022
Duke Riley,MLB,60,2022
Eric Kendricks,MLB,60,2022
Fred Warner,MLB,60,2022
Jarrad Davis,MLB,60,2022
Jaylon Smith,MLB,60,2022
Joe Schobert,MLB,60,2022
Jordan Hicks,MLB,60,2022
Kwon Alexander,MLB,60,2022
Kyle Van Noy,MLB,60,2022
Myles Jack,MLB,60,2022
Raekwon McMillan,MLB,60,2022
Tremaine Edmunds,MLB,60,2022
Anthony Rush,NT,60,2022
Austin Johnson,NT,60,2022
Bryan Mone,NT,60,2022
Chris Wormley,NT,60,2022
Daron Payne,NT,60,2022
Derrick Nnadi,NT,60,2022
Javon Hargrave,NT,60,2022
Kenny Clark,NT,60,2022
Kyle Peko,NT,60,2022
Mike Purcell,NT,60,2022
Ndamukong Suh,NT,60,2022
A.J. Klein,OLB,60,2022
Andrew Van Ginkel,OLB,60,2022
Anthony Barr,OLB,60,2022
Bradley Chubb,OLB,60,2022
Brandon Copeland,OLB,60,2022
Bud Dupree,OLB,60,2022
Christian Jones,OLB,60,2022
Christian Kirksey,OLB,60,2022
Damien Wilson,OLB,60,2022
Darryl Johnson,OLB,60,2022
David Mayo,OLB,60,2022
De'Vondre Campbell,OLB,60,2022
Demario Davis,OLB,60,2022
Devon Kennard,OLB,60,2022
Elandon Roberts,OLB,60,2022
Elijah Lee,OLB,60,2022
Haason Reddick,OLB,60,2022
Jadeveon Clowney,OLB,60,2022
Jamie Collins,OLB,60,2022
Jerome Baker,OLB,60,2022
Joe Thomas,OLB,60,2022
Josh Sweat,OLB,60,2022
Justin Houston,OLB,60,2022
Kamu Grugier-Hill,OLB,60,2022
Khalil Mack,OLB,60,2022
Kyzir White,OLB,60,2022
Lavonte David,OLB,60,2022
Leighton Vander Esch,OLB,60,2022
Matt Milano,OLB,60,2022
Matthew Adams,OLB,60,2022
Matthew Judon,OLB,60,2022
Nick Vigil,OLB,60,2022
Ola Adeniyi,OLB,60,2022
Shaq Thompson,OLB,60,2022
Shaquille Leonard,OLB,60,2022
T.J. Watt,OLB,60,2022
Von Miller,OLB,60,2022
Zaire Franklin,OLB,60,2022
Abraham Lucas,OT,60,2022
Alaric Jackson,OT,60,2022
Alex Leatherwood,OT,60,2022
Andrew Thomas,OT,60,2022
Austin Deculus,OT,60,2022
Ben Bartch,OT,60,2022
Bernhard Raimann,OT,60,2022
Billy Turner,OT,60,2022
Braden Smith,OT,60,2022
Brady Christensen,OT,60,2022
Brandon Shell,OT,60,2022
Brandon Walton,OT,60,2022
Braxton Jones,OT,60,2022
Brenden Jaimes,OT,60,2022
Brian O'Neill,OT,60,2022
Calvin Anderson,OT,60,2022
Cam Robinson,OT,60,2022
Cameron Fleming,OT,60,2022
Cedric Ogbuehi,OT,60,2022
Chandler Brewer,OT,60,2022
Charles Cross,OT,60,2022
Charles Leno Jr.,OT,60,2022
Christian Darrisaw,OT,60,2022
Chukwuma Okorafor,OT,60,2022
Chuma Edoga,OT,60,2022
Conor McDermott,OT,60,2022
Cornelius Lucas,OT,60,2022
D.J. Humphries,OT,60,2022
Dan Moore Jr.,OT,60,2022
Dan Skipper,OT,60,2022
Daniel Brunskill,OT,60,2022
David Bakhtiari,OT,60,2022
David Quessenberry,OT,60,2022
Dennis Daley,OT,60,2022
Dennis Kelly,OT,60,2022
Dillon Radunz,OT,60,2022
Dion Dawkins,OT,60,2022
Donovan Smith,OT,60,2022
Duane Brown,OT,60,2022
Elijah Wilkinson,OT,60,2022
Evan Neal,OT,60,2022
Foster Sarell,OT,60,2022
Garett Bolles,OT,60,2022
George Fant,OT,60,2022
Greg Little,OT,60,2022
Hakeem Adeniji,OT,60,2022
Ikem Ekwonu,OT,60,2022
Jack Conklin,OT,60,2022
Jack Driscoll,OT,60,2022
Jake Matthews,OT,60,2022
James Hudson,OT,60,2022
Jawaan Taylor,OT,60,2022
Jaylon Moore,OT,60,2022
Jedrick Wills,OT,60,2022
Joe Noteboom,OT,60,2022
Jonah Williams,OT,60,2022
Jordan Mailata,OT,60,2022
Josh Ball,OT,60,2022
Josh Jones,OT,60,2022
Josh Wells,OT,60,2022
KC McDermott,OT,60,2022
Kaleb McGary,OT,60,2022
Kelvin Beachum,OT,60,2022
Kolton Miller,OT,60,2022
La'el Collins,OT,60,2022
Landon Young,OT,60,2022
Lane Johnson,OT,60,2022
Laremy Tunsil,OT,60,2022
Liam Eichenberg,OT,60,2022
Luke Goedeke,OT,60,2022
Matt Nelson,OT,60,2022
Matt Peart,OT,60,2022
Matt Pryor,OT,60,2022
Max Mitchell,OT,60,2022
Michael Dunn,OT,60,2022
Mike McGlinchey,OT,60,2022
Morgan Moses,OT,60,2022
Nicholas Petit-Frere,OT,60,2022
Olisaemeka Udoh,OT,60,2022
Orlando Brown,OT,60,2022
Patrick Mekari,OT,60,2022
Penei Sewell,OT,60,2022
Quinn Bailey,OT,60,2022
Rashawn Slater,OT,60,2022
Riley Reiff,OT,60,2022
Rob Havenstein,OT,60,2022
Robert Hunt,OT,60,2022
Ronnie Stanley,OT,60,2022
Ryan Bates,OT,60,2022
Ryan Ramczyk,OT,60,2022
Saahdiq Charles,OT,60,2022
Spencer Brown,OT,60,2022
Spencer Burford,OT,60,2022
Stone Forsythe,OT,60,2022
Storm Norton,OT,60,2022
Taylor Decker,OT,60,2022
Taylor Lewan,OT,60,2022
Taylor Moton,OT,60,2022
Terence Steele,OT,60,2022
Terron Armstead,OT,60,2022
Thayer Munford Jr.,OT,60,2022
Trent Brown,OT,60,2022
Trent Williams,OT,60,2022
Trevor Penning,OT,60,2022
Trey Pipkins,OT,60,2022
Tristan Wirfs,OT,60,2022
Ty Nsekhe,OT,60,2022
Tyler Smith,OT,60,2022
Tytus Howard,OT,60,2022
Vederian Lowe,OT,60,2022
Walker Little,OT,60,2022
Yodny Cajuste,OT,60,2022
Yosh Nijman,OT,60,2022
AJ Cole,P,60,2022
Andy Lee,P,60,2022
Arryn Siposs,P,60,2022
Blake Gillikin,P,60,2022
Braden Mann,P,60,2022
Bradley Pinion,P,60,2022
Brett Kern,P,60,2022
Bryan Anger,P,60,2022
Cameron Johnston,P,60,2022
Corey Bojorquez,P,60,2022
Corliss Waitman,P,60,2022
Drue Chrisman,P,60,2022
J.K. Scott,P,60,2022
Jack Fox,P,60,2022
Jake Bailey,P,60,2022
Jake Camarda,P,60,2022
Jamie Gillan,P,60,2022
Johnny Hekker,P,60,2022
Jordan Stout,P,60,2022
Kevin Huber,P,60,2022
Logan Cooke,P,60,2022
Matt Haack,P,60,2022
Michael Dickson,P,60,2022
Michael Palardy,P,60,2022
Mitch Wishnowsky,P,60,2022
Pat O'Donnell,P,60,2022
Pressley Harvin III,P,60,2022
Riley Dixon,P,60,2022
Ryan Stonehouse,P,60,2022
Ryan Wright,P,60,2022
Sam Martin,P,60,2022
Thomas Morstead,P,60,2022
Tommy Townsend,P,60,2022
Trenton Gill,P,60,2022
Tress Way,P,60,2022
Patrick Mahomes,QB,99,2022
Joe Burrow,QB,93,2022
Josh Allen,QB,91,2022
Kirk Cousins,QB,88,2022
Geno Smith,QB,87,2022
Trevor Lawrence,QB,87,2022
Jared Goff,QB,86,2022
Justin Herbert,QB,86,2022
Tom Brady,QB,86,2022
Jalen Hurts,QB,83,2022
Aaron Rodgers,QB,82,2022
Dak Prescott,QB,82,2022
Derek Carr,QB,81,2022
Tua Tagovailoa,QB,81,2022
Daniel Jones,QB,78,2022
Russell Wilson,QB,77,2022
Andy Dalton,QB,76,2022
Davis Mills,QB,76,2022
Mac Jones,QB,75,2022
Matt Ryan,QB,75,2022
Jimmy Garoppolo,QB,74,2022
Justin Fields,QB,74,2022
Lamar Jackson,QB,74,2022
Brock Purdy,QB,73,2022
Jacoby Brissett,QB,73,2022
Kyler Murray,QB,73,2022
Marcus Mariota,QB,73,2022
Ryan Tannehill,QB,73,2022
Taylor Heinicke,QB,71,2022
Baker Mayfield,QB,70,2022
Carson Wentz,QB,70,2022
Kenny Pickett,QB,70,2022
Matthew Stafford,QB,70,2022
Zach Wilson,QB,67,2022
Deshaun Watson,QB,66,2022
Sam Darnold,QB,66,2022
Cooper Rush,QB,65,2022
Joe Flacco,QB,65,2022
Mitchell Trubisky,QB,65,2022
Bailey Zappe,QB,64,2022
Jameis Winston,QB,64,2022
Jarrett Stidham,QB,64,2022
Mike White,QB,64,2022
Teddy Bridgewater,QB,64,2022
Tyler Huntley,QB,64,2022
Desmond Ridder,QB,63,2022
Gardner Minshew,QB,63,2022
PJ Walker,QB,63,2022
Sam Ehlinger,QB,63,2022
Skylar Thompson,QB,63,2022
Brett Rypien,QB,62,2022
Colt McCoy,QB,62,2022
David Blough,QB,62,2022
Joshua Dobbs,QB,62,2022
Kyle Allen,QB,62,2022
Anthony Brown,QB,61,2022
Blaine Gabbert,QB,61,2022
Bryce Perkins,QB,61,2022
Chad Henne,QB,61,2022
Chase Daniel,QB,61,2022
Davis Webb,QB,61,2022
Jeff Driskel,QB,61,2022
John Wolford,QB,61,2022
Jordan Love,QB,61,2022
Malik Willis,QB,61,2022
Nathan Peterman,QB,61,2022
Nick Foles,QB,61,2022
Nick Mullens,QB,61,2022
Sam Howell,QB,61,2022
Trace McSorley,QB,61,2022
Trevor Siemian,QB,61,2022
Tyrod Taylor,QB,61,2022
Brandon Allen,QB,60,2022
Brian Hoyer,QB,60,2022
C.J. Beathard,QB,60,2022
Case Keenum,QB,60,2022
Chris Streveler,QB,60,2022
Jacob Eason,QB,60,2022
Josh Johnson,QB,60,2022
Kyle Trask,QB,60,2022
Nate Sudfeld,QB,60,2022
Tim Boyle,QB,60,2022
Trey Lance,QB,60,2022
Jamaal Williams,RB,99,2022
Derrick Henry,RB,97,2022
Josh Jacobs,RB,97,2022
Miles Sanders,RB,96,2022
Austin Ekeler,RB,95,2022
Nick Chubb,RB,95,2022
Saquon Barkley,RB,94,2022
Christian McCaffrey,RB,90,2022
Ezekiel Elliott,RB,89,2022
Kenneth Walker III,RB,88,2022
Dalvin Cook,RB,86,2022
Tony Pollard,RB,86,2022
Joe Mixon,RB,83,2022
Travis Etienne,RB,83,2022
Najee Harris,RB,82,2022
Cam Akers,RB,80,2022
Cordarrelle Patterson,RB,80,2022
Isiah Pacheco,RB,80,2022
AJ Dillon,RB,79,2022
James Conner,RB,79,2022
Jeff Wilson,RB,79,2022
Rhamondre Stevenson,RB,79,2022
Latavius Murray,RB,78,2022
D'Onta Foreman,RB,77,2022
Devin Singletary,RB,77,2022
Dameon Pierce,RB,76,2022
David Montgomery,RB,76,2022
Aaron Jones,RB,75,2022
Jonathan Taylor,RB,75,2022
Tyler Allgeier,RB,75,2022
D'Andre Swift,RB,74,2022
Khalil Herbert,RB,74,2022
Raheem Mostert,RB,74,2022
Kenneth Gainwell,RB,73,2022
Alvin Kamara,RB,72,2022
Leonard Fournette,RB,72,2022
Alexander Mattison,RB,71,2022
Boston Scott,RB,71,2022
Breece Hall,RB,71,2022
Brian Robinson,RB,71,2022
James Cook,RB,71,2022
Kenyan Drake,RB,71,2022
Antonio Gibson,RB,70,2022
Damien Harris,RB,70,2022
Gus Edwards,RB,70,2022
Kareem Hunt,RB,70,2022
Samaje Perine,RB,70,2022
J.K. Dobbins,RB,69,2022
James Robinson,RB,69,2022
Michael Carter,RB,69,2022
Chuba Hubbard,RB,68,2022
Clyde Edwards-Helaire,RB,68,2022
Darrell Henderson,RB,68,2022
Elijah Mitchell,RB,67,2022
Melvin Gordon,RB,67,2022
Rachaad White,RB,67,2022
Rashaad Penny,RB,67,2022
Chase Edmonds,RB,66,2022
Eno Benjamin,RB,66,2022
JaMycal Hasty,RB,66,2022
Joshua Kelley,RB,66,2022
Matt Breida,RB,66,2022
Raheem Blackshear,RB,66,2022
Zack Moss,RB,66,2022
Bam Knight,RB,65,2022
Caleb Huntley,RB,65,2022
Jaylen Warren,RB,65,2022
Jerick McKinnon,RB,65,2022
Deon Jackson,RB,64,2022
Jordan Mason,RB,64,2022
Mark Ingram,RB,64,2022
Avery Williams,RB,63,2022
Benny Snell,RB,63,2022
Dare Ogunbowale,RB,63,2022
Darrel Williams,RB,63,2022
Gary Brightwell,RB,63,2022
Justice Hill,RB,63,2022
Justin Jackson,RB,63,2022
Malik Davis,RB,63,2022
Marlon Mack,RB,63,2022
Pierre Strong,RB,63,2022
Ty Johnson,RB,63,2022
Velus Jones Jr.,RB,63,2022
Corey Clement,RB,62,2022
DeeJay Dallas,RB,62,2022
Javonte Williams,RB,62,2022
Jonathan Williams,RB,62,2022
Keaontay Ingram,RB,62,2022
Kevin Harris,RB,62,2022
Malcolm Brown,RB,62,2022
Nyheim Hines,RB,62,2022
Ronald Jones,RB,62,2022
Salvon Ahmed,RB,62,2022
Snoop Conner,RB,62,2022
Tevin Coleman,RB,62,2022
Brandon Bolden,RB,61,2022
Craig Reynolds,RB,61,2022
Darrynton Evans,RB,61,2022
Dontrell Hilliard,RB,61,2022
Hassan Haskins,RB,61,2022
J.D. McKissic,RB,61,2022
Jaret Patterson,RB,61,2022
Jordan Wilkins,RB,61,2022
Ke'Shawn Vaughn,RB,61,2022
Kyren Williams,RB,61,2022
Mike Boone,RB,61,2022
Rex Burkhead,RB,61,2022
Royce Freeman,RB,61,2022
Sony Michel,RB,61,2022
Travis Homer,RB,61,2022
Trestan Ebner,RB,61,2022
Tyrion Davis-Price,RB,61,2022
Zamir White,RB,61,2022
Adam Prentice,RB,60,2022
Ameer Abdullah,RB,60,2022
Andrew Beck,RB,60,2022
Anthony McFarland,RB,60,2022
Brittain Brown,RB,60,2022
Chris Evans,RB,60,2022
Cullen Gillaspia,RB,60,2022
D'Ernest Johnson,RB,60,2022
Damien Williams,RB,60,2022
David Johnson,RB,60,2022
Demetric Felton,RB,60,2022
Devine Ozigbo,RB,60,2022
Duke Johnson,RB,60,2022
Dwayne Washington,RB,60,2022
Giovani Bernard,RB,60,2022
Godwin Igwebuike,RB,60,2022
Isaiah Spiller,RB,60,2022
J.J. Taylor,RB,60,2022
Jake Funk,RB,60,2022
Jakob Johnson,RB,60,2022
Jerome Ford,RB,60,2022
Jonathan Ward,RB,60,2022
Jordan Howard,RB,60,2022
Julius Chestnut,RB,60,2022
Kene Nwangwu,RB,60,2022
Kylin Hill,RB,60,2022
Larry Rountree III,RB,60,2022
Mike Davis,RB,60,2022
Myles Gaskin,RB,60,2022
Patrick Taylor,RB,60,2022
Phillip Lindsay,RB,60,2022
Qadree Ollison,RB,60,2022
Reggie Bonnafon,RB,60,2022
Rico Dowdle,RB,60,2022
Ronnie Rivers,RB,60,2022
Spencer Brown,RB,60,2022
Taiwan Jones,RB,60,2022
Tony Jones,RB,60,2022
Trayveon Williams,RB,60,2022
Trenton Cannon,RB,60,2022
Trey Sermon,RB,60,2022
Troy Hairston,RB,60,2022
Ty Chandler,RB,60,2022
Ty'Son Williams,RB,60,2022
Tyler Badie,RB,60,2022
Zander Horvath,RB,60,2022
Adrian Amos,S,60,2022
Budda Baker,S,60,2022
Damontae Kazee,S,60,2022
Dean Marlowe,S,60,2022
Duron Harmon,S,60,2022
Eric Murray,S,60,2022
Jayron Kearse,S,60,2022
Josh Jones,S,60,2022
JuJu Hughes,S,60,2022
Justin Evans,S,60,2022
Justin Reid,S,60,2022
Kareem Jackson,S,60,2022
Keanu Neal,S,60,2022
Lamarcus Joyner,S,60,2022
Micah Hyde,S,60,2022
P.J. Williams,S,60,2022
Quandre Diggs,S,60,2022
Saivion Smith,S,60,2022
Terrell Edmunds,S,60,2022
Tony Jefferson,S,60,2022
Vonn Bell,S,60,2022
Will Parks,S,60,2022
Alohi Gilman,SAF,60,2022
Amani Hooker,SAF,60,2022
Andre Cisco,SAF,60,2022
Andrew Wingard,SAF,60,2022
Antoine Winfield Jr.,SAF,60,2022
Ar'Darius Washington,SAF,60,2022
Ashtyn Davis,SAF,60,2022
Brandon Jones,SAF,60,2022
Brenden Schooler,SAF,60,2022
Bryan Cook,SAF,60,2022
C.J. Gardner-Johnson,SAF,60,2022
Caden Sterns,SAF,60,2022
Camryn Bynum,SAF,60,2022
Coby Bryant,SAF,60,2022
D'Anthony Bell,SAF,60,2022
Damar Hamlin,SAF,60,2022
Dane Belton,SAF,60,2022
Daniel Thomas,SAF,60,2022
Darnell Savage,SAF,60,2022
Darrick Forrest,SAF,60,2022
DeShon Elliott,SAF,60,2022
Deionte Thompson,SAF,60,2022
Delarrin Turner-Yell,SAF,60,2022
Deon Bush,SAF,60,2022
Donovan Wilson,SAF,60,2022
Elijah Hicks,SAF,60,2022
Geno Stone,SAF,60,2022
Grant Delpit,SAF,60,2022
Grayland Arnold,SAF,60,2022
Ifeatu Melifonwu,SAF,60,2022
Innis Gaines,SAF,60,2022
Isaiah Oliver,SAF,60,2022
Isaiah Pola-Mao,SAF,60,2022
JT Woods,SAF,60,2022
Jalen Pitre,SAF,60,2022
Jalen Thompson,SAF,60,2022
Jaquan Brisker,SAF,60,2022
Jason Pinnock,SAF,60,2022
Jaylinn Hawkins,SAF,60,2022
Jeremy Chinn,SAF,60,2022
Jeremy Reaves,SAF,60,2022
Jevon Holland,SAF,60,2022
Jimmie Ward,SAF,60,2022
Joey Blount,SAF,60,2022
Jordan Fuller,SAF,60,2022
Josh Metellus,SAF,60,2022
Joshuah Bledsoe,SAF,60,2022
Juan Thornhill,SAF,60,2022
Julian Blackmon,SAF,60,2022
Julian Love,SAF,60,2022
K'Von Wallace,SAF,60,2022
Kam Curl,SAF,60,2022
Kerby Joseph,SAF,60,2022
Kyle Dugger,SAF,60,2022
Kyle Hamilton,SAF,60,2022
Lonnie Johnson,SAF,60,2022
M.J. Stewart,SAF,60,2022
Marcus Epps,SAF,60,2022
Markquese Bell,SAF,60,2022
Mike Brown,SAF,60,2022
Mike Edwards,SAF,60,2022
Miles Killebrew,SAF,60,2022
Myles Dorn,SAF,60,2022
Nick Cross,SAF,60,2022
Nick Scott,SAF,60,2022
P.J. Locke,SAF,60,2022
Percy Butler,SAF,60,2022
Quentin Lake,SAF,60,2022
Raheem Layne,SAF,60,2022
Rayshawn Jenkins,SAF,60,2022
Reed Blankenship,SAF,60,2022
Richard LeCounte,SAF,60,2022
Richie Grant,SAF,60,2022
Rodney Thomas,SAF,60,2022
Russ Yeast,SAF,60,2022
Sam Franklin Jr.,SAF,60,2022
Talanoa Hufanga,SAF,60,2022
Tariq Carpenter,SAF,60,2022
Tavierre Thomas,SAF,60,2022
Taylor Rapp,SAF,60,2022
Terrell Burgess,SAF,60,2022
Theo Jackson,SAF,60,2022
Tony Adams,SAF,60,2022
Tre'von Moehrig,SAF,60,2022
Tyler Coyle,SAF,60,2022
Verone McKinley III,SAF,60,2022
Will Harris,SAF,60,2022
Xavier McKinney,SAF,60,2022
Travis Kelce,TE,99,2022
George Kittle,TE,85,2022
Dalton Schultz,TE,79,2022
T.J. Hockenson,TE,79,2022
Cole Kmet,TE,76,2022
Dawson Knox,TE,76,2022
Evan Engram,TE,76,2022
Mark Andrews,TE,76,2022
Juwan Johnson,TE,75,2022
Dallas Goedert,TE,74,2022
Gerald Everett,TE,74,2022
Mike Gesicki,TE,73,2022
David Njoku,TE,72,2022
Jordan Akins,TE,72,2022
Noah Fant,TE,71,2022
Hayden Hurst,TE,70,2022
Pat Freiermuth,TE,70,2022
Tyler Conklin,TE,70,2022
Tyler Higbee,TE,70,2022
Zach Ertz,TE,70,2022
Chig Okonkwo,TE,69,2022
Brock Wright,TE,68,2022
Darren Waller,TE,68,2022
Hunter Henry,TE,68,2022
Isaiah Likely,TE,68,2022
Will Dissly,TE,68,2022
Austin Hooper,TE,67,2022
Cade Otton,TE,67,2022
Daniel Bellinger,TE,67,2022
Foster Moreau,TE,67,2022
Greg Dulcich,TE,67,2022
Jelani Woods,TE,67,2022
MyCole Pruitt,TE,67,2022
Robert Tonyan,TE,67,2022
Shane Zylstra,TE,67,2022
Colby Parkinson,TE,66,2022
Irv Smith,TE,66,2022
Kyle Pitts,TE,66,2022
Mo Alie-Cox,TE,66,2022
Tommy Tremble,TE,66,2022
C.J. Uzomah,TE,65,2022
Jake Ferguson,TE,65,2022
Josh Oliver,TE,65,2022
Noah Gray,TE,65,2022
Eric Tomlinson,TE,64,2022
Harrison Bryant,TE,64,2022
Joseph Fortson,TE,64,2022
Logan Thomas,TE,64,2022
Marcedes Lewis,TE,64,2022
O.J. Howard,TE,64,2022
Peyton Hendershot,TE,64,2022
Taysom Hill,TE,64,2022
Teagan Quitoriano,TE,64,2022
Trey McBride,TE,64,2022
Adam Trautman,TE,63,2022
Cameron Brate,TE,63,2022
Connor Heyward,TE,63,2022
Donald Parham,TE,63,2022
Durham Smythe,TE,63,2022
Eric Saubert,TE,63,2022
James Mitchell,TE,63,2022
John Bates,TE,63,2022
Johnny Mundt,TE,63,2022
Kylen Granson,TE,63,2022
Lawrence Cager,TE,63,2022
Mitchell Wilcox,TE,63,2022
N'Keal Harry,TE,63,2022
Albert Okwuegbunam,TE,62,2022
Blake Bell,TE,62,2022
Chris Myarick,TE,62,2022
Geoff Swaim,TE,62,2022
Ian Thomas,TE,62,2022
Jonnu Smith,TE,62,2022
Ko Kieft,TE,62,2022
Kyle Rudolph,TE,62,2022
Quintin Morris,TE,62,2022
Ross Dwelley,TE,62,2022
Tyler Mabry,TE,62,2022
Anthony Firkser,TE,61,2022
Armani Rogers,TE,61,2022
Brevin Jordan,TE,61,2022
Brycen Hopkins,TE,61,2022
Dan Arnold,TE,61,2022
Giovanni Ricci,TE,61,2022
Grant Calcaterra,TE,61,2022
Jack Stoll,TE,61,2022
Josiah Deguara,TE,61,2022
Nick Vannett,TE,61,2022
Parker Hesse,TE,61,2022
Pharaoh Brown,TE,61,2022
Tanner Hudson,TE,61,2022
Tre' McKitty,TE,61,2022
Tyler Kroft,TE,61,2022
Zach Gentry,TE,61,2022
Ben Ellefson,TE,60,2022
Charlie Kolar,TE,60,2022
Charlie Woerner,TE,60,2022
Chris Manhertz,TE,60,2022
Cole Turner,TE,60,2022
Devin Asiasi,TE,60,2022
Drew Sample,TE,60,2022
Feleipe Franks,TE,60,2022
Hunter Long,TE,60,2022
J.P. Holtz,TE,60,2022
Jake Tonges,TE,60,2022
Jared Pinkney,TE,60,2022
Jeremy Ruckert,TE,60,2022
Jesper Horsted,TE,60,2022
Kendall Blanton,TE,60,2022
Kenny Yeboah,TE,60,2022
Kevin Rader,TE,60,2022
Luke Farrell,TE,60,2022
Mason Schreck,TE,60,2022
Maxx Williams,TE,60,2022
Miller Forristall,TE,60,2022
Nick Boyle,TE,60,2022
Nikola Kalinic,TE,60,2022
Noah Togiai,TE,60,2022
Richard Rodgers,TE,60,2022
Ryan Griffin,TE,60,2022
Sean McKeon,TE,60,2022
Stephen Anderson,TE,60,2022
Stephen Sullivan,TE,60,2022
Stone Smartt,TE,60,2022
Tanner Conner,TE,60,2022
Tommy Sweeney,TE,60,2022
Trevon Wesco,TE,60,2022
Tyler Davis,TE,60,2022
Tyree Jackson,TE,60,2022
Davante Adams,WR,99,2022
A.J. Brown,WR,97,2022
Stefon Diggs,WR,95,2022
CeeDee Lamb,WR,93,2022
Justin Jefferson,WR,92,2022
Ja'Marr Chase,WR,91,2022
Tyreek Hill,WR,90,2022
Christian Kirk,WR,89,2022
DeVonta Smith,WR,88,2022
Jaylen Waddle,WR,88,2022
Amari Cooper,WR,87,2022
DK Metcalf,WR,86,2022
Tyler Lockett,WR,86,2022
Brandon Aiyuk,WR,85,2022
Tee Higgins,WR,85,2022
Gabe Davis,WR,83,2022
Amon-Ra St. Brown,WR,82,2022
Mike Evans,WR,82,2022
DJ Moore,WR,81,2022
Terry McLaurin,WR,81,2022
Jerry Jeudy,WR,80,2022
Zay Jones,WR,80,2022
Adam Thielen,WR,78,2022
Allen Lazard,WR,78,2022
Christian Watson,WR,78,2022
Cooper Kupp,WR,78,2022
Garrett Wilson,WR,78,2022
Jakobi Meyers,WR,78,2022
Chris Olave,WR,77,2022
Jahan Dotson,WR,77,2022
K.J. Osborn,WR,77,2022
Tyler Boyd,WR,77,2022
Chris Godwin Jr.,WR,76,2022
Drake London,WR,76,2022
Michael Pittman,WR,76,2022
Mike Williams,WR,76,2022
George Pickens,WR,75,2022
JuJu Smith-Schuster,WR,75,2022
Keenan Allen,WR,75,2022
Marquez Valdes-Scantling,WR,75,2022
Deebo Samuel Sr.,WR,74,2022
Donovan Peoples-Jones,WR,74,2022
Isaiah Hodgins,WR,74,2022
Mack Hollins,WR,74,2022
Curtis Samuel,WR,73,2022
Josh Palmer,WR,73,2022
Marvin Jones,WR,73,2022
Michael Gallup,WR,73,2022
Richie James,WR,73,2022
Russell Gage,WR,73,2022
Brandin Cooks,WR,72,2022
Courtland Sutton,WR,72,2022
Darius Slayton,WR,72,2022
DeAndre Hopkins,WR,72,2022
Marquise Brown,WR,72,2022
DeAndre Carter,WR,71,2022
DeVante Parker,WR,71,2022
Isaiah McKenzie,WR,71,2022
Marquise Goodwin,WR,71,2022
Noah Brown,WR,71,2022
Parris Campbell,WR,71,2022
DJ Chark,WR,70,2022
Demarcus Robinson,WR,70,2022
Josh Reynolds,WR,70,2022
Mecole Hardman,WR,70,2022
Olamide Zaccheaus,WR,70,2022
Alec Pierce,WR,69,2022
Allen Robinson,WR,69,2022
Chris Moore,WR,69,2022
Corey Davis,WR,69,2022
Devin Duvernay,WR,69,2022
Diontae Johnson,WR,69,2022
Julio Jones,WR,69,2022
Nick Westbrook-Ikhine,WR,69,2022
Quez Watkins,WR,69,2022
Robert Woods,WR,69,2022
Romeo Doubs,WR,69,2022
Trenton Irwin,WR,69,2022
Van Jefferson,WR,69,2022
Dante Pettis,WR,68,2022
Darnell Mooney,WR,68,2022
Greg Dortch,WR,68,2022
Nico Collins,WR,68,2022
Rashid Shaheed,WR,68,2022
Trent Sherfield,WR,68,2022
Hunter Renfrow,WR,67,2022
Jamal Agnew,WR,67,2022
Jauan Jennings,WR,67,2022
Justin Watson,WR,67,2022
Kadarius Toney,WR,67,2022
Michael Thomas,WR,67,2022
Nelson Agholor,WR,67,2022
Terrace Marshall Jr.,WR,67,2022
A.J. Green,WR,66,2022
Chase Claypool,WR,66,2022
Damiere Byrd,WR,66,2022
Elijah Moore,WR,66,2022
Kalif Raymond,WR,66,2022
Kendrick Bourne,WR,66,2022
Randall Cobb,WR,66,2022
Rashod Bateman,WR,66,2022
Rondale Moore,WR,66,2022
Shi Smith,WR,66,2022
Treylon Burks,WR,66,2022
Tyquan Thornton,WR,66,2022
Byron Pringle,WR,65,2022
Dyami Brown,WR,65,2022
Equanimeous St. Brown,WR,65,2022
Robbie Chosen,WR,65,2022
Tre'Quan Smith,WR,65,2022
Tutu Atwell,WR,65,2022
Amari Rodgers,WR,64,2022
Ashton Dulin,WR,64,2022
Ben Skowronek,WR,64,2022
Jalen Nailor,WR,64,2022
Jarvis Landry,WR,64,2022
KhaDarel Hodge,WR,64,2022
Khalil Shakir,WR,64,2022
Laviska Shenault Jr.,WR,64,2022
Phillip Dorsett,WR,64,2022
Ray-Ray McCloud,WR,64,2022
River Cracraft,WR,64,2022
Skyy Moore,WR,64,2022
Wan'Dale Robinson,WR,64,2022
Breshad Perriman,WR,63,2022
Cole Beasley,WR,63,2022
Jalen Reagor,WR,63,2022
Keelan Cole,WR,63,2022
Kendall Hinton,WR,63,2022
Kenny Golladay,WR,63,2022
Marquez Callaway,WR,63,2022
Sammy Watkins,WR,63,2022
Samori Toure,WR,63,2022
Sterling Shepard,WR,63,2022
Zach Pascal,WR,63,2022
Brandon Johnson,WR,62,2022
Brandon Powell,WR,62,2022
Cedrick Wilson Jr.,WR,62,2022
David Bell,WR,62,2022
Dax Milne,WR,62,2022
DeSean Jackson,WR,62,2022
Denzel Mims,WR,62,2022
Jalen Virgil,WR,62,2022
Jameson Williams,WR,62,2022
John Brown,WR,62,2022
KJ Hamler,WR,62,2022
Scott Miller,WR,62,2022
T.Y. Hilton,WR,62,2022
Ty Montgomery,WR,62,2022
Anthony Schwartz,WR,61,2022
Braxton Berrios,WR,61,2022
Cade Johnson,WR,61,2022
Cam Sims,WR,61,2022
Cody Hollister,WR,61,2022
David Sills,WR,61,2022
Dee Eskridge,WR,61,2022
Freddie Swain,WR,61,2022
Gunner Olszewski,WR,61,2022
Jake Kumerow,WR,61,2022
Jalen Guyton,WR,61,2022
James Proche,WR,61,2022
Jamison Crowder,WR,61,2022
Jeff Smith,WR,61,2022
Kevin White,WR,61,2022
Kyle Philips,WR,61,2022
Marcus Johnson,WR,61,2022
Michael Bandy,WR,61,2022
Mike Strachan,WR,61,2022
Steven Sims,WR,61,2022
Tom Kennedy,WR,61,2022
Trent Taylor,WR,61,2022
Alex Erickson,WR,60,2022
Andre Baccellia,WR,60,2022
Andre Roberts,WR,60,2022
Andy Isabella,WR,60,2022
Austin Trammell,WR,60,2022
Ben Victor,WR,60,2022
Brandon Zylstra,WR,60,2022
Braylon Sanders,WR,60,2022
Britain Covey,WR,60,2022
Bryan Edwards,WR,60,2022
C.J. Board,WR,60,2022
Chester Rogers,WR,60,2022
Chris Conley,WR,60,2022
Cody White,WR,60,2022
DJ Turner,WR,60,2022
Dan Chisena,WR,60,2022
Danny Gray,WR,60,2022
Dareke Young,WR,60,2022
Daylen Baldwin,WR,60,2022
Dennis Houston,WR,60,2022
Deonte Harty,WR,60,2022
Deven Thompkins,WR,60,2022
Dez Fitzpatrick,WR,60,2022
Dezmon Patmon,WR,60,2022
Erik Ezukanma,WR,60,2022
Frank Darby,WR,60,2022
Ihmir Smith-Marsette,WR,60,2022
Jacob Harris,WR,60,2022
Jaelon Darden,WR,60,2022
Jalen Camp,WR,60,2022
Jalen Tolbert,WR,60,2022
James Washington,WR,60,2022
Jason Moore,WR,60,2022
Josh Ali,WR,60,2022
Josh Gordon,WR,60,2022
Juwann Winfree,WR,60,2022
KaVontae Turpin,WR,60,2022
Keith Kirkwood,WR,60,2022
Keke Coutee,WR,60,2022
Lance McCutcheon,WR,60,2022
Laquon Treadwell,WR,60,2022
Lil'Jordan Humphrey,WR,60,2022
Malik Turner,WR,60,2022
Marcus Kemp,WR,60,2022
Mason Kinsey,WR,60,2022
Matthew Slater,WR,60,2022
Maurice Alexander,WR,60,2022
Mike Thomas,WR,60,2022
Mike Woods,WR,60,2022
Miles Boykin,WR,60,2022
Montrell Washington,WR,60,2022
Nsimba Webster,WR,60,2022
Penny Hart,WR,60,2022
Pharoh Cooper,WR,60,2022
Quintez Cephus,WR,60,2022
Racey McMath,WR,60,2022
Raleigh Webb,WR,60,2022
Simi Fehoko,WR,60,2022
Stanley Berryhill,WR,60,2022
Stanley Morgan,WR,60,2022
Tanner Gentry,WR,60,2022
Tay Martin,WR,60,2022
Tim Jones,WR,60,2022
Trinity Benson,WR,60,2022
Tylan Wallace,WR,60,2022
Tyrie Cleveland,WR,60,2022
Tyron Johnson,WR,60,2022
Aaron Brewer,C,60,2023
Andre James,C,60,2023
Austin Corbett,C,60,2023
Blake Brandel,C,60,2023
Bradley Bozeman,C,60,2023
Brock Hoffman,C,60,2023
Cade Mays,C,60,2023
Cam Jurgens,C,60,2023
Coleman Shelton,C,60,2023
Connor McGovern,C,60,2023
Connor Williams,C,60,2023
Creed Humphrey,C,60,2023
David Andrews,C,60,2023
Drew Dalman,C,60,2023
Elgton Jenkins,C,60,2023
Erik McCoy,C,60,2023
Ethan Pocic,C,60,2023
Garrett Bradbury,C,60,2023
Graham Glasgow,C,60,2023
Hjalte Froholdt,C,60,2023
Jake Brendel,C,60,2023
Jake Hanson,C,60,2023
Jarrett Patterson,C,60,2023
Jason Kelce,C,60,2023
John Michael Schmitz,C,60,2023
Josh Myers,C,60,2023
Juice Scruggs,C,60,2023
Lloyd Cushenberry III,C,60,2023
Luke Fortner,C,60,2023
Luke Wypler,C,60,2023
Mason Cole,C,60,2023
Michael Deiter,C,60,2023
Mitch Morse,C,60,2023
Nick Harris,C,60,2023
Olu Oluwatimi,C,60,2023
Robert Hainsey,C,60,2023
Ryan Kelly,C,60,2023
Ryan Neuzil,C,60,2023
Sam Mustipher,C,60,2023
Sean Harlow,C,60,2023
Ted Karras,C,60,2023
Tyler Biadasz,C,60,2023
Tyler Larsen,C,60,2023
Tyler Linderbaum,C,60,2023
Wesley French,C,60,2023
Will Clapp,C,60,2023
A.J. Green,CB,60,2023
A.J. Terrell,CB,60,2023
AJ Parker,CB,60,2023
Adoree' Jackson,CB,60,2023
Ahkello Witherspoon,CB,60,2023
Akayleb Evans,CB,60,2023
Alex Austin,CB,60,2023
Alontae Taylor,CB,60,2023
Ambry Thomas,CB,60,2023
Amik Robertson,CB,60,2023
Andrew Booth,CB,60,2023
Anthony Kendall,CB,60,2023
Antonio Hamilton,CB,60,2023
Arthur Maulet,CB,60,2023
Artie Burns,CB,60,2023
Asante Samuel Jr.,CB,60,2023
Avonte Maddox,CB,60,2023
Benjamin St-Juste,CB,60,2023
Bo Melton,CB,60,2023
Bobby McCain,CB,60,2023
Bradley Roby,CB,60,2023
Brandin Echols,CB,60,2023
Brandon Stephens,CB,60,2023
Bryce Hall,CB,60,2023
Byron Murphy,CB,60,2023
C.J. Goodwin,CB,60,2023
C.J. Henderson,CB,60,2023
Cam Lewis,CB,60,2023
Cam Smith,CB,60,2023
Cam Taylor-Britt,CB,60,2023
Cameron Mitchell,CB,60,2023
Cameron Sutton,CB,60,2023
Carlton Davis III,CB,60,2023
Carrington Valentine,CB,60,2023
Charvarius Ward,CB,60,2023
Chase Lucas,CB,60,2023
Chidobe Awuzie,CB,60,2023
Christian Benford,CB,60,2023
Christian Gonzalez,CB,60,2023
Christian Holmes,CB,60,2023
Christian Matthew,CB,60,2023
Clark Phillips III,CB,60,2023
Cobie Durant,CB,60,2023
Cordale Flott,CB,60,2023
D'Angelo Ross,CB,60,2023
D'Shawn Jamison,CB,60,2023
D.J. Ivey,CB,60,2023
D.J. Reed,CB,60,2023
DJ Turner II,CB,60,2023
DaRon Bland,CB,60,2023
Dallis Flowers,CB,60,2023
Damarion Williams,CB,60,2023
Dane Jackson,CB,60,2023
Darious Williams,CB,60,2023
Darius Rush,CB,60,2023
Darius Slay,CB,60,2023
Darnay Holmes,CB,60,2023
Darrell Baker Jr.,CB,60,2023
Darrell Luter Jr.,CB,60,2023
Daryl Worley,CB,60,2023
Daxton Hill,CB,60,2023
Deane Leonard,CB,60,2023
Dee Alford,CB,60,2023
Denzel Ward,CB,60,2023
Deommodore Lenoir,CB,60,2023
Deonte Banks,CB,60,2023
Derek Stingley Jr.,CB,60,2023
Derion Kendrick,CB,60,2023
Derrek Pitts,CB,60,2023
Devon Witherspoon,CB,60,2023
Dicaprio Bootle,CB,60,2023
Divaad Wilson,CB,60,2023
Donte Jackson,CB,60,2023
Duke Shelley,CB,60,2023
Eli Apple,CB,60,2023
Eli Ricks,CB,60,2023
Elijah Molden,CB,60,2023
Emmanuel Forbes,CB,60,2023
Eric Garror,CB,60,2023
Eric Rowe,CB,60,2023
Eric Stokes,CB,60,2023
Ethan Bonner,CB,60,2023
Fabian Moreau,CB,60,2023
Garrett Williams,CB,60,2023
Greg Newsome II,CB,60,2023
Greg Stroman,CB,60,2023
Gregory Junior,CB,60,2023
Isaac Yiadom,CB,60,2023
Israel Mukuamu,CB,60,2023
Ja'Marcus Ingram,CB,60,2023
Ja'Quan McMillian,CB,60,2023
Ja'Sir Taylor,CB,60,2023
Jace Whittaker,CB,60,2023
Jack Jones,CB,60,2023
Jaire Alexander,CB,60,2023
Jakorian Bennett,CB,60,2023
Jalen Davis,CB,60,2023
Jalen Mills,CB,60,2023
Jalen Ramsey,CB,60,2023
Jalyn Armour-Davis,CB,60,2023
Jamel Dean,CB,60,2023
James Bradberry,CB,60,2023
James Pierre,CB,60,2023
Jarrick Bernard-Converse,CB,60,2023
Jaycee Horn,CB,60,2023
Jaylen Watson,CB,60,2023
Jaylon Johnson,CB,60,2023
Jaylon Jones,CB,60,2023
Jeff Okudah,CB,60,2023
Jerry Jacobs,CB,60,2023
Joejuan Williams,CB,60,2023
Joey Porter Jr.,CB,60,2023
Jonathan Jones,CB,60,2023
Josh Blackwell,CB,60,2023
Josh Hayes,CB,60,2023
Josh Jobe,CB,60,2023
Josh Norman,CB,60,2023
Joshua Williams,CB,60,2023
Josiah Scott,CB,60,2023
Jourdan Lewis,CB,60,2023
Julius Brents,CB,60,2023
Justin Bethel,CB,60,2023
Ka'dar Hollman,CB,60,2023
Kader Kohou,CB,60,2023
Kahlef Hailassie,CB,60,2023
Kaiir Elam,CB,60,2023
Kei'Trel Clark,CB,60,2023
Keisean Nixon,CB,60,2023
Kelee Ringo,CB,60,2023
Kelvin Joseph,CB,60,2023
Kendall Fuller,CB,60,2023
Kenny Moore II,CB,60,2023
Kevon Seymour,CB,60,2023
Khalil Dorsey,CB,60,2023
Kindle Vildor,CB,60,2023
Kiondre Thomas,CB,60,2023
Kris Boyd,CB,60,2023
Kristian Fulton,CB,60,2023
Kyler Gordon,CB,60,2023
Kyu Blu Kelly,CB,60,2023
L'Jarius Sneed,CB,60,2023
Logan Ryan,CB,60,2023
Marco Wilson,CB,60,2023
Marcus Jones,CB,60,2023
Marcus Peters,CB,60,2023
Mario Goodrich,CB,60,2023
Marlon Humphrey,CB,60,2023
Marshon Lattimore,CB,60,2023
Martin Emerson,CB,60,2023
Mekhi Blackmon,CB,60,2023
Mekhi Garner,CB,60,2023
Michael Carter II,CB,60,2023
Michael Davis,CB,60,2023
Mike Ford,CB,60,2023
Mike Hilton,CB,60,2023
Mike Hughes,CB,60,2023
Mike Jackson,CB,60,2023
Montaric Brown,CB,60,2023
Myles Bryant,CB,60,2023
NaJee Thompson,CB,60,2023
Nahshon Wright,CB,60,2023
Nate Hobbs,CB,60,2023
Nic Jones,CB,60,2023
Nick McCloud,CB,60,2023
Noah Igbinoghene,CB,60,2023
Parry Nickerson,CB,60,2023
Pat Surtain II,CB,60,2023
Patrick Peterson,CB,60,2023
Paulson Adebo,CB,60,2023
Rasul Douglas,CB,60,2023
Riley Moss,CB,60,2023
Riq Woolen,CB,60,2023
Robert Rochell,CB,60,2023
Rock Ya-Sin,CB,60,2023
Roger McCreary,CB,60,2023
Ronald Darby,CB,60,2023
Samuel Womack,CB,60,2023
Sauce Gardner,CB,60,2023
Sean Murphy-Bunting,CB,60,2023
Shaquill Griffin,CB,60,2023
Shaun Wade,CB,60,2023
Shemar Jean-Charles,CB,60,2023
Sidney Jones,CB,60,2023
Siran Neal,CB,60,2023
Starling Thomas V,CB,60,2023
Stephon Gilmore,CB,60,2023
Steven Nelson,CB,60,2023
Tariq Castro-Fields,CB,60,2023
Taron Johnson,CB,60,2023
Terell Smith,CB,60,2023
Tre Avery,CB,60,2023
Tre Brown,CB,60,2023
Tre Flowers,CB,60,2023
Tre Hawkins III,CB,60,2023
Tre Herndon,CB,60,2023
Tre Swilling,CB,60,2023
Tre Tomlinson,CB,60,2023
Tre'Davious White,CB,60,2023
Tremon Smith,CB,60,2023
Trent McDuffie,CB,60,2023
Trevon Diggs,CB,60,2023
Troy Hill,CB,60,2023
Tyler Hall,CB,60,2023
Tyrique Stevenson,CB,60,2023
Tyson Campbell,CB,60,2023
Ugo Amadi,CB,60,2023
Xavien Howard,CB,60,2023
Zyon McCollum,CB,60,2023
Adrian Phillips,DB,60,2023
Ameer Speed,DB,60,2023
Andre Chachere,DB,60,2023
Bobby Price,DB,60,2023
Brandon Facyson,DB,60,2023
Chamarri Conner,DB,60,2023
Chandon Sullivan,DB,60,2023
Chris Lammons,DB,60,2023
Cody Davis,DB,60,2023
Corey Ballentine,DB,60,2023
Craig James,DB,60,2023
Dallin Leavitt,DB,60,2023
Damarri Mathis,DB,60,2023
Danny Johnson,DB,60,2023
David Long,DB,60,2023
DeAndre Houston-Carson,DB,60,2023
Dee Delaney,DB,60,2023
Desmond King,DB,60,2023
Elijah Campbell,DB,60,2023
Elijah Riley,DB,60,2023
Essang Bassey,DB,60,2023
George Odum,DB,60,2023
J.C. Jackson,DB,60,2023
J.T. Gray,DB,60,2023
Jaylin Williams,DB,60,2023
Jaylon Jones,DB,60,2023
John Johnson,DB,60,2023
Johnathan Abram,DB,60,2023
Jonathan Owens,DB,60,2023
Justin Hardee,DB,60,2023
Kendall Sheffield,DB,60,2023
Levi Wallace,DB,60,2023
Matthew Jackson,DB,60,2023
Matthias Farley,DB,60,2023
Micah Abernathy,DB,60,2023
Nik Needham,DB,60,2023
Quindell Johnson,DB,60,2023
Roderic Teamer,DB,60,2023
Ryan Neal,DB,60,2023
Sean Chandler,DB,60,2023
Tae Hayes,DB,60,2023
Tevaughn Campbell,DB,60,2023
Tony Brown,DB,60,2023
Tracy Walker III,DB,60,2023
Trenton Thompson,DB,60,2023
Trevor Denbow,DB,60,2023
Vincent Gray,DB,60,2023
A'Shawn Robinson,DE,60,2023
A.J. Epenesa,DE,60,2023
Adam Gotsis,DE,60,2023
Aidan Hutchinson,DE,60,2023
Alex Wright,DE,60,2023
Andre Jones Jr.,DE,60,2023
Angelo Blackson,DE,60,2023
Austin Bryant,DE,60,2023
B.J. Hill,DE,60,2023
BJ Thompson,DE,60,2023
Ben Stille,DE,60,2023
Benning Potoa'e,DE,60,2023
Brandon Graham,DE,60,2023
Brent Urban,DE,60,2023
Bryce Huff,DE,60,2023
Calais Campbell,DE,60,2023
Cameron Jordan,DE,60,2023
Cameron Sample,DE,60,2023
Cameron Thomas,DE,60,2023
Carl Granderson,DE,60,2023
Carl Lawson,DE,60,2023
Carlos Watkins,DE,60,2023
Casey Toohill,DE,60,2023
Charles Omenihu,DE,60,2023
Chase Winovich,DE,60,2023
Chase Young,DE,60,2023
Chauncey Golston,DE,60,2023
Chris Jones,DE,60,2023
Chris Rumph II,DE,60,2023
Clelin Ferrell,DE,60,2023
Colby Wooden,DE,60,2023
DJ Reader,DE,60,2023
Da'Shawn Hand,DE,60,2023
Dalvin Tomlinson,DE,60,2023
Danielle Hunter,DE,60,2023
Dante Fowler Jr.,DE,60,2023
Darrell Taylor,DE,60,2023
Dawuane Smoot,DE,60,2023
Dayo Odeyingbo,DE,60,2023
DeMarcus Walker,DE,60,2023
DeMarvin Leal,DE,60,2023
DeShawn Williams,DE,60,2023
Deatrich Wise,DE,60,2023
Derek Barnett,DE,60,2023
Derrick Brown,DE,60,2023
Desjuan Johnson,DE,60,2023
Dominique Robinson,DE,60,2023
Dorance Armstrong,DE,60,2023
Drake Jackson,DE,60,2023
Dre'Mont Jones,DE,60,2023
Dylan Horton,DE,60,2023
Earnest Brown IV,DE,60,2023
Efe Obada,DE,60,2023
Elijah Garcia,DE,60,2023
Emmanuel Ogbah,DE,60,2023
Felix Anudike-Uzomah,DE,60,2023
George Karlaftis,DE,60,2023
Greg Rousseau,DE,60,2023
Isaac Rochell,DE,60,2023
Isaiah Foskey,DE,60,2023
Isaiah Land,DE,60,2023
Isaiah McGuire,DE,60,2023
Jack Heflin,DE,60,2023
Jacob Martin,DE,60,2023
Jalen Harris,DE,60,2023
James Houston,DE,60,2023
James Smith-Williams,DE,60,2023
Janarius Robinson,DE,60,2023
Jason Pierre-Paul,DE,60,2023
Jeremiah Pharms Jr.,DE,60,2023
Jerry Hughes,DE,60,2023
Joe Gaziano,DE,60,2023
Joe Tryon-Shoyinka,DE,60,2023
Joey Bosa,DE,60,2023
John Cominsky,DE,60,2023
John Franklin-Myers,DE,60,2023
Jonah Williams,DE,60,2023
Jonathan Allen,DE,60,2023
Jonathan Bullard,DE,60,2023
Jonathan Ledbetter,DE,60,2023
Joseph Ossai,DE,60,2023
Josh Hines-Allen,DE,60,2023
Joshua Paschal,DE,60,2023
Joshua Pryor,DE,60,2023
Julian Okwara,DE,60,2023
KJ Henry,DE,60,2023
Keion White,DE,60,2023
Kendal Vickers,DE,60,2023
Kentavius Street,DE,60,2023
Keondre Coburn,DE,60,2023
Kerry Hyder,DE,60,2023
Khalid Kareem,DE,60,2023
Kingsley Enagbare,DE,60,2023
Kingsley Jonathan,DE,60,2023
Kobie Turner,DE,60,2023
Kwity Paye,DE,60,2023
Kyle Phillips,DE,60,2023
L.J. Collier,DE,60,2023
Larrell Murchison,DE,60,2023
Leonard Floyd,DE,60,2023
Leonard Williams,DE,60,2023
Logan Hall,DE,60,2023
Lukas Van Ness,DE,60,2023
Malcolm Koonce,DE,60,2023
Malik Herring,DE,60,2023
Marcus Davenport,DE,60,2023
Marlon Davidson,DE,60,2023
Matt Dickerson,DE,60,2023
Matt Henningsen,DE,60,2023
Maxx Crosby,DE,60,2023
Micah Parsons,DE,60,2023
Michael Danna,DE,60,2023
Michael Dogbe,DE,60,2023
Micheal Clemons,DE,60,2023
Mike Morris,DE,60,2023
Milton Williams,DE,60,2023
Montez Sweat,DE,60,2023
Morgan Fox,DE,60,2023
Myles Garrett,DE,60,2023
Myles Murphy,DE,60,2023
Neil Farrell,DE,60,2023
Nick Bosa,DE,60,2023
Nick Thurman,DE,60,2023
Ogbo Okoronkwo,DE,60,2023
Pat O'Connor,DE,60,2023
Payton Turner,DE,60,2023
Preston Smith,DE,60,2023
Quinton Jefferson,DE,60,2023
Rashan Gary,DE,60,2023
Rasheem Green,DE,60,2023
Robert Beal Jr.,DE,60,2023
Romeo Okwara,DE,60,2023
Roy Robertson-Harris,DE,60,2023
Sam Hubbard,DE,60,2023
Sam Roberts,DE,60,2023
Sam Williams,DE,60,2023
Samson Ebukam,DE,60,2023
Sebastian Joseph-Day,DE,60,2023
Shaq Lawson,DE,60,2023
Solomon Thomas,DE,60,2023
TK McLendon Jr.,DE,60,2023
Tanoh Kpassagnon,DE,60,2023
Tershawn Wharton,DE,60,2023
Travon Walker,DE,60,2023
Trevis Gipson,DE,60,2023
Trey Hendrickson,DE,60,2023
Ty Shelby,DE,60,2023
Tyler Lacy,DE,60,2023
Tyquan Lewis,DE,60,2023
Tyree Wilson,DE,60,2023
Tyrus Wheat,DE,60,2023
Tyson Alualu,DE,60,2023
Will Anderson Jr.,DE,60,2023
Will McDonald IV,DE,60,2023
Yannick Ngakoue,DE,60,2023
Yetur Gross-Matos,DE,60,2023
Za'Darius Smith,DE,60,2023
Zach Allen,DE,60,2023
Zach Harrison,DE,60,2023
Aaron Donald,DL,60,2023
Abdullah Anderson,DT,60,2023
Adam Butler,DT,60,2023
Adetomiwa Adebawore,DT,60,2023
Al Woods,DT,60,2023
Albert Huggins,DT,60,2023
Alim McNeill,DT,60,2023
Andrew Billings,DT,60,2023
Arik Armstead,DT,60,2023
Armon Watts,DT,60,2023
Austin Faoliu,DT,60,2023
Benito Jones,DT,60,2023
Bilal Nichols,DT,60,2023
Bobby Brown III,DT,60,2023
Brandon Pili,DT,60,2023
Broderick Washington,DT,60,2023
Brodric Martin,DT,60,2023
Bruce Hector,DT,60,2023
Bryan Bresee,DT,60,2023
Byron Young,DT,60,2023
Calijah Kancey,DT,60,2023
Cameron Heyward,DT,60,2023
Cameron Young,DT,60,2023
Carl Davis,DT,60,2023
Christian Barmore,DT,60,2023
Christian Wilkins,DT,60,2023
Christopher Hinton,DT,60,2023
Cory Durden,DT,60,2023
D.J. Jones,DT,60,2023
DJ Davidson,DT,60,2023
DaQuan Jones,DT,60,2023
DaVon Hamilton,DT,60,2023
Daniel Ekuale,DT,60,2023
Dante Stills,DT,60,2023
David Onyemata,DT,60,2023
Davon Godchaux,DT,60,2023
DeForest Buckner,DT,60,2023
Deadrin Senat,DT,60,2023
Dean Lowry,DT,60,2023
Denico Autry,DT,60,2023
Devonte Wyatt,DT,60,2023
Dexter Lawrence,DT,60,2023
Ed Oliver,DT,60,2023
Eli Ankou,DT,60,2023
Eric Banks,DT,60,2023
Eric Johnson,DT,60,2023
Fletcher Cox,DT,60,2023
Foley Fatukasi,DT,60,2023
Gervon Dexter Sr.,DT,60,2023
Grady Jarrett,DT,60,2023
Greg Gaines,DT,60,2023
Grover Stewart,DT,60,2023
Harrison Phillips,DT,60,2023
Hassan Ridgeway,DT,60,2023
Isaiah Buggs,DT,60,2023
Isaiahh Loudermilk,DT,60,2023
Jaleel Johnson,DT,60,2023
Jalen Carter,DT,60,2023
Jalyn Holmes,DT,60,2023
Jaquelin Roy,DT,60,2023
Jarran Reed,DT,60,2023
Javon Kinlaw,DT,60,2023
Jay Tufele,DT,60,2023
Jeffery Simmons,DT,60,2023
Jeremiah Ledbetter,DT,60,2023
Jerry Tillery,DT,60,2023
John Jenkins,DT,60,2023
John Ridgeway,DT,60,2023
Johnathan Hankins,DT,60,2023
Jonathan Harris,DT,60,2023
Jordan Davis,DT,60,2023
Jordan Elliott,DT,60,2023
Jordan Phillips,DT,60,2023
Jordon Riley,DT,60,2023
Josh Tupou,DT,60,2023
Justin Jones,DT,60,2023
Kalia Davis,DT,60,2023
Karl Brooks,DT,60,2023
Keeanu Benton,DT,60,2023
Kevin Givens,DT,60,2023
Kevin Strong,DT,60,2023
Khalen Saunders,DT,60,2023
Khalil Davis,DT,60,2023
Khyiris Tonga,DT,60,2023
Kurt Hinish,DT,60,2023
LaBryan Ray,DT,60,2023
LaCale London,DT,60,2023
Larry Ogunjobi,DT,60,2023
Lawrence Guy,DT,60,2023
Leki Fotu,DT,60,2023
Levi Onwuzurike,DT,60,2023
Linval Joseph,DT,60,2023
Malcolm Roach,DT,60,2023
Maliek Collins,DT,60,2023
Mario Edwards,DT,60,2023
Marlon Tuipulotu,DT,60,2023
Marquise Copeland,DT,60,2023
Matthew Butler,DT,60,2023
Maurice Hurst,DT,60,2023
Mazi Smith,DT,60,2023
McTelvin Agim,DT,60,2023
Michael Pierce,DT,60,2023
Mike Greene,DT,60,2023
Mike Pennel,DT,60,2023
Montravius Adams,DT,60,2023
Moro Ojomo,DT,60,2023
Myles Adams,DT,60,2023
Naquan Jones,DT,60,2023
Nathan Shepherd,DT,60,2023
Nesta Jade Silvera,DT,60,2023
Neville Gallimore,DT,60,2023
Nick Williams,DT,60,2023
Nnamdi Madubuike,DT,60,2023
Osa Odighizuwa,DT,60,2023
Otito Ogbonnia,DT,60,2023
PJ Mustipher,DT,60,2023
Perrion Winfrey,DT,60,2023
Phidarian Mathis,DT,60,2023
Phil Hoskins,DT,60,2023
Poona Ford,DT,60,2023
Quinnen Williams,DT,60,2023
Quinton Bohanna,DT,60,2023
Raekwon Davis,DT,60,2023
Rakeem Nunez-Roches,DT,60,2023
Ross Blacklock,DT,60,2023
Roy Lopez,DT,60,2023
Scott Matlock,DT,60,2023
Shelby Harris,DT,60,2023
Sheldon Day,DT,60,2023
Sheldon Rankins,DT,60,2023
Shy Tuttle,DT,60,2023
Siaki Ika,DT,60,2023
T.J. Smith,DT,60,2023
T.Y. McGill,DT,60,2023
Ta'Quon Graham,DT,60,2023
Tanzel Smart,DT,60,2023
Taven Bryan,DT,60,2023
Teair Tart,DT,60,2023
Tedarrell Slaton,DT,60,2023
Tim Settle,DT,60,2023
Timmy Horne,DT,60,2023
Travis Bell,DT,60,2023
Travis Jones,DT,60,2023
Tyler Lancaster,DT,60,2023
Vita Vea,DT,60,2023
William Gholston,DT,60,2023
Zacch Pickens,DT,60,2023
Zach Sieler,DT,60,2023
Zachary Carter,DT,60,2023
Alec Ingold,FB,60,2023
Brady Russell,FB,60,2023
C.J. Ham,FB,60,2023
Jason Cabinda,FB,60,2023
Keith Smith,FB,60,2023
Khari Blasingame,FB,60,2023
Kyle Juszczyk,FB,60,2023
Michael Burton,FB,60,2023
Patrick Ricard,FB,60,2023
Reggie Gilliam,FB,60,2023
Derwin James,FS,60,2023
Eddie Jackson,FS,60,2023
Harrison Smith,FS,60,2023
Jabrill Peppers,FS,60,2023
Jessie Bates,FS,60,2023
Jordan Poyer,FS,60,2023
Jordan Whitehead,FS,60,2023
Justin Simmons,FS,60,2023
Kevin Byard,FS,60,2023
Malik Hooker,FS,60,2023
Marcus Maye,FS,60,2023
Marcus Williams,FS,60,2023
Minkah Fitzpatrick,FS,60,2023
Rodney McLeod Jr.,FS,60,2023
Rudy Ford,FS,60,2023
Tashaun Gipson,FS,60,2023
Tyrann Mathieu,FS,60,2023
Xavier Woods,FS,60,2023
Aaron Banks,G,60,2023
Aaron Stinnie,G,60,2023
Alex Cappa,G,60,2023
Alijah Vera-Tucker,G,60,2023
Andrew Wylie,G,60,2023
Andrus Peat,G,60,2023
Anthony Bradford,G,60,2023
Atonio Mafi,G,60,2023
Austin Schlottmann,G,60,2023
Ben Bredeson,G,60,2023
Ben Cleveland,G,60,2023
Ben Powers,G,60,2023
Brandon Scherff,G,60,2023
Brett Toth,G,60,2023
Calvin Throckmorton,G,60,2023
Cameron Erving,G,60,2023
Carter O'Donnell,G,60,2023
Cesar Ruiz,G,60,2023
Chandler Zavala,G,60,2023
Chris Glaser,G,60,2023
Chris Lindstrom,G,60,2023
Chris Paul,G,60,2023
Cody Mauch,G,60,2023
Cody Whitehair,G,60,2023
Colby Sorsdal,G,60,2023
Cole Strange,G,60,2023
Connor McGovern,G,60,2023
Cordell Volson,G,60,2023
Corey Levin,G,60,2023
Dalton Risner,G,60,2023
Damien Lewis,G,60,2023
Dan Feeney,G,60,2023
David Edwards,G,60,2023
Dylan Parham,G,60,2023
Ed Ingram,G,60,2023
Evan Brown,G,60,2023
Ezra Cleveland,G,60,2023
Frank Ragnow,G,60,2023
Gabe Jackson,G,60,2023
Greg Van Roten,G,60,2023
Isaac Seumalo,G,60,2023
Isaiah Wynn,G,60,2023
Ja'Tyre Carter,G,60,2023
Jamaree Salyer,G,60,2023
James Daniels,G,60,2023
James Hurst,G,60,2023
Jermaine Eluemunor,G,60,2023
Joe Thuney,G,60,2023
Joe Tippmann,G,60,2023
Joel Bitonio,G,60,2023
John Simpson,G,60,2023
Jon Feliciano,G,60,2023
Jon Runyan,G,60,2023
Jonah Jackson,G,60,2023
Joshua Ezeudu,G,60,2023
Justin McCray,G,60,2023
Justin Pugh,G,60,2023
Kayode Awosika,G,60,2023
Kendrick Green,G,60,2023
Kevin Dotson,G,60,2023
Kevin Zeitler,G,60,2023
Laken Tomlinson,G,60,2023
Landon Dickerson,G,60,2023
Larry Borom,G,60,2023
Lester Cotton,G,60,2023
Lucas Patrick,G,60,2023
Mark Glowinski,G,60,2023
Matt Feiler,G,60,2023
Matthew Bergeron,G,60,2023
Max Garcia,G,60,2023
Mekhi Becton,G,60,2023
Mike Onwenu,G,60,2023
Nash Jensen,G,60,2023
Nate Davis,G,60,2023
Nick Gates,G,60,2023
Nick Leverett,G,60,2023
O'Cyrus Torrence,G,60,2023
Phil Haynes,G,60,2023
Quenton Nelson,G,60,2023
Quinn Meinerz,G,60,2023
Robert Jones,G,60,2023
Royce Newman,G,60,2023
Sam Cosmi,G,60,2023
Shaq Mason,G,60,2023
Sidy Sow,G,60,2023
Steve Avila,G,60,2023
Sua Opeta,G,60,2023
TJ Bass,G,60,2023
Teven Jenkins,G,60,2023
Tremayne Anchrum,G,60,2023
Trey Smith,G,60,2023
Tyre Phillips,G,60,2023
Wes Schweitzer,G,60,2023
Will Fries,G,60,2023
Will Hernandez,G,60,2023
Wyatt Teller,G,60,2023
Xavier Newman-Johnson,G,60,2023
Zach Tom,G,60,2023
Zack Martin,G,60,2023
Zion Johnson,G,60,2023
Blake Martinez,ILB,60,2023
Bobby Okereke,ILB,60,2023
C.J. Mosley,ILB,60,2023
Cory Littleton,ILB,60,2023
David Long Jr.,ILB,60,2023
J.J. Russell,ILB,60,2023
Jordan Kunaszyk,ILB,60,2023
Josey Jewell,ILB,60,2023
Kana'i Mauga,ILB,60,2023
Olakunle Fatukasi,ILB,60,2023
Oren Burks,ILB,60,2023
Rashaan Evans,ILB,60,2023
Roquan Smith,ILB,60,2023
Tyler Matakevich,ILB,60,2023
Zach Cunningham,ILB,60,2023
Anders Carlson,K,60,2023
Austin Seibert,K,60,2023
Blake Grupe,K,60,2023
Brandon Aubrey,K,60,2023
Brandon McManus,K,60,2023
Brett Maher,K,60,2023
Cairo Santos,K,60,2023
Cameron Dicker,K,60,2023
Chad Ryland,K,60,2023
Chase McLaughlin,K,60,2023
Chris Boswell,K,60,2023
Daniel Carlson,K,60,2023
Dustin Hopkins,K,60,2023
Eddy Pineiro,K,60,2023
Evan McPherson,K,60,2023
Graham Gano,K,60,2023
Greg Joseph,K,60,2023
Greg Zuerlein,K,60,2023
Harrison Butker,K,60,2023
Jake Elliott,K,60,2023
Jake Moody,K,60,2023
Jason Myers,K,60,2023
Jason Sanders,K,60,2023
Joey Slye,K,60,2023
Justin Tucker,K,60,2023
Ka'imi Fairbairn,K,60,2023
Lucas Havrisik,K,60,2023
Mason Crosby,K,60,2023
Matt Ammendola,K,60,2023
Matt Gay,K,60,2023
Matt Prater,K,60,2023
Matthew Wright,K,60,2023
Mike Badgley,K,60,2023
Nick Folk,K,60,2023
Randy Bullock,K,60,2023
Riley Patterson,K,60,2023
Tyler Bass,K,60,2023
Wil Lutz,K,60,2023
Younghoe Koo,K,60,2023
Akeem Davis-Gaither,LB,60,2023
Alex Highsmith,LB,60,2023
Alex Singleton,LB,60,2023
Amare Barno,LB,60,2023
Amari Burney,LB,60,2023
Amen Ogbongbemiga,LB,60,2023
Andre Carter II,LB,60,2023
Andre Smith,LB,60,2023
Andrew Farmer,LB,60,2023
Anfernee Jennings,LB,60,2023
Anthony Nelson,LB,60,2023
Anthony Pittman,LB,60,2023
Arden Key,LB,60,2023
Arnold Ebiketie,LB,60,2023
Azeez Al-Shaair,LB,60,2023
Azeez Ojulari,LB,60,2023
BJ Ojulari,LB,60,2023
Baron Browning,LB,60,2023
Baylon Spector,LB,60,2023
Ben Niemann,LB,60,2023
Benton Whitley,LB,60,2023
Blake Cashman,LB,60,2023
Blake Lynch,LB,60,2023
Boye Mafe,LB,60,2023
Brandon Smith,LB,60,2023
Brian Asamoah II,LB,60,2023
Brian Burns,LB,60,2023
Bruce Irvin,LB,60,2023
Buddy Johnson,LB,60,2023
Byron Young,LB,60,2023
Caleb Johnson,LB,60,2023
Caleb Murphy,LB,60,2023
Calvin Munson,LB,60,2023
Cam Gill,LB,60,2023
Cam Jones,LB,60,2023
Cameron Brown,LB,60,2023
Cameron Goode,LB,60,2023
Cameron McGrone,LB,60,2023
Carlos Basham,LB,60,2023
Carter Coughlin,LB,60,2023
Chad Muma,LB,60,2023
Chance Campbell,LB,60,2023
Chandler Wooten,LB,60,2023
Channing Tindall,LB,60,2023
Charles Harris,LB,60,2023
Charlie Thomas,LB,60,2023
Chazz Surratt,LB,60,2023
Chris Board,LB,60,2023
Christian Elliss,LB,60,2023
Christian Harris,LB,60,2023
Christian Rozeboom,LB,60,2023
Cody Barton,LB,60,2023
Cole Christiansen,LB,60,2023
Cole Holcomb,LB,60,2023
Curtis Bolton,LB,60,2023
Curtis Robinson,LB,60,2023
D'Marco Jackson,LB,60,2023
D.J. Wonnum,LB,60,2023
DJ Johnson,LB,60,2023
Daiyan Henley,LB,60,2023
Damone Clark,LB,60,2023
David Ojabo,LB,60,2023
De'Jon Harris,LB,60,2023
DeAngelo Malone,LB,60,2023
DeMarcus Lawrence,LB,60,2023
DeMarquis Gates,LB,60,2023
Dee Winters,LB,60,2023
Deion Jones,LB,60,2023
Del'Shawn Phillips,LB,60,2023
Demetrius Flannigan-Fowles,LB,60,2023
Dennis Gardeck,LB,60,2023
Derick Hall,LB,60,2023
Derrick Barnes,LB,60,2023
Devin Bush,LB,60,2023
Devin Harper,LB,60,2023
Devin Lloyd,LB,60,2023
Devin White,LB,60,2023
Divine Deablo,LB,60,2023
Dorian Williams,LB,60,2023
Drake Thomas,LB,60,2023
Dre Greenlaw,LB,60,2023
Drew Sanders,LB,60,2023
Drue Tranquill,LB,60,2023
Dylan Cole,LB,60,2023
E.J. Speed,LB,60,2023
Eku Leota,LB,60,2023
Eric Wilson,LB,60,2023
Ernest Jones,LB,60,2023
Ezekiel Turner,LB,60,2023
Foye Oluokun,LB,60,2023
Frank Clark,LB,60,2023
Frankie Luvu,LB,60,2023
Garret Wallow,LB,60,2023
Germaine Pratt,LB,60,2023
Grant Stuard,LB,60,2023
Harold Landry III,LB,60,2023
Henry To'oTo'o,LB,60,2023
Isaiah McDuffie,LB,60,2023
Isaiah Simmons,LB,60,2023
Ivan Pace Jr.,LB,60,2023
Ja'Whaun Bentley,LB,60,2023
Jabril Cox,LB,60,2023
Jack Campbell,LB,60,2023
Jack Cochrane,LB,60,2023
Jack Gibbens,LB,60,2023
Jack Sanborn,LB,60,2023
Jacob Hummel,LB,60,2023
Jaelan Phillips,LB,60,2023
Jahlani Tavai,LB,60,2023
Jake Hansen,LB,60,2023
Jalen Graham,LB,60,2023
Jalen Reeves-Maybin,LB,60,2023
Jamal Adams,LB,60,2023
Jamien Sherwood,LB,60,2023
Jamin Davis,LB,60,2023
Jeremiah Moon,LB,60,2023
Jeremiah Owusu-Koramoah,LB,60,2023
Jermaine Johnson II,LB,60,2023
Jesse Luketa,LB,60,2023
Jihad Ward,LB,60,2023
JoJo Domann,LB,60,2023
Joe Bachie,LB,60,2023
Joe Jones,LB,60,2023
Jon Rhattigan,LB,60,2023
Jonathan Greenard,LB,60,2023
Jonathon Cooper,LB,60,2023
Jordyn Brooks,LB,60,2023
Josh Woods,LB,60,2023
Joshua Uche,LB,60,2023
Justin Hollins,LB,60,2023
Justin Strnad,LB,60,2023
K'Lavon Chaisson,LB,60,2023
K.J. Britt,LB,60,2023
Kaden Elliss,LB,60,2023
Kayvon Thibodeaux,LB,60,2023
Keir Thomas,LB,60,2023
"Kenneth Murray, Jr.",LB,60,2023
Khaleke Hudson,LB,60,2023
Kristian Welch,LB,60,2023
Krys Barnes,LB,60,2023
Leo Chenal,LB,60,2023
Logan Wilson,LB,60,2023
Lorenzo Carter,LB,60,2023
Luke Gifford,LB,60,2023
Luke Masterson,LB,60,2023
Mack Wilson,LB,60,2023
Malcolm Rodriguez,LB,60,2023
Malik Harrison,LB,60,2023
Malik Jefferson,LB,60,2023
Malik Reed,LB,60,2023
Mark Robinson,LB,60,2023
Markees Watts,LB,60,2023
Markus Bailey,LB,60,2023
Markus Golden,LB,60,2023
Marquis Haynes,LB,60,2023
Marte Mapu,LB,60,2023
Melvin Ingram,LB,60,2023
Micah McFadden,LB,60,2023
Michael Hoecht,LB,60,2023
Mohamoud Diabate,LB,60,2023
Monty Rice,LB,60,2023
Myjai Sanders,LB,60,2023
Mykal Walker,LB,60,2023
Nakobe Dean,LB,60,2023
Nate Landman,LB,60,2023
Nephi Sewell,LB,60,2023
Neville Hewitt,LB,60,2023
Nicholas Morrow,LB,60,2023
Nick Bellore,LB,60,2023
Nick Bolton,LB,60,2023
Nick Hampton,LB,60,2023
Nick Herbig,LB,60,2023
Nick Niemann,LB,60,2023
Nik Bonitto,LB,60,2023
Noah Sewell,LB,60,2023
Nolan Smith,LB,60,2023
Ochaun Mathis,LB,60,2023
Odafe Oweh,LB,60,2023
Oshane Ximines,LB,60,2023
Otis Reese,LB,60,2023
Owen Pappoe,LB,60,2023
Patrick Johnson,LB,60,2023
Patrick Jones II,LB,60,2023
Patrick O'Connell,LB,60,2023
Patrick Queen,LB,60,2023
Pete Werner,LB,60,2023
Quay Walker,LB,60,2023
Quincy Williams,LB,60,2023
Randy Gregory,LB,60,2023
Rashad Weaver,LB,60,2023
Robert Spillane,LB,60,2023
Ronnie Harrison,LB,60,2023
Ronnie Perkins,LB,60,2023
Sam Eguavoen,LB,60,2023
Sam Kamara,LB,60,2023
Segun Olubi,LB,60,2023
Shaquil Barrett,LB,60,2023
Shaquille Quarterman,LB,60,2023
Sione Takitaki,LB,60,2023
SirVocea Dennis,LB,60,2023
T.J. Edwards,LB,60,2023
Tae Davis,LB,60,2023
Tanner Muse,LB,60,2023
Tavius Robinson,LB,60,2023
Terrel Bernard,LB,60,2023
Thomas Incoom,LB,60,2023
Tomon Fox,LB,60,2023
Tony Fields II,LB,60,2023
Trenton Simpson,LB,60,2023
Trevor Nowaske,LB,60,2023
Troy Andersen,LB,60,2023
Troy Dye,LB,60,2023
Troy Reeder,LB,60,2023
Tuli Tuipulotu,LB,60,2023
Ty Summers,LB,60,2023
Tyreke Smith,LB,60,2023
Tyrel Dodson,LB,60,2023
Uchenna Nwosu,LB,60,2023
Victor Dimukeje,LB,60,2023
Willie Gay Jr.,LB,60,2023
Yasir Abdullah,LB,60,2023
Yaya Diaby,LB,60,2023
Zach VanValkenburg,LB,60,2023
Zack Baun,LB,60,2023
Zaven Collins,LB,60,2023
Alex Ward,LS,60,2023
Andrew DePaola,LS,60,2023
Blake Ferguson,LS,60,2023
Cal Adomitis,LS,60,2023
Camaron Cheeseman,LS,60,2023
Casey Kreiter,LS,60,2023
Charley Hughlett,LS,60,2023
Chris Stoll,LS,60,2023
Christian Kuntz,LS,60,2023
J.J. Jansen,LS,60,2023
Jacob Bobenmoyer,LS,60,2023
Jake McQuaide,LS,60,2023
James Winchester,LS,60,2023
Joe Cardona,LS,60,2023
Jon Weeks,LS,60,2023
Josh Harris,LS,60,2023
Liam McCullough,LS,60,2023
Luke Rhodes,LS,60,2023
Mitchell Fraboni,LS,60,2023
Morgan Cox,LS,60,2023
Reid Ferguson,LS,60,2023
Rick Lovato,LS,60,2023
Ross Matiscik,LS,60,2023
Scott Daly,LS,60,2023
Thomas Hennessy,LS,60,2023
Trent Sieg,LS,60,2023
Tucker Addington,LS,60,2023
Tyler Ott,LS,60,2023
Zach Triner,LS,60,2023
Zach Wood,LS,60,2023
Alex Anzalone,MLB,60,2023
Anthony Walker,MLB,60,2023
Bobby Wagner,MLB,60,2023
Denzel Perryman,MLB,60,2023
Duke Riley,MLB,60,2023
Eric Kendricks,MLB,60,2023
Fred Warner,MLB,60,2023
Jaylon Smith,MLB,60,2023
Jordan Hicks,MLB,60,2023
Kwon Alexander,MLB,60,2023
Kyle Van Noy,MLB,60,2023
Myles Jack,MLB,60,2023
Tremaine Edmunds,MLB,60,2023
Austin Johnson,NT,60,2023
Chris Wormley,NT,60,2023
Daron Payne,NT,60,2023
Derrick Nnadi,NT,60,2023
Javon Hargrave,NT,60,2023
Kenny Clark,NT,60,2023
Kyle Peko,NT,60,2023
Mike Purcell,NT,60,2023
Blake Hance,OL,60,2023
A.J. Klein,OLB,60,2023
Andrew Van Ginkel,OLB,60,2023
Anthony Barr,OLB,60,2023
Bradley Chubb,OLB,60,2023
Bud Dupree,OLB,60,2023
David Mayo,OLB,60,2023
De'Vondre Campbell,OLB,60,2023
Demario Davis,OLB,60,2023
Elandon Roberts,OLB,60,2023
Haason Reddick,OLB,60,2023
Jadeveon Clowney,OLB,60,2023
Jerome Baker,OLB,60,2023
Josh Sweat,OLB,60,2023
Justin Houston,OLB,60,2023
Kamu Grugier-Hill,OLB,60,2023
Khalil Mack,OLB,60,2023
Kyzir White,OLB,60,2023
Lavonte David,OLB,60,2023
Leighton Vander Esch,OLB,60,2023
Matt Milano,OLB,60,2023
Matthew Adams,OLB,60,2023
Matthew Judon,OLB,60,2023
Nick Vigil,OLB,60,2023
Shaq Thompson,OLB,60,2023
Shaquille Leonard,OLB,60,2023
T.J. Watt,OLB,60,2023
Von Miller,OLB,60,2023
Zaire Franklin,OLB,60,2023
Alaric Jackson,OT,60,2023
Andre Dillard,OT,60,2023
Andrew Rupcich,OT,60,2023
Andrew Thomas,OT,60,2023
Anton Harrison,OT,60,2023
Austin Jackson,OT,60,2023
Ben Bartch,OT,60,2023
Bernhard Raimann,OT,60,2023
Blake Freeland,OT,60,2023
Braden Smith,OT,60,2023
Braxton Jones,OT,60,2023
Brenden Jaimes,OT,60,2023
Brian O'Neill,OT,60,2023
Broderick Jones,OT,60,2023
Calvin Anderson,OT,60,2023
Cam Robinson,OT,60,2023
Cameron Fleming,OT,60,2023
Carter Warren,OT,60,2023
Charles Cross,OT,60,2023
Charles Leno Jr.,OT,60,2023
Charlie Heck,OT,60,2023
Christian Darrisaw,OT,60,2023
Chukwuma Okorafor,OT,60,2023
Chuma Edoga,OT,60,2023
Colton McKivitz,OT,60,2023
Conor McDermott,OT,60,2023
Cornelius Lucas,OT,60,2023
D.J. Humphries,OT,60,2023
Dan Moore Jr.,OT,60,2023
Dan Skipper,OT,60,2023
Daniel Brunskill,OT,60,2023
Darnell Wright,OT,60,2023
David Quessenberry,OT,60,2023
Dawand Jones,OT,60,2023
Dillon Radunz,OT,60,2023
Dion Dawkins,OT,60,2023
Donovan Smith,OT,60,2023
Duane Brown,OT,60,2023
Elijah Wilkinson,OT,60,2023
Evan Neal,OT,60,2023
Garett Bolles,OT,60,2023
George Fant,OT,60,2023
Geron Christian,OT,60,2023
Ikem Ekwonu,OT,60,2023
Jaelyn Duncan,OT,60,2023
Jake Curhan,OT,60,2023
Jake Matthews,OT,60,2023
Jalen Mayfield,OT,60,2023
James Hudson,OT,60,2023
Jason Peters,OT,60,2023
Jawaan Taylor,OT,60,2023
Jedrick Wills,OT,60,2023
Joe Noteboom,OT,60,2023
Jonah Williams,OT,60,2023
Jordan Mailata,OT,60,2023
Josh Jones,OT,60,2023
Kaleb McGary,OT,60,2023
Kelvin Beachum,OT,60,2023
Kion Smith,OT,60,2023
Kolton Miller,OT,60,2023
Landon Young,OT,60,2023
Lane Johnson,OT,60,2023
Laremy Tunsil,OT,60,2023
Liam Eichenberg,OT,60,2023
Luke Goedeke,OT,60,2023
Matt Nelson,OT,60,2023
Matt Peart,OT,60,2023
Matt Pryor,OT,60,2023
Max Mitchell,OT,60,2023
Michael Dunn,OT,60,2023
Mike McGlinchey,OT,60,2023
Morgan Moses,OT,60,2023
Nicholas Petit-Frere,OT,60,2023
Orlando Brown,OT,60,2023
Paris Johnson Jr.,OT,60,2023
Patrick Mekari,OT,60,2023
Penei Sewell,OT,60,2023
Peter Skoronski,OT,60,2023
Quinn Bailey,OT,60,2023
Rashawn Slater,OT,60,2023
Rasheed Walker,OT,60,2023
Rob Havenstein,OT,60,2023
Robert Hunt,OT,60,2023
Ronnie Stanley,OT,60,2023
Ryan Ramczyk,OT,60,2023
Saahdiq Charles,OT,60,2023
Sean Rhyan,OT,60,2023
Spencer Brown,OT,60,2023
Spencer Burford,OT,60,2023
Stone Forsythe,OT,60,2023
Storm Norton,OT,60,2023
Taylor Decker,OT,60,2023
Taylor Moton,OT,60,2023
Terence Steele,OT,60,2023
Terron Armstead,OT,60,2023
Thayer Munford Jr.,OT,60,2023
Trent Brown,OT,60,2023
Trent Scott,OT,60,2023
Trent Williams,OT,60,2023
Trevor Penning,OT,60,2023
Trey Pipkins,OT,60,2023
Tristan Wirfs,OT,60,2023
Tyler Smith,OT,60,2023
Tyler Steen,OT,60,2023
Tyron Smith,OT,60,2023
Tytus Howard,OT,60,2023
Vederian Lowe,OT,60,2023
Walker Little,OT,60,2023
Wanya Morris,OT,60,2023
Yosh Nijman,OT,60,2023
Zach Thomas,OT,60,2023
AJ Cole,P,60,2023
Arryn Siposs,P,60,2023
Blake Gillikin,P,60,2023
Brad Robbins,P,60,2023
Brad Wing,P,60,2023
Braden Mann,P,60,2023
Bradley Pinion,P,60,2023
Bryan Anger,P,60,2023
Bryce Baringer,P,60,2023
Cameron Johnston,P,60,2023
Corey Bojorquez,P,60,2023
Daniel Whelan,P,60,2023
Ethan Evans,P,60,2023
J.K. Scott,P,60,2023
Jack Fox,P,60,2023
Jake Bailey,P,60,2023
Jake Camarda,P,60,2023
Jamie Gillan,P,60,2023
Johnny Hekker,P,60,2023
Jordan Stout,P,60,2023
Logan Cooke,P,60,2023
Lou Hedley,P,60,2023
Matt Haack,P,60,2023
Michael Dickson,P,60,2023
Mitch Wishnowsky,P,60,2023
Nolan Cooney,P,60,2023
Pressley Harvin III,P,60,2023
Rigoberto Sanchez,P,60,2023
Riley Dixon,P,60,2023
Ryan Stonehouse,P,60,2023
Ryan Wright,P,60,2023
Sam Martin,P,60,2023
Thomas Morstead,P,60,2023
Tommy Townsend,P,60,2023
Trenton Gill,P,60,2023
Tress Way,P,60,2023
Ty Zentner,P,60,2023
Dak Prescott,QB,99,2023
Jared Goff,QB,97,2023
Jordan Love,QB,97,2023
Brock Purdy,QB,96,2023
Patrick Mahomes,QB,96,2023
Baker Mayfield,QB,95,2023
Josh Allen,QB,95,2023
Tua Tagovailoa,QB,93,2023
C.J. Stroud,QB,90,2023
Lamar Jackson,QB,89,2023
Matthew Stafford,QB,89,2023
Derek Carr,QB,87,2023
Jalen Hurts,QB,87,2023
Russell Wilson,QB,85,2023
Sam Howell,QB,85,2023
Trevor Lawrence,QB,85,2023
Geno Smith,QB,83,2023
Justin Herbert,QB,82,2023
Gardner Minshew,QB,79,2023
Justin Fields,QB,78,2023
Kirk Cousins,QB,78,2023
Bryce Young,QB,76,2023
Desmond Ridder,QB,76,2023
Joe Burrow,QB,76,2023
Joshua Dobbs,QB,76,2023
Aidan O'Connell,QB,74,2023
Joe Flacco,QB,74,2023
Jake Browning,QB,73,2023
Mac Jones,QB,73,2023
Kyler Murray,QB,72,2023
Zach Wilson,QB,72,2023
Kenny Pickett,QB,70,2023
Will Levis,QB,70,2023
Bailey Zappe,QB,68,2023
Deshaun Watson,QB,68,2023
Jimmy Garoppolo,QB,68,2023
Nick Mullens,QB,68,2023
Tommy DeVito,QB,68,2023
Ryan Tannehill,QB,67,2023
Tyrod Taylor,QB,67,2023
Mason Rudolph,QB,66,2023
Taylor Heinicke,QB,66,2023
Easton Stick,QB,65,2023
Anthony Richardson,QB,64,2023
Daniel Jones,QB,64,2023
Drew Lock,QB,64,2023
Mitchell Trubisky,QB,64,2023
Tyson Bagent,QB,64,2023
Jacoby Brissett,QB,63,2023
Jarrett Stidham,QB,63,2023
PJ Walker,QB,63,2023
Trevor Siemian,QB,63,2023
Andy Dalton,QB,62,2023
C.J. Beathard,QB,62,2023
Carson Wentz,QB,62,2023
Case Keenum,QB,62,2023
Davis Mills,QB,62,2023
Dorian Thompson-Robinson,QB,62,2023
Jameis Winston,QB,62,2023
Jeff Driskel,QB,62,2023
Sam Darnold,QB,62,2023
Tim Boyle,QB,62,2023
Tyler Huntley,QB,62,2023
Blaine Gabbert,QB,61,2023
Brett Rypien,QB,61,2023
Brian Hoyer,QB,61,2023
Jaren Hall,QB,61,2023
Marcus Mariota,QB,61,2023
Mike White,QB,61,2023
AJ McCarron,QB,60,2023
Aaron Rodgers,QB,60,2023
Clayton Tune,QB,60,2023
Cooper Rush,QB,60,2023
Kyle Allen,QB,60,2023
Kyle Trask,QB,60,2023
Logan Woodside,QB,60,2023
Malik Willis,QB,60,2023
Matt Barkley,QB,60,2023
Nathan Peterman,QB,60,2023
Sean Clifford,QB,60,2023
Teddy Bridgewater,QB,60,2023
Christian McCaffrey,RB,99,2023
Raheem Mostert,RB,93,2023
David Montgomery,RB,91,2023
Jahmyr Gibbs,RB,87,2023
Derrick Henry,RB,86,2023
Kyren Williams,RB,86,2023
Gus Edwards,RB,85,2023
Isiah Pacheco,RB,84,2023
Travis Etienne,RB,83,2023
Joe Mixon,RB,81,2023
Najee Harris,RB,80,2023
De'Von Achane,RB,78,2023
James Conner,RB,78,2023
Kenneth Walker III,RB,78,2023
Tony Pollard,RB,78,2023
Kareem Hunt,RB,77,2023
Rachaad White,RB,77,2023
D'Andre Swift,RB,76,2023
Jonathan Taylor,RB,76,2023
Saquon Barkley,RB,76,2023
Breece Hall,RB,75,2023
Devin Singletary,RB,75,2023
Josh Jacobs,RB,75,2023
Aaron Jones,RB,74,2023
Bijan Robinson,RB,74,2023
Chuba Hubbard,RB,74,2023
Alvin Kamara,RB,73,2023
Brian Robinson,RB,73,2023
James Cook,RB,73,2023
Zack Moss,RB,73,2023
Austin Ekeler,RB,72,2023
Jaylen Warren,RB,72,2023
Jerome Ford,RB,72,2023
Javonte Williams,RB,71,2023
Rhamondre Stevenson,RB,71,2023
Tyler Allgeier,RB,71,2023
D'Onta Foreman,RB,69,2023
Ezekiel Elliott,RB,69,2023
AJ Dillon,RB,68,2023
Justice Hill,RB,68,2023
Khalil Herbert,RB,68,2023
Latavius Murray,RB,68,2023
Ty Chandler,RB,68,2023
Elijah Mitchell,RB,67,2023
Alexander Mattison,RB,66,2023
Dameon Pierce,RB,66,2023
Jordan Mason,RB,66,2023
Joshua Kelley,RB,66,2023
Keaton Mitchell,RB,66,2023
Kenneth Gainwell,RB,66,2023
Rico Dowdle,RB,66,2023
Roschon Johnson,RB,66,2023
Tyjae Spears,RB,66,2023
Chris Rodriguez Jr.,RB,65,2023
Emari Demercado,RB,65,2023
Jaleel McLaughlin,RB,65,2023
Miles Sanders,RB,65,2023
Royce Freeman,RB,65,2023
Zach Charbonnet,RB,65,2023
Zamir White,RB,65,2023
Antonio Gibson,RB,64,2023
Cam Akers,RB,64,2023
Clyde Edwards-Helaire,RB,64,2023
Craig Reynolds,RB,64,2023
Darrell Henderson,RB,64,2023
Jamaal Williams,RB,64,2023
Pierre Strong,RB,64,2023
Tank Bigsby,RB,64,2023
Tony Jones,RB,64,2023
Kendre Miller,RB,63,2023
Matt Breida,RB,63,2023
Samaje Perine,RB,63,2023
Brandon Bolden,RB,62,2023
Chase Edmonds,RB,62,2023
Dalvin Cook,RB,62,2023
Damien Harris,RB,62,2023
Darrynton Evans,RB,62,2023
Hunter Luepke,RB,62,2023
J.K. Dobbins,RB,62,2023
Jeff Wilson,RB,62,2023
Jerick McKinnon,RB,62,2023
Kevin Harris,RB,62,2023
Melvin Gordon,RB,62,2023
Michael Carter,RB,62,2023
Salvon Ahmed,RB,62,2023
Ty Johnson,RB,62,2023
Ameer Abdullah,RB,61,2023
Andrew Beck,RB,61,2023
Boston Scott,RB,61,2023
Chase Brown,RB,61,2023
Chris Brooks,RB,61,2023
Cordarrelle Patterson,RB,61,2023
D'Ernest Johnson,RB,61,2023
Emanuel Wilson,RB,61,2023
Isaiah Spiller,RB,61,2023
Israel Abanikanda,RB,61,2023
Keaontay Ingram,RB,61,2023
La'Mical Perine,RB,61,2023
Nick Bawden,RB,61,2023
Nick Chubb,RB,61,2023
Patrick Taylor,RB,61,2023
Ronnie Rivers,RB,61,2023
Trayveon Williams,RB,61,2023
Trey Sermon,RB,61,2023
Tyler Goodson,RB,61,2023
Adam Prentice,RB,60,2023
Alex Armah,RB,60,2023
Anthony McFarland,RB,60,2023
Bam Knight,RB,60,2023
Ben VanSumeren,RB,60,2023
Chris Evans,RB,60,2023
Damien Williams,RB,60,2023
Dare Ogunbowale,RB,60,2023
DeeJay Dallas,RB,60,2023
Deon Jackson,RB,60,2023
Derrick Gore,RB,60,2023
Deuce Vaughn,RB,60,2023
Devine Ozigbo,RB,60,2023
Dwayne Washington,RB,60,2023
Elijah Dotson,RB,60,2023
Eric Gray,RB,60,2023
Evan Hull,RB,60,2023
Gary Brightwell,RB,60,2023
Godwin Igwebuike,RB,60,2023
JaMycal Hasty,RB,60,2023
Jake Funk,RB,60,2023
Jakob Johnson,RB,60,2023
James Robinson,RB,60,2023
Jashaun Corbin,RB,60,2023
Jeremy McNichols,RB,60,2023
Jonathan Ward,RB,60,2023
Jonathan Williams,RB,60,2023
Jordan Mims,RB,60,2023
Julius Chestnut,RB,60,2023
Ke'Shawn Vaughn,RB,60,2023
Kene Nwangwu,RB,60,2023
Kenyan Drake,RB,60,2023
Leonard Fournette,RB,60,2023
Malik Davis,RB,60,2023
Mike Boone,RB,60,2023
Mohamed Ibrahim,RB,60,2023
Raheem Blackshear,RB,60,2023
Rashaad Penny,RB,60,2023
Sean Tucker,RB,60,2023
Travis Homer,RB,60,2023
Tyrion Davis-Price,RB,60,2023
Velus Jones Jr.,RB,60,2023
Zach Evans,RB,60,2023
Adrian Amos,S,60,2023
Budda Baker,S,60,2023
Chris Smith II,S,60,2023
Damontae Kazee,S,60,2023
Dean Marlowe,S,60,2023
Duron Harmon,S,60,2023
Eric Murray,S,60,2023
Jayron Kearse,S,60,2023
Justin Evans,S,60,2023
Justin Reid,S,60,2023
Kareem Jackson,S,60,2023
Keanu Neal,S,60,2023
Micah Hyde,S,60,2023
Quandre Diggs,S,60,2023
Terrell Edmunds,S,60,2023
Vonn Bell,S,60,2023
AJ Finley,SAF,60,2023
Alex Cook,SAF,60,2023
Alohi Gilman,SAF,60,2023
Amani Hooker,SAF,60,2023
Andre Cisco,SAF,60,2023
Andrew Wingard,SAF,60,2023
Anthony Johnson Jr.,SAF,60,2023
Antoine Winfield Jr.,SAF,60,2023
Antonio Johnson,SAF,60,2023
Ar'Darius Washington,SAF,60,2023
Ashtyn Davis,SAF,60,2023
Benny Sapp III,SAF,60,2023
Brandon Jones,SAF,60,2023
Brenden Schooler,SAF,60,2023
Brian Branch,SAF,60,2023
Bryan Cook,SAF,60,2023
C.J. Gardner-Johnson,SAF,60,2023
Camryn Bynum,SAF,60,2023
Christian Izien,SAF,60,2023
Coby Bryant,SAF,60,2023
D'Anthony Bell,SAF,60,2023
Damar Hamlin,SAF,60,2023
Dane Belton,SAF,60,2023
Daniel Thomas,SAF,60,2023
Darnell Savage,SAF,60,2023
Darrick Forrest,SAF,60,2023
DeMarcco Hellams,SAF,60,2023
DeShon Elliott,SAF,60,2023
Delarrin Turner-Yell,SAF,60,2023
Deon Bush,SAF,60,2023
Donovan Wilson,SAF,60,2023
Elijah Hicks,SAF,60,2023
Geno Stone,SAF,60,2023
Gervarrius Owens,SAF,60,2023
Grant Delpit,SAF,60,2023
Grayland Arnold,SAF,60,2023
Ifeatu Melifonwu,SAF,60,2023
Innis Gaines,SAF,60,2023
Isaiah Oliver,SAF,60,2023
Isaiah Pola-Mao,SAF,60,2023
JT Woods,SAF,60,2023
Jalen Pitre,SAF,60,2023
Jalen Thompson,SAF,60,2023
Jammie Robinson,SAF,60,2023
Jaquan Brisker,SAF,60,2023
Jason Pinnock,SAF,60,2023
Jason Taylor II,SAF,60,2023
Jay Ward,SAF,60,2023
Jaylinn Hawkins,SAF,60,2023
Jeremy Chinn,SAF,60,2023
Jeremy Reaves,SAF,60,2023
Jerrick Reed II,SAF,60,2023
Jevon Holland,SAF,60,2023
Ji'Ayir Brown,SAF,60,2023
Jimmie Ward,SAF,60,2023
Joey Blount,SAF,60,2023
Jordan Battle,SAF,60,2023
Jordan Fuller,SAF,60,2023
Jordan Howden,SAF,60,2023
Josh Metellus,SAF,60,2023
Juan Thornhill,SAF,60,2023
Juanyeh Thomas,SAF,60,2023
Julian Blackmon,SAF,60,2023
Julian Love,SAF,60,2023
K'Von Wallace,SAF,60,2023
Kaevon Merriweather,SAF,60,2023
Kam Curl,SAF,60,2023
Kerby Joseph,SAF,60,2023
Kyle Dugger,SAF,60,2023
Kyle Hamilton,SAF,60,2023
Lewis Cine,SAF,60,2023
Lonnie Johnson,SAF,60,2023
M.J. Stewart,SAF,60,2023
Marcus Epps,SAF,60,2023
Markquese Bell,SAF,60,2023
Mike Brown,SAF,60,2023
Mike Edwards,SAF,60,2023
Miles Killebrew,SAF,60,2023
Nick Cross,SAF,60,2023
Nick Scott,SAF,60,2023
P.J. Locke,SAF,60,2023
Percy Butler,SAF,60,2023
Quan Martin,SAF,60,2023
Quentin Lake,SAF,60,2023
Raheem Layne,SAF,60,2023
Rayshawn Jenkins,SAF,60,2023
Reed Blankenship,SAF,60,2023
Richie Grant,SAF,60,2023
Rodney Thomas,SAF,60,2023
Ronnie Hickman Jr.,SAF,60,2023
Russ Yeast,SAF,60,2023
Sam Franklin Jr.,SAF,60,2023
Shyheim Carter,SAF,60,2023
Sydney Brown,SAF,60,2023
Talanoa Hufanga,SAF,60,2023
Tanner McCalister,SAF,60,2023
Tariq Carpenter,SAF,60,2023
Tavierre Thomas,SAF,60,2023
Tayler Hawkins,SAF,60,2023
Taylor Rapp,SAF,60,2023
Terrell Burgess,SAF,60,2023
Theo Jackson,SAF,60,2023
Tony Adams,SAF,60,2023
Tre'von Moehrig,SAF,60,2023
Tristin McCollum,SAF,60,2023
Ty Okada,SAF,60,2023
Tycen Anderson,SAF,60,2023
Will Harris,SAF,60,2023
Xavier McKinney,SAF,60,2023
Zayne Anderson,SAF,60,2023
Sam LaPorta,TE,99,2023
Travis Kelce,TE,96,2023
George Kittle,TE,91,2023
Jake Ferguson,TE,89,2023
David Njoku,TE,87,2023
T.J. Hockenson,TE,84,2023
Cole Kmet,TE,83,2023
Dalton Schultz,TE,83,2023
Evan Engram,TE,82,2023
Mark Andrews,TE,81,2023
Isaiah Likely,TE,80,2023
Cade Otton,TE,79,2023
Hunter Henry,TE,79,2023
Trey McBride,TE,78,2023
Dallas Goedert,TE,77,2023
Dalton Kincaid,TE,77,2023
Kyle Pitts,TE,76,2023
Logan Thomas,TE,76,2023
Jonnu Smith,TE,75,2023
Juwan Johnson,TE,74,2023
Donald Parham,TE,73,2023
Gerald Everett,TE,72,2023
Tucker Kraft,TE,72,2023
Brevin Jordan,TE,71,2023
Tyler Higbee,TE,71,2023
Darren Waller,TE,70,2023
Luke Musgrave,TE,70,2023
Pat Freiermuth,TE,70,2023
Adam Trautman,TE,69,2023
Chig Okonkwo,TE,69,2023
Dawson Knox,TE,69,2023
Harrison Bryant,TE,69,2023
Jimmy Graham,TE,69,2023
Michael Mayer,TE,69,2023
Mo Alie-Cox,TE,69,2023
Noah Gray,TE,69,2023
Tommy Tremble,TE,69,2023
Colby Parkinson,TE,68,2023
Mike Gesicki,TE,68,2023
Taysom Hill,TE,68,2023
Tyler Conklin,TE,68,2023
Drew Sample,TE,67,2023
Josh Oliver,TE,67,2023
Kylen Granson,TE,67,2023
Tanner Hudson,TE,67,2023
Andrew Ogletree,TE,66,2023
Noah Fant,TE,66,2023
Durham Smythe,TE,65,2023
Foster Moreau,TE,65,2023
Hayden Hurst,TE,65,2023
Johnny Mundt,TE,65,2023
Luke Schoonmaker,TE,65,2023
Pharaoh Brown,TE,65,2023
Will Dissly,TE,65,2023
Zach Ertz,TE,65,2023
Brock Wright,TE,64,2023
Davis Allen,TE,64,2023
Elijah Higgins,TE,64,2023
Irv Smith,TE,64,2023
Josh Whyle,TE,64,2023
Lucas Krull,TE,64,2023
MyCole Pruitt,TE,64,2023
Stone Smartt,TE,64,2023
Austin Hooper,TE,63,2023
Ben Sims,TE,63,2023
Blake Bell,TE,63,2023
Brenton Strange,TE,63,2023
C.J. Uzomah,TE,63,2023
Charlie Kolar,TE,63,2023
Daniel Bellinger,TE,63,2023
Lawrence Cager,TE,63,2023
Marcedes Lewis,TE,63,2023
Quintin Morris,TE,63,2023
Will Mallory,TE,63,2023
Cole Turner,TE,62,2023
Connor Heyward,TE,62,2023
Jeremy Ruckert,TE,62,2023
John Bates,TE,62,2023
Jordan Akins,TE,62,2023
Ko Kieft,TE,62,2023
Luke Farrell,TE,62,2023
Robert Tonyan,TE,62,2023
Stephen Sullivan,TE,62,2023
Brycen Hopkins,TE,61,2023
Darnell Washington,TE,61,2023
Geoff Swaim,TE,61,2023
Grant Calcaterra,TE,61,2023
Ian Thomas,TE,61,2023
Jack Stoll,TE,61,2023
Josiah Deguara,TE,61,2023
Julian Hill,TE,61,2023
Mitchell Wilcox,TE,61,2023
Payne Durham,TE,61,2023
Peyton Hendershot,TE,61,2023
Albert Okwuegbunam,TE,60,2023
Anthony Firkser,TE,60,2023
Brayden Willis,TE,60,2023
Charlie Woerner,TE,60,2023
Chris Manhertz,TE,60,2023
Cole Fotheringham,TE,60,2023
Darrell Daniels,TE,60,2023
David Wells,TE,60,2023
Eric Saubert,TE,60,2023
Giovanni Ricci,TE,60,2023
Greg Dulcich,TE,60,2023
Henry Pearson,TE,60,2023
Hunter Long,TE,60,2023
James Mitchell,TE,60,2023
Jesper Horsted,TE,60,2023
John FitzPatrick,TE,60,2023
Kenny Yeboah,TE,60,2023
Kevin Rader,TE,60,2023
Nate Adkins,TE,60,2023
Nick Muse,TE,60,2023
Nick Vannett,TE,60,2023
Parker Hesse,TE,60,2023
Rod Williams,TE,60,2023
Ross Dwelley,TE,60,2023
Sean McKeon,TE,60,2023
Stephen Anderson,TE,60,2023
Teagan Quitoriano,TE,60,2023
Tre' McKitty,TE,60,2023
Trevon Wesco,TE,60,2023
Tucker Fisk,TE,60,2023
Tyler Kroft,TE,60,2023
Tyreek Hill,WR,99,2023
CeeDee Lamb,WR,96,2023
Mike Evans,WR,95,2023
Amon-Ra St. Brown,WR,94,2023
Nico Collins,WR,88,2023
Brandon Aiyuk,WR,86,2023
Puka Nacua,WR,86,2023
DJ Moore,WR,85,2023
A.J. Brown,WR,84,2023
Jordan Addison,WR,84,2023
Rashee Rice,WR,84,2023
Stefon Diggs,WR,84,2023
Courtland Sutton,WR,83,2023
DK Metcalf,WR,83,2023
Davante Adams,WR,83,2023
Calvin Ridley,WR,82,2023
DeVonta Smith,WR,82,2023
Ja'Marr Chase,WR,82,2023
Keenan Allen,WR,82,2023
Romeo Doubs,WR,82,2023
DeAndre Hopkins,WR,81,2023
Amari Cooper,WR,80,2023
Deebo Samuel Sr.,WR,80,2023
Jakobi Meyers,WR,80,2023
Jayden Reed,WR,80,2023
Brandin Cooks,WR,79,2023
George Pickens,WR,79,2023
Zay Flowers,WR,79,2023
Chris Olave,WR,78,2023
Gabe Davis,WR,78,2023
Justin Jefferson,WR,78,2023
Michael Pittman,WR,77,2023
Tank Dell,WR,77,2023
Adam Thielen,WR,76,2023
Diontae Johnson,WR,76,2023
Jaylen Waddle,WR,76,2023
Josh Reynolds,WR,76,2023
Terry McLaurin,WR,76,2023
Tyler Lockett,WR,76,2023
Chris Godwin Jr.,WR,75,2023
Cooper Kupp,WR,75,2023
Garrett Wilson,WR,74,2023
Rashid Shaheed,WR,74,2023
Tee Higgins,WR,74,2023
DJ Chark,WR,73,2023
Darius Slayton,WR,73,2023
Dontayvion Wicks,WR,73,2023
Khalil Shakir,WR,73,2023
Christian Kirk,WR,72,2023
Christian Watson,WR,72,2023
Curtis Samuel,WR,72,2023
Drake London,WR,72,2023
Jaxon Smith-Njigba,WR,72,2023
Marquise Brown,WR,72,2023
Nelson Agholor,WR,72,2023
Jahan Dotson,WR,71,2023
Trey Palmer,WR,71,2023
Tutu Atwell,WR,71,2023
Demarcus Robinson,WR,70,2023
Jerry Jeudy,WR,70,2023
Josh Downs,WR,70,2023
Justin Watson,WR,70,2023
K.J. Osborn,WR,70,2023
Kendrick Bourne,WR,70,2023
Michael Wilson,WR,70,2023
Odell Beckham Jr.,WR,70,2023
Brandon Johnson,WR,69,2023
Elijah Moore,WR,69,2023
Jameson Williams,WR,69,2023
Josh Palmer,WR,69,2023
Tyler Boyd,WR,69,2023
A.T. Perry,WR,68,2023
Alec Pierce,WR,68,2023
Cedrick Wilson Jr.,WR,68,2023
Michael Gallup,WR,68,2023
Nick Westbrook-Ikhine,WR,68,2023
Noah Brown,WR,68,2023
Andrei Iosivas,WR,67,2023
David Bell,WR,67,2023
Isaiah Hodgins,WR,67,2023
Jauan Jennings,WR,67,2023
Marquez Valdes-Scantling,WR,67,2023
Quentin Johnston,WR,67,2023
Greg Dortch,WR,66,2023
Jalen Tolbert,WR,66,2023
Julio Jones,WR,66,2023
KaVontae Turpin,WR,66,2023
Kalif Raymond,WR,66,2023
Lil'Jordan Humphrey,WR,66,2023
Michael Thomas,WR,66,2023
Robert Woods,WR,66,2023
Tre Tucker,WR,66,2023
Wan'Dale Robinson,WR,66,2023
Zay Jones,WR,66,2023
Brandon Powell,WR,65,2023
Calvin Austin III,WR,65,2023
Darnell Mooney,WR,65,2023
David Moore,WR,65,2023
DeMario Douglas,WR,65,2023
Jake Bobo,WR,65,2023
Marvin Mims Jr.,WR,65,2023
Olamide Zaccheaus,WR,65,2023
Rashod Bateman,WR,65,2023
Rondale Moore,WR,65,2023
Ronnie Bell,WR,65,2023
Scott Miller,WR,65,2023
Alex Erickson,WR,64,2023
Allen Lazard,WR,64,2023
Braxton Berrios,WR,64,2023
Chris Moore,WR,64,2023
DeVante Parker,WR,64,2023
Jamal Agnew,WR,64,2023
Jonathan Mingo,WR,64,2023
JuJu Smith-Schuster,WR,64,2023
Mike Williams,WR,64,2023
Parker Washington,WR,64,2023
Skyy Moore,WR,64,2023
Trenton Irwin,WR,64,2023
Allen Robinson,WR,63,2023
Deonte Harty,WR,63,2023
Dyami Brown,WR,63,2023
Jalin Hyatt,WR,63,2023
Jamison Crowder,WR,63,2023
Kadarius Toney,WR,63,2023
Malik Heath,WR,63,2023
Mecole Hardman,WR,63,2023
Quez Watkins,WR,63,2023
River Cracraft,WR,63,2023
Robbie Chosen,WR,63,2023
Ben Skowronek,WR,62,2023
Cedric Tillman,WR,62,2023
Chase Claypool,WR,62,2023
D.J. Montgomery,WR,62,2023
Deven Thompkins,WR,62,2023
Hunter Renfrow,WR,62,2023
Jalen Guyton,WR,62,2023
Jason Brownlee,WR,62,2023
John Metchie III,WR,62,2023
Keith Kirkwood,WR,62,2023
KhaDarel Hodge,WR,62,2023
Kyle Philips,WR,62,2023
Mack Hollins,WR,62,2023
Randall Cobb,WR,62,2023
Simi Fehoko,WR,62,2023
Sterling Shepard,WR,62,2023
Trent Sherfield,WR,62,2023
Treylon Burks,WR,62,2023
Tyler Johnson,WR,62,2023
Tyler Scott,WR,62,2023
Van Jefferson,WR,62,2023
Xavier Gipson,WR,62,2023
Byron Pringle,WR,61,2023
Charlie Jones,WR,61,2023
Chris Conley,WR,61,2023
Derius Davis,WR,61,2023
Donovan Peoples-Jones,WR,61,2023
Equanimeous St. Brown,WR,61,2023
Isaiah McKenzie,WR,61,2023
Jalen Brooks,WR,61,2023
Jalen Reagor,WR,61,2023
Laviska Shenault Jr.,WR,61,2023
Lynn Bowden,WR,61,2023
Marquise Goodwin,WR,61,2023
Parris Campbell,WR,61,2023
Rakim Jarrett,WR,61,2023
Ray-Ray McCloud,WR,61,2023
Richie James,WR,61,2023
Samori Toure,WR,61,2023
Terrace Marshall Jr.,WR,61,2023
Tim Jones,WR,61,2023
Tyquan Thornton,WR,61,2023
Xavier Hutchinson,WR,61,2023
Amari Rodgers,WR,60,2023
Andre Baccellia,WR,60,2023
Andy Isabella,WR,60,2023
Antoine Green,WR,60,2023
Austin Trammell,WR,60,2023
Britain Covey,WR,60,2023
Cody Thompson,WR,60,2023
Collin Johnson,WR,60,2023
Colton Dowell,WR,60,2023
DJ Turner,WR,60,2023
Damiere Byrd,WR,60,2023
Dan Chisena,WR,60,2023
Dareke Young,WR,60,2023
DeAndre Carter,WR,60,2023
Dee Eskridge,WR,60,2023
Devin Duvernay,WR,60,2023
Devon Allen,WR,60,2023
Elijah Cooks,WR,60,2023
Erik Ezukanma,WR,60,2023
Gunner Olszewski,WR,60,2023
Ihmir Smith-Marsette,WR,60,2023
Irvin Charles,WR,60,2023
Jaelon Darden,WR,60,2023
Jalen Nailor,WR,60,2023
James Proche,WR,60,2023
Justyn Ross,WR,60,2023
Juwann Winfree,WR,60,2023
Kayshon Boutte,WR,60,2023
Kearis Jackson,WR,60,2023
Keelan Doss,WR,60,2023
Kwamie Lassiter II,WR,60,2023
Laquon Treadwell,WR,60,2023
Malik Cunningham,WR,60,2023
Malik Taylor,WR,60,2023
Marvin Jones,WR,60,2023
Mason Kinsey,WR,60,2023
Matthew Slater,WR,60,2023
Michael Bandy,WR,60,2023
Mike Strachan,WR,60,2023
Miles Boykin,WR,60,2023
Montrell Washington,WR,60,2023
Phillip Dorsett,WR,60,2023
Shedrick Jackson,WR,60,2023
Stanley Morgan,WR,60,2023
Steven Sims,WR,60,2023
Trent Taylor,WR,60,2023
Trishton Jackson,WR,60,2023
Ty Montgomery,WR,60,2023
Tylan Wallace,WR,60,2023
Willie Snead,WR,60,2023
Zach Pascal,WR,60,2023
Aaron Brewer,C,60,2024
Andre James,C,60,2024
Austin Corbett,C,60,2024
Ben Bredeson,C,60,2024
Ben Brown,C,60,2024
Bradley Bozeman,C,60,2024
Brock Hoffman,C,60,2024
Cade Mays,C,60,2024
Cam Jurgens,C,60,2024
Cesar Ruiz,C,60,2024
Coleman Shelton,C,60,2024
Connor McGovern,C,60,2024
Connor Williams,C,60,2024
Cooper Beebe,C,60,2024
Creed Humphrey,C,60,2024
Danny Pinter,C,60,2024
Doug Kramer,C,60,2024
Drew Dalman,C,60,2024
Dylan McMahon,C,60,2024
Elgton Jenkins,C,60,2024
Erik McCoy,C,60,2024
Ethan Pocic,C,60,2024
Frank Ragnow,C,60,2024
Garrett Bradbury,C,60,2024
Graham Glasgow,C,60,2024
Hjalte Froholdt,C,60,2024
Jackson Powers-Johnson,C,60,2024
Jake Brendel,C,60,2024
Jarrett Patterson,C,60,2024
John Michael Schmitz,C,60,2024
Josh Myers,C,60,2024
Juice Scruggs,C,60,2024
Lloyd Cushenberry III,C,60,2024
Luke Wattenberg,C,60,2024
Matt Lee,C,60,2024
Mitch Morse,C,60,2024
Nick Harris,C,60,2024
Olu Oluwatimi,C,60,2024
Ryan Kelly,C,60,2024
Ryan McCollum,C,60,2024
Ryan Neuzil,C,60,2024
Sam Mustipher,C,60,2024
Tanor Bortolini,C,60,2024
Ted Karras,C,60,2024
Trystan Colon,C,60,2024
Tyler Biadasz,C,60,2024
Tyler Linderbaum,C,60,2024
Zach Frazier,C,60,2024
A.J. Terrell,CB,60,2024
Adoree' Jackson,CB,60,2024
Ahkello Witherspoon,CB,60,2024
Akayleb Evans,CB,60,2024
Alex Austin,CB,60,2024
Alontae Taylor,CB,60,2024
Amani Oruwariye,CB,60,2024
Amik Robertson,CB,60,2024
Andrew Booth,CB,60,2024
Andru Phillips,CB,60,2024
Antonio Hamilton,CB,60,2024
Art Green,CB,60,2024
Arthur Maulet,CB,60,2024
Artie Burns,CB,60,2024
Asante Samuel Jr.,CB,60,2024
Avonte Maddox,CB,60,2024
Beanie Bishop Jr.,CB,60,2024
Benjamin St-Juste,CB,60,2024
Bo Melton,CB,60,2024
Bobby McCain,CB,60,2024
Brandin Echols,CB,60,2024
Brandon Codrington,CB,60,2024
Brandon Stephens,CB,60,2024
Byron Murphy,CB,60,2024
C.J. Goodwin,CB,60,2024
Caelen Carson,CB,60,2024
Caleb Farley,CB,60,2024
Cam Hart,CB,60,2024
Cam Lewis,CB,60,2024
Cam Smith,CB,60,2024
Cam Taylor-Britt,CB,60,2024
Cameron Mitchell,CB,60,2024
Cameron Sutton,CB,60,2024
Carlton Davis III,CB,60,2024
Carrington Valentine,CB,60,2024
Charles Woods,CB,60,2024
Charvarius Ward,CB,60,2024
Chau Smith-Wade,CB,60,2024
Chidobe Awuzie,CB,60,2024
Christian Benford,CB,60,2024
Christian Braswell,CB,60,2024
Christian Gonzalez,CB,60,2024
Christian Roland-Wallace,CB,60,2024
Clark Phillips III,CB,60,2024
Cobie Durant,CB,60,2024
Cooper DeJean,CB,60,2024
Cordale Flott,CB,60,2024
Cory Trice Jr.,CB,60,2024
D'Angelo Ross,CB,60,2024
D.J. Ivey,CB,60,2024
D.J. Reed,CB,60,2024
DJ Turner II,CB,60,2024
DaRon Bland,CB,60,2024
Dallis Flowers,CB,60,2024
Dane Jackson,CB,60,2024
Darious Williams,CB,60,2024
Darius Slay,CB,60,2024
Darnay Holmes,CB,60,2024
Darrell Baker Jr.,CB,60,2024
Darrell Luter Jr.,CB,60,2024
Darren Hall,CB,60,2024
Daxton Hill,CB,60,2024
Deane Leonard,CB,60,2024
Deantre Prince,CB,60,2024
Decamerion Richardson,CB,60,2024
Dee Alford,CB,60,2024
Dee Williams,CB,60,2024
Denzel Ward,CB,60,2024
Deommodore Lenoir,CB,60,2024
Deonte Banks,CB,60,2024
Derek Stingley Jr.,CB,60,2024
Devon Witherspoon,CB,60,2024
Dicaprio Bootle,CB,60,2024
Divaad Wilson,CB,60,2024
Donte Jackson,CB,60,2024
Duke Shelley,CB,60,2024
Dwight McGlothern,CB,60,2024
Eli Apple,CB,60,2024
Eli Ricks,CB,60,2024
Elijah Molden,CB,60,2024
Emmanuel Forbes,CB,60,2024
Ennis Rakestraw Jr.,CB,60,2024
Eric Stokes,CB,60,2024
Ethan Bonner,CB,60,2024
Fabian Moreau,CB,60,2024
Faion Hicks,CB,60,2024
Garrett Williams,CB,60,2024
Greg Newsome II,CB,60,2024
Greg Stroman,CB,60,2024
Isaac Yiadom,CB,60,2024
Isaiah Bolden,CB,60,2024
Isaiah Rodgers,CB,60,2024
Israel Mukuamu,CB,60,2024
Ja'Marcus Ingram,CB,60,2024
Ja'Quan McMillian,CB,60,2024
Ja'Sir Taylor,CB,60,2024
Jack Jones,CB,60,2024
Jaire Alexander,CB,60,2024
Jakorian Bennett,CB,60,2024
Jalen Davis,CB,60,2024
Jalen Mills,CB,60,2024
Jalen Ramsey,CB,60,2024
Jalyn Armour-Davis,CB,60,2024
Jamel Dean,CB,60,2024
James Pierre,CB,60,2024
Jarrian Jones,CB,60,2024
Jarrick Bernard-Converse,CB,60,2024
Jarvis Brownlee Jr.,CB,60,2024
Jaycee Horn,CB,60,2024
Jaylen Watson,CB,60,2024
Jaylon Johnson,CB,60,2024
Jaylon Jones,CB,60,2024
Jeff Okudah,CB,60,2024
Joey Porter Jr.,CB,60,2024
Jonathan Jones,CB,60,2024
Josh Blackwell,CB,60,2024
Josh Butler,CB,60,2024
Josh Hayes,CB,60,2024
Josh Jobe,CB,60,2024
Josh Newton,CB,60,2024
Josh Wallace,CB,60,2024
Joshua Williams,CB,60,2024
Jourdan Lewis,CB,60,2024
Julius Brents,CB,60,2024
Ka'dar Hollman,CB,60,2024
Kader Kohou,CB,60,2024
Kaiir Elam,CB,60,2024
Kamal Hadden,CB,60,2024
Kamari Lassiter,CB,60,2024
Kei'Trel Clark,CB,60,2024
Keisean Nixon,CB,60,2024
Keith Taylor,CB,60,2024
Kelee Ringo,CB,60,2024
Kelvin Joseph,CB,60,2024
Kendall Fuller,CB,60,2024
Kenny Moore II,CB,60,2024
Kevin King,CB,60,2024
Kevon Seymour,CB,60,2024
Khalil Dorsey,CB,60,2024
Kindle Vildor,CB,60,2024
Kool-Aid McKinstry,CB,60,2024
Kris Abrams-Draine,CB,60,2024
Kris Boyd,CB,60,2024
Kristian Fulton,CB,60,2024
Kyler Gordon,CB,60,2024
Kyu Blu Kelly,CB,60,2024
L'Jarius Sneed,CB,60,2024
Marcellas Dial Jr.,CB,60,2024
Marco Wilson,CB,60,2024
Marcus Jones,CB,60,2024
Marlon Humphrey,CB,60,2024
Marshon Lattimore,CB,60,2024
Martin Emerson,CB,60,2024
Max Melton,CB,60,2024
Michael Carter II,CB,60,2024
Michael Davis,CB,60,2024
Mike Ford,CB,60,2024
Mike Hilton,CB,60,2024
Mike Hughes,CB,60,2024
Mike Jackson,CB,60,2024
Mike Sainristil,CB,60,2024
Miles Battle,CB,60,2024
Montaric Brown,CB,60,2024
Myles Bryant,CB,60,2024
Myles Harden,CB,60,2024
Nate Hobbs,CB,60,2024
Nate Wiggins,CB,60,2024
Natrone Brooks,CB,60,2024
Nazeeh Johnson,CB,60,2024
Nehemiah Pritchett,CB,60,2024
Nick McCloud,CB,60,2024
Noah Igbinoghene,CB,60,2024
Pat Surtain II,CB,60,2024
Paulson Adebo,CB,60,2024
Quinyon Mitchell,CB,60,2024
Qwan'tez Stiggers,CB,60,2024
Rasul Douglas,CB,60,2024
Renardo Green,CB,60,2024
Rico Payton,CB,60,2024
Riley Moss,CB,60,2024
Riq Woolen,CB,60,2024
Robert Rochell,CB,60,2024
Rock Ya-Sin,CB,60,2024
Roger McCreary,CB,60,2024
Ronald Darby,CB,60,2024
Sam Webb,CB,60,2024
Samuel Womack,CB,60,2024
Sauce Gardner,CB,60,2024
Sean Murphy-Bunting,CB,60,2024
Shaquill Griffin,CB,60,2024
Shemar Bartholomew,CB,60,2024
Shemar Jean-Charles,CB,60,2024
Siran Neal,CB,60,2024
Starling Thomas V,CB,60,2024
Stephon Gilmore,CB,60,2024
Storm Duck,CB,60,2024
T.J. Tampa,CB,60,2024
Tarheeb Still,CB,60,2024
Taron Johnson,CB,60,2024
Terell Smith,CB,60,2024
Terrion Arnold,CB,60,2024
Tre Avery,CB,60,2024
Tre Brown,CB,60,2024
Tre Flowers,CB,60,2024
Tre Hawkins III,CB,60,2024
Tre'Davious White,CB,60,2024
Tremon Smith,CB,60,2024
Trent McDuffie,CB,60,2024
Trevon Diggs,CB,60,2024
Troy Hill,CB,60,2024
Troy Pride,CB,60,2024
Tyrek Funderburk,CB,60,2024
Tyrique Stevenson,CB,60,2024
Tyson Campbell,CB,60,2024
Ugo Amadi,CB,60,2024
Zyon McCollum,CB,60,2024
Andre Chachere,DB,60,2024
Bobby Price,DB,60,2024
Cam Lampkin,DB,60,2024
Chamarri Conner,DB,60,2024
Chris Lammons,DB,60,2024
Chuck Clark,DB,60,2024
Corey Ballentine,DB,60,2024
Damarri Mathis,DB,60,2024
Darrick Forrest,DB,60,2024
David Long,DB,60,2024
Desmond King,DB,60,2024
Elijah Campbell,DB,60,2024
Emmanuel Moseley,DB,60,2024
George Odum,DB,60,2024
Isaiah Simmons,DB,60,2024
J.T. Gray,DB,60,2024
Jalen Elliott,DB,60,2024
Jarius Monroe,DB,60,2024
Jaylon Jones,DB,60,2024
John Johnson,DB,60,2024
Johnathan Abram,DB,60,2024
Jonathan Owens,DB,60,2024
Julius Wood,DB,60,2024
Justin Hardee,DB,60,2024
Keidron Smith,DB,60,2024
Kemon Hall,DB,60,2024
Kendall Sheffield,DB,60,2024
Kendell Brooks,DB,60,2024
Levi Wallace,DB,60,2024
Marquise Blair,DB,60,2024
Micah Abernathy,DB,60,2024
Millard Bradford,DB,60,2024
Morice Norris Jr.,DB,60,2024
Nik Needham,DB,60,2024
Reddy Steward,DB,60,2024
Roderic Teamer,DB,60,2024
Ronnie Harrison,DB,60,2024
Ryan Neal,DB,60,2024
Tanner McCalister,DB,60,2024
Tarvarius Moore,DB,60,2024
Tony Brown,DB,60,2024
Trevor Denbow,DB,60,2024
A'Shawn Robinson,DE,60,2024
A.J. Epenesa,DE,60,2024
Adam Gotsis,DE,60,2024
Aidan Hutchinson,DE,60,2024
Al-Quadin Muhammad,DE,60,2024
Alex Barrett,DE,60,2024
Alex Wright,DE,60,2024
Andre Jones Jr.,DE,60,2024
Angelo Blackson,DE,60,2024
Arron Mosby,DE,60,2024
Austin Booker,DE,60,2024
B.J. Hill,DE,60,2024
Ben Stille,DE,60,2024
Braden Fiske,DE,60,2024
Braiden McGregor,DE,60,2024
Brandon Dorlus,DE,60,2024
Brandon Graham,DE,60,2024
Brent Urban,DE,60,2024
Brenton Cox Jr.,DE,60,2024
Bryce Huff,DE,60,2024
Calais Campbell,DE,60,2024
Cameron Jordan,DE,60,2024
Cameron Thomas,DE,60,2024
Carl Granderson,DE,60,2024
Carl Lawson,DE,60,2024
Carlos Watkins,DE,60,2024
Casey Rogers,DE,60,2024
Casey Toohill,DE,60,2024
Cedric Johnson,DE,60,2024
Charles Omenihu,DE,60,2024
Charles Snowden,DE,60,2024
Chase Young,DE,60,2024
Chauncey Golston,DE,60,2024
Chris Jones,DE,60,2024
Chris Wormley,DE,60,2024
Clelin Ferrell,DE,60,2024
Colby Wooden,DE,60,2024
DJ Coleman,DE,60,2024
DJ Reader,DE,60,2024
Da'Shawn Hand,DE,60,2024
Dalvin Tomlinson,DE,60,2024
Daniel Hardy,DE,60,2024
Danielle Hunter,DE,60,2024
Dante Fowler Jr.,DE,60,2024
Darrell Taylor,DE,60,2024
Dawuane Smoot,DE,60,2024
Dayo Odeyingbo,DE,60,2024
DeMarcus Lawrence,DE,60,2024
DeMarcus Walker,DE,60,2024
DeMarvin Leal,DE,60,2024
DeShawn Williams,DE,60,2024
Deatrich Wise,DE,60,2024
Demone Harris,DE,60,2024
Derek Barnett,DE,60,2024
Derrick Brown,DE,60,2024
Desjuan Johnson,DE,60,2024
Dominique Robinson,DE,60,2024
Dorance Armstrong,DE,60,2024
Dylan Horton,DE,60,2024
Efe Obada,DE,60,2024
Elijah Garcia,DE,60,2024
Emmanuel Ogbah,DE,60,2024
Eric Watts,DE,60,2024
Esezi Otomewo,DE,60,2024
Felix Anudike-Uzomah,DE,60,2024
George Karlaftis,DE,60,2024
Greg Rousseau,DE,60,2024
Isaac Ukwu,DE,60,2024
Isaiah Foskey,DE,60,2024
Isaiah Land,DE,60,2024
Isaiah McGuire,DE,60,2024
Isaiah Thomas,DE,60,2024
Jacob Martin,DE,60,2024
James Houston,DE,60,2024
James Smith-Williams,DE,60,2024
Janarius Robinson,DE,60,2024
Javon Solomon,DE,60,2024
Javontae Jean-Baptiste,DE,60,2024
Jeremiah Pharms Jr.,DE,60,2024
Jerry Hughes,DE,60,2024
Joe Gaziano,DE,60,2024
Joe Tryon-Shoyinka,DE,60,2024
Joey Bosa,DE,60,2024
John Franklin-Myers,DE,60,2024
Jonah Williams,DE,60,2024
Jonathan Allen,DE,60,2024
Jonathan Bullard,DE,60,2024
Joseph Ossai,DE,60,2024
Josh Hines-Allen,DE,60,2024
Joshua Paschal,DE,60,2024
Jowon Briggs,DE,60,2024
Julian Okwara,DE,60,2024
KJ Henry,DE,60,2024
Keion White,DE,60,2024
Kendal Vickers,DE,60,2024
Kentavius Street,DE,60,2024
Keondre Coburn,DE,60,2024
Khalid Duke,DE,60,2024
Kingsley Enagbare,DE,60,2024
Kingsley Jonathan,DE,60,2024
Kobie Turner,DE,60,2024
Kwity Paye,DE,60,2024
Kyle Peko,DE,60,2024
L.J. Collier,DE,60,2024
Laiatu Latu,DE,60,2024
Leonard Floyd,DE,60,2024
Leonard Williams,DE,60,2024
Logan Hall,DE,60,2024
Lukas Van Ness,DE,60,2024
Malik Herring,DE,60,2024
Marcus Davenport,DE,60,2024
Marshawn Kneeland,DE,60,2024
Maxx Crosby,DE,60,2024
Michael Danna,DE,60,2024
Michael Hoecht,DE,60,2024
Micheal Clemons,DE,60,2024
Mike Morris,DE,60,2024
Milton Williams,DE,60,2024
Montez Sweat,DE,60,2024
Morgan Fox,DE,60,2024
Myles Cole,DE,60,2024
Myles Garrett,DE,60,2024
Myles Murphy,DE,60,2024
Neil Farrell,DE,60,2024
Nick Bosa,DE,60,2024
Nick Thurman,DE,60,2024
Ogbo Okoronkwo,DE,60,2024
Pat O'Connor,DE,60,2024
Payton Turner,DE,60,2024
Preston Smith,DE,60,2024
Quinton Jefferson,DE,60,2024
Rashan Gary,DE,60,2024
Robert Beal Jr.,DE,60,2024
Roy Robertson-Harris,DE,60,2024
Sam Hubbard,DE,60,2024
Sam Kamara,DE,60,2024
Sam Roberts,DE,60,2024
Sebastian Joseph-Day,DE,60,2024
Solomon Byrd,DE,60,2024
Solomon Thomas,DE,60,2024
Takk McKinley,DE,60,2024
Tanoh Kpassagnon,DE,60,2024
Tershawn Wharton,DE,60,2024
Titus Leo,DE,60,2024
Travon Walker,DE,60,2024
Trey Hendrickson,DE,60,2024
Truman Jones,DE,60,2024
Tyler Davis,DE,60,2024
Tyler Lacy,DE,60,2024
Tyquan Lewis,DE,60,2024
Tyree Wilson,DE,60,2024
Tyrus Wheat,DE,60,2024
Will Anderson Jr.,DE,60,2024
Will McDonald IV,DE,60,2024
Yannick Ngakoue,DE,60,2024
Yetur Gross-Matos,DE,60,2024
Za'Darius Smith,DE,60,2024
Zach Allen,DE,60,2024
Zach Harrison,DE,60,2024
Chris Williams,DL,60,2024
Darius Robinson,DL,60,2024
Evan Anderson,DL,60,2024
Jalen Redmond,DL,60,2024
Levi Drake Rodriguez,DL,60,2024
Taki Taimani,DL,60,2024
Adam Butler,DT,60,2024
Adetomiwa Adebawore,DT,60,2024
Alim McNeill,DT,60,2024
Andrew Billings,DT,60,2024
Arik Armstead,DT,60,2024
Armon Watts,DT,60,2024
Benito Jones,DT,60,2024
Bilal Nichols,DT,60,2024
Bobby Brown III,DT,60,2024
Brandon Pili,DT,60,2024
Broderick Washington,DT,60,2024
Brodric Martin,DT,60,2024
Bruce Hector,DT,60,2024
Bryan Bresee,DT,60,2024
Byron Cowart,DT,60,2024
Byron Murphy II,DT,60,2024
C.J. Brewer,DT,60,2024
Calijah Kancey,DT,60,2024
Cameron Heyward,DT,60,2024
Carl Davis,DT,60,2024
Chris Smith,DT,60,2024
Christian Barmore,DT,60,2024
Christian Wilkins,DT,60,2024
Cory Durden,DT,60,2024
D.J. Jones,DT,60,2024
DJ Davidson,DT,60,2024
DaQuan Jones,DT,60,2024
DaVon Hamilton,DT,60,2024
Daniel Ekuale,DT,60,2024
Dante Stills,DT,60,2024
David Onyemata,DT,60,2024
Davon Godchaux,DT,60,2024
DeForest Buckner,DT,60,2024
DeWayne Carter,DT,60,2024
Dean Lowry,DT,60,2024
Denico Autry,DT,60,2024
Devonte Wyatt,DT,60,2024
Dexter Lawrence,DT,60,2024
Ed Oliver,DT,60,2024
Eli Ankou,DT,60,2024
Elijah Chatman,DT,60,2024
Eric Johnson,DT,60,2024
Eyioma Uwazurike,DT,60,2024
Foley Fatukasi,DT,60,2024
Gervon Dexter Sr.,DT,60,2024
Grady Jarrett,DT,60,2024
Greg Gaines,DT,60,2024
Grover Stewart,DT,60,2024
Harrison Phillips,DT,60,2024
Isaiahh Loudermilk,DT,60,2024
Jaden Crumedy,DT,60,2024
Jalen Carter,DT,60,2024
Jalyn Holmes,DT,60,2024
James Lynch,DT,60,2024
Jaquelin Roy,DT,60,2024
Jarran Reed,DT,60,2024
Javon Kinlaw,DT,60,2024
Jay Tufele,DT,60,2024
Jayden Peevy,DT,60,2024
Jeffery Simmons,DT,60,2024
Jer'Zhan Newton,DT,60,2024
Jeremiah Ledbetter,DT,60,2024
Jerry Tillery,DT,60,2024
John Jenkins,DT,60,2024
John Ridgeway,DT,60,2024
Johnathan Hankins,DT,60,2024
Jonah Laulu,DT,60,2024
Jonathan Ford,DT,60,2024
Jonathan Harris,DT,60,2024
Jordan Davis,DT,60,2024
Jordan Elliott,DT,60,2024
Jordan Jackson,DT,60,2024
Jordan Jefferson,DT,60,2024
Jordan Phillips,DT,60,2024
Jordon Riley,DT,60,2024
Josh Tupou,DT,60,2024
Justin Eboigbe,DT,60,2024
Justin Jones,DT,60,2024
Kalia Davis,DT,60,2024
Karl Brooks,DT,60,2024
Keeanu Benton,DT,60,2024
Kevin Givens,DT,60,2024
Khalen Saunders,DT,60,2024
Khalil Davis,DT,60,2024
Khristian Boyd,DT,60,2024
Khyiris Tonga,DT,60,2024
Kris Jenkins,DT,60,2024
Kurt Hinish,DT,60,2024
LaBryan Ray,DT,60,2024
Larry Ogunjobi,DT,60,2024
Lawrence Guy,DT,60,2024
Leki Fotu,DT,60,2024
Leonard Taylor III,DT,60,2024
Levi Onwuzurike,DT,60,2024
Linval Joseph,DT,60,2024
Maason Smith,DT,60,2024
Malcolm Roach,DT,60,2024
Maliek Collins,DT,60,2024
Mario Edwards,DT,60,2024
Marlon Tuipulotu,DT,60,2024
Matthew Butler,DT,60,2024
Maurice Hurst,DT,60,2024
Mazi Smith,DT,60,2024
McKinnley Jackson,DT,60,2024
Mekhi Wingo,DT,60,2024
Michael Pierce,DT,60,2024
Mike Greene,DT,60,2024
Mike Hall Jr.,DT,60,2024
Mike Pennel,DT,60,2024
Montravius Adams,DT,60,2024
Moro Ojomo,DT,60,2024
Myles Adams,DT,60,2024
Naquan Jones,DT,60,2024
Nathan Shepherd,DT,60,2024
Nesta Jade Silvera,DT,60,2024
Neville Gallimore,DT,60,2024
Nnamdi Madubuike,DT,60,2024
Osa Odighizuwa,DT,60,2024
Otito Ogbonnia,DT,60,2024
Phidarian Mathis,DT,60,2024
Poona Ford,DT,60,2024
Quinnen Williams,DT,60,2024
Raekwon Davis,DT,60,2024
Rakeem Nunez-Roches,DT,60,2024
Roy Lopez,DT,60,2024
Ruke Orhorhoro,DT,60,2024
Sam Okuayinonu,DT,60,2024
Scott Matlock,DT,60,2024
Shelby Harris,DT,60,2024
Sheldon Day,DT,60,2024
Sheldon Rankins,DT,60,2024
Shy Tuttle,DT,60,2024
T'Vondre Sweat,DT,60,2024
T.J. Smith,DT,60,2024
T.Y. McGill,DT,60,2024
Ta'Quon Graham,DT,60,2024
Taven Bryan,DT,60,2024
Teair Tart,DT,60,2024
Tedarrell Slaton,DT,60,2024
Thomas Booker,DT,60,2024
Tim Settle,DT,60,2024
Tommy Togiai,DT,60,2024
Travis Jones,DT,60,2024
Vita Vea,DT,60,2024
William Gholston,DT,60,2024
Zacch Pickens,DT,60,2024
Zach Sieler,DT,60,2024
Zachary Carter,DT,60,2024
Zion Logue,DT,60,2024
Alec Ingold,FB,60,2024
Brady Russell,FB,60,2024
C.J. Ham,FB,60,2024
Khari Blasingame,FB,60,2024
Kyle Juszczyk,FB,60,2024
Michael Burton,FB,60,2024
Patrick Ricard,FB,60,2024
Reggie Gilliam,FB,60,2024
Adrian Colbert,FS,60,2024
Derwin James,FS,60,2024
Eddie Jackson,FS,60,2024
Harrison Smith,FS,60,2024
Jabrill Peppers,FS,60,2024
Jessie Bates,FS,60,2024
Jordan Poyer,FS,60,2024
Jordan Whitehead,FS,60,2024
Justin Simmons,FS,60,2024
Kevin Byard,FS,60,2024
Malik Hooker,FS,60,2024
Marcus Maye,FS,60,2024
Marcus Williams,FS,60,2024
Minkah Fitzpatrick,FS,60,2024
Richie Grant,FS,60,2024
Rodney McLeod Jr.,FS,60,2024
Tashaun Gipson,FS,60,2024
Tyrann Mathieu,FS,60,2024
Xavier Woods,FS,60,2024
Aaron Banks,G,60,2024
Aaron Stinnie,G,60,2024
Alex Cappa,G,60,2024
Alijah Vera-Tucker,G,60,2024
Andrew Vorhees,G,60,2024
Andrew Wylie,G,60,2024
Anthony Bradford,G,60,2024
Beaux Limmer,G,60,2024
Ben Cleveland,G,60,2024
Ben Powers,G,60,2024
Blake Brandel,G,60,2024
Brandon Scherff,G,60,2024
C.J. Hanson,G,60,2024
Chandler Zavala,G,60,2024
Chris Lindstrom,G,60,2024
Christian Haynes,G,60,2024
Christian Mahogany,G,60,2024
Cody Ford,G,60,2024
Cody Mauch,G,60,2024
Cody Whitehair,G,60,2024
Cole Strange,G,60,2024
Cole Van Lanen,G,60,2024
Connor McGovern,G,60,2024
Cordell Volson,G,60,2024
Corey Levin,G,60,2024
Dalton Tucker,G,60,2024
Damien Lewis,G,60,2024
Daniel Faalele,G,60,2024
David Edwards,G,60,2024
Dylan Parham,G,60,2024
Ed Ingram,G,60,2024
Evan Brown,G,60,2024
Ezra Cleveland,G,60,2024
Greg Van Roten,G,60,2024
Isaac Seumalo,G,60,2024
Isaiah Adams,G,60,2024
Isaiah Wynn,G,60,2024
Jackson Carman,G,60,2024
Jake Kubas,G,60,2024
Jamaree Salyer,G,60,2024
Jermaine Eluemunor,G,60,2024
Joe Thuney,G,60,2024
Joe Tippmann,G,60,2024
Joel Bitonio,G,60,2024
John Simpson,G,60,2024
Jon Runyan,G,60,2024
Jordan Meredith,G,60,2024
Joshua Ezeudu,G,60,2024
Kayode Awosika,G,60,2024
Kenyon Green,G,60,2024
Kevin Dotson,G,60,2024
Kevin Zeitler,G,60,2024
Kyle Hergel,G,60,2024
Kyle Hinton,G,60,2024
Laken Tomlinson,G,60,2024
Landon Dickerson,G,60,2024
Larry Borom,G,60,2024
Layden Robinson,G,60,2024
Lucas Patrick,G,60,2024
Mark Glowinski,G,60,2024
Mason McCormick,G,60,2024
Matthew Bergeron,G,60,2024
McClendon Curtis,G,60,2024
Mekhi Becton,G,60,2024
Michael Dunn,G,60,2024
Michael Niese,G,60,2024
Mike Caliendo,G,60,2024
Mike Jordan,G,60,2024
Mike Onwenu,G,60,2024
Nate Davis,G,60,2024
Nick Allegretti,G,60,2024
Nick Gates,G,60,2024
Nick Leverett,G,60,2024
O'Cyrus Torrence,G,60,2024
Quenton Nelson,G,60,2024
Quinn Meinerz,G,60,2024
Robert Jones,G,60,2024
Sam Cosmi,G,60,2024
Shaq Mason,G,60,2024
Sidy Sow,G,60,2024
Spencer Anderson,G,60,2024
Steve Avila,G,60,2024
TJ Bass,G,60,2024
Teven Jenkins,G,60,2024
Trey Smith,G,60,2024
Will Fries,G,60,2024
Will Hernandez,G,60,2024
Wyatt Teller,G,60,2024
Zach Tom,G,60,2024
Zak Zinter,G,60,2024
Zion Johnson,G,60,2024
Bobby Okereke,ILB,60,2024
C.J. Mosley,ILB,60,2024
David Long Jr.,ILB,60,2024
J.J. Russell,ILB,60,2024
Josey Jewell,ILB,60,2024
Kana'i Mauga,ILB,60,2024
Oren Burks,ILB,60,2024
Roquan Smith,ILB,60,2024
Tyler Matakevich,ILB,60,2024
Zach Cunningham,ILB,60,2024
Anders Carlson,K,60,2024
Austin Seibert,K,60,2024
Blake Grupe,K,60,2024
Brandon Aubrey,K,60,2024
Brandon McManus,K,60,2024
Brayden Narveson,K,60,2024
Cade York,K,60,2024
Cairo Santos,K,60,2024
Cam Little,K,60,2024
Cameron Dicker,K,60,2024
Chad Ryland,K,60,2024
Chase McLaughlin,K,60,2024
Chris Boswell,K,60,2024
Daniel Carlson,K,60,2024
Dustin Hopkins,K,60,2024
Eddy Pineiro,K,60,2024
Evan McPherson,K,60,2024
Graham Gano,K,60,2024
Greg Joseph,K,60,2024
Greg Zuerlein,K,60,2024
Harrison Butker,K,60,2024
Jake Bates,K,60,2024
Jake Elliott,K,60,2024
Jake Moody,K,60,2024
Jason Myers,K,60,2024
Jason Sanders,K,60,2024
Joey Slye,K,60,2024
John Parker Romo,K,60,2024
Joshua Karty,K,60,2024
Jude McAtamney,K,60,2024
Justin Tucker,K,60,2024
Ka'imi Fairbairn,K,60,2024
Matt Gay,K,60,2024
Matt Prater,K,60,2024
Matthew Wright,K,60,2024
Nick Folk,K,60,2024
Riley Patterson,K,60,2024
Spencer Shrader,K,60,2024
Tyler Bass,K,60,2024
Wil Lutz,K,60,2024
Will Reichard,K,60,2024
Younghoe Koo,K,60,2024
Zane Gonzalez,K,60,2024
Adetokunbo Ogundeji,LB,60,2024
Adisa Isaac,LB,60,2024
Akeem Davis-Gaither,LB,60,2024
Alex Highsmith,LB,60,2024
Alex Singleton,LB,60,2024
Ali Gaye,LB,60,2024
Amare Barno,LB,60,2024
Amari Burney,LB,60,2024
Amari Gainer,LB,60,2024
Amen Ogbongbemiga,LB,60,2024
Andre Carter II,LB,60,2024
Anfernee Jennings,LB,60,2024
Anfernee Orji,LB,60,2024
Anthony Nelson,LB,60,2024
Anthony Pittman,LB,60,2024
Antonio Grier Jr.,LB,60,2024
Arden Key,LB,60,2024
Arnold Ebiketie,LB,60,2024
Azeez Al-Shaair,LB,60,2024
Azeez Ojulari,LB,60,2024
Baron Browning,LB,60,2024
Baylon Spector,LB,60,2024
Ben Niemann,LB,60,2024
Blake Cashman,LB,60,2024
Blake Lynch,LB,60,2024
Bo Richter,LB,60,2024
Boye Mafe,LB,60,2024
Brennan Jackson,LB,60,2024
Brian Asamoah II,LB,60,2024
Brian Burns,LB,60,2024
Buddy Johnson,LB,60,2024
Byron Young,LB,60,2024
Caleb Johnson,LB,60,2024
Caleb Murphy,LB,60,2024
Cam Gill,LB,60,2024
Cam Jones,LB,60,2024
Cameron Goode,LB,60,2024
Cameron McGrone,LB,60,2024
Carlos Basham,LB,60,2024
Cedric Gray,LB,60,2024
Chad Muma,LB,60,2024
Chandler Wooten,LB,60,2024
Channing Tindall,LB,60,2024
Charles Harris,LB,60,2024
Chazz Surratt,LB,60,2024
Chop Robinson,LB,60,2024
Chris Board,LB,60,2024
Chris Braswell,LB,60,2024
Christian Elliss,LB,60,2024
Christian Harris,LB,60,2024
Christian Rozeboom,LB,60,2024
Claudin Cherelus,LB,60,2024
Cody Barton,LB,60,2024
Cole Christiansen,LB,60,2024
Curtis Jacobs,LB,60,2024
Curtis Robinson,LB,60,2024
D'Marco Jackson,LB,60,2024
D.J. Wonnum,LB,60,2024
DJ Johnson,LB,60,2024
Daiyan Henley,LB,60,2024
Dallas Gant,LB,60,2024
Dallas Turner,LB,60,2024
Damone Clark,LB,60,2024
Darius Harris,LB,60,2024
Darius Muasau,LB,60,2024
David Ojabo,LB,60,2024
DeAngelo Malone,LB,60,2024
DeMarvion Overshown,LB,60,2024
Dee Winters,LB,60,2024
Deion Jones,LB,60,2024
Del'Shawn Phillips,LB,60,2024
Demetrius Flannigan-Fowles,LB,60,2024
Dennis Gardeck,LB,60,2024
Derick Hall,LB,60,2024
Derrick Barnes,LB,60,2024
Devin Bush,LB,60,2024
Devin Lloyd,LB,60,2024
Devin White,LB,60,2024
Divine Deablo,LB,60,2024
Dondrea Tillman,LB,60,2024
Dorian Williams,LB,60,2024
Drake Thomas,LB,60,2024
Dre Greenlaw,LB,60,2024
Dre'Mont Jones,LB,60,2024
Drew Sanders,LB,60,2024
Drue Tranquill,LB,60,2024
Dyontae Johnson,LB,60,2024
E.J. Speed,LB,60,2024
Edefuan Ulofoshio,LB,60,2024
Edgerrin Cooper,LB,60,2024
Eku Leota,LB,60,2024
Elerson G. Smith,LB,60,2024
Eric Wilson,LB,60,2024
Ernest Jones,LB,60,2024
Ezekiel Turner,LB,60,2024
Foye Oluokun,LB,60,2024
Frankie Luvu,LB,60,2024
Gabriel Murphy,LB,60,2024
Germaine Pratt,LB,60,2024
Grant Stuard,LB,60,2024
Harold Landry III,LB,60,2024
Henry To'oTo'o,LB,60,2024
Isaiah McDuffie,LB,60,2024
Isaiah Stalbird,LB,60,2024
Ivan Pace Jr.,LB,60,2024
JD Bertrand,LB,60,2024
Ja'Whaun Bentley,LB,60,2024
Jack Campbell,LB,60,2024
Jack Cochrane,LB,60,2024
Jack Gibbens,LB,60,2024
Jack Sanborn,LB,60,2024
Jacob Hummel,LB,60,2024
Jacoby Windmon,LB,60,2024
Jaelan Phillips,LB,60,2024
Jahlani Tavai,LB,60,2024
Jake Hansen,LB,60,2024
Jalen Graham,LB,60,2024
Jalen Reeves-Maybin,LB,60,2024
Jalyx Hunt,LB,60,2024
Jamal Adams,LB,60,2024
Jamal Hill,LB,60,2024
James Williams,LB,60,2024
Jamien Sherwood,LB,60,2024
Jamin Davis,LB,60,2024
Jared Verse,LB,60,2024
Jaylan Ford,LB,60,2024
Jaylen Harrell,LB,60,2024
Jaylon Carlies,LB,60,2024
Jeremiah Moon,LB,60,2024
Jeremiah Owusu-Koramoah,LB,60,2024
Jeremiah Trotter Jr.,LB,60,2024
Jermaine Johnson II,LB,60,2024
Jesse Luketa,LB,60,2024
Jihad Ward,LB,60,2024
Joe Andreessen,LB,60,2024
Joe Bachie,LB,60,2024
Joe Giles-Harris,LB,60,2024
Jon Rhattigan,LB,60,2024
Jonah Elliss,LB,60,2024
Jonathan Greenard,LB,60,2024
Jonathon Cooper,LB,60,2024
Jordan Magee,LB,60,2024
Jordyn Brooks,LB,60,2024
Jose Ramirez,LB,60,2024
Josh Ross,LB,60,2024
Josh Woods,LB,60,2024
Joshua Uche,LB,60,2024
Junior Colson,LB,60,2024
Justin Strnad,LB,60,2024
K'Lavon Chaisson,LB,60,2024
K.J. Britt,LB,60,2024
Kaden Elliss,LB,60,2024
Kayvon Thibodeaux,LB,60,2024
Keir Thomas,LB,60,2024
"Kenneth Murray, Jr.",LB,60,2024
Kenny Dyson,LB,60,2024
Khaleke Hudson,LB,60,2024
Khalid Kareem,LB,60,2024
Kristian Welch,LB,60,2024
Krys Barnes,LB,60,2024
Leo Chenal,LB,60,2024
Levelle Bailey,LB,60,2024
Logan Wilson,LB,60,2024
Lorenzo Carter,LB,60,2024
Luke Gifford,LB,60,2024
Luke Masterson,LB,60,2024
Mack Wilson,LB,60,2024
Maema Njongmeta,LB,60,2024
Malcolm Rodriguez,LB,60,2024
Malik Harrison,LB,60,2024
Marcelino McCrary-Ball,LB,60,2024
Marist Liufau,LB,60,2024
Mark Robinson,LB,60,2024
Marquis Haynes,LB,60,2024
Marte Mapu,LB,60,2024
Micah McFadden,LB,60,2024
Micah Parsons,LB,60,2024
Mitchell Agude,LB,60,2024
Mohamed Kamara,LB,60,2024
Mohamoud Diabate,LB,60,2024
Monty Rice,LB,60,2024
Mykal Walker,LB,60,2024
Nakobe Dean,LB,60,2024
Nate Landman,LB,60,2024
Nathaniel Watson,LB,60,2024
Nephi Sewell,LB,60,2024
Neville Hewitt,LB,60,2024
Nicholas Morrow,LB,60,2024
Nick Bellore,LB,60,2024
Nick Bolton,LB,60,2024
Nick Hampton,LB,60,2024
Nick Herbig,LB,60,2024
Nick Niemann,LB,60,2024
Nik Bonitto,LB,60,2024
Noah Sewell,LB,60,2024
Nolan Smith,LB,60,2024
Ochaun Mathis,LB,60,2024
Odafe Oweh,LB,60,2024
Omar Speights,LB,60,2024
Oshane Ximines,LB,60,2024
Otis Reese,LB,60,2024
Owen Pappoe,LB,60,2024
Patrick Johnson,LB,60,2024
Patrick Jones II,LB,60,2024
Patrick O'Connell,LB,60,2024
Patrick Queen,LB,60,2024
Payton Wilson,LB,60,2024
Pete Werner,LB,60,2024
Quay Walker,LB,60,2024
Quincy Williams,LB,60,2024
Quinton Bell,LB,60,2024
Robert Spillane,LB,60,2024
Sam Eguavoen,LB,60,2024
Segun Olubi,LB,60,2024
Shaka Heyward,LB,60,2024
Shaquil Barrett,LB,60,2024
Shaquille Quarterman,LB,60,2024
Sione Takitaki,LB,60,2024
SirVocea Dennis,LB,60,2024
Swayze Bozeman,LB,60,2024
T.J. Edwards,LB,60,2024
Tanner Muse,LB,60,2024
Tatum Bethune,LB,60,2024
Tavius Robinson,LB,60,2024
Terrel Bernard,LB,60,2024
Thomas Incoom,LB,60,2024
Tommy Eichenberg,LB,60,2024
Tomon Fox,LB,60,2024
Tony Fields II,LB,60,2024
Trenton Simpson,LB,60,2024
Trevin Wallace,LB,60,2024
Trevis Gipson,LB,60,2024
Trevor Nowaske,LB,60,2024
Troy Andersen,LB,60,2024
Troy Dye,LB,60,2024
Troy Reeder,LB,60,2024
Tuli Tuipulotu,LB,60,2024
Ty Summers,LB,60,2024
Ty'Ron Hopper,LB,60,2024
Tyrel Dodson,LB,60,2024
Tyrice Knight,LB,60,2024
Tyus Bowser,LB,60,2024
Uchenna Nwosu,LB,60,2024
Ventrell Miller,LB,60,2024
Vi Jones,LB,60,2024
Victor Dimukeje,LB,60,2024
William Kwenkeu,LB,60,2024
Willie Gay Jr.,LB,60,2024
Winston Reid,LB,60,2024
Xavier Thomas,LB,60,2024
Yasir Abdullah,LB,60,2024
Yaya Diaby,LB,60,2024
Zack Baun,LB,60,2024
Zaven Collins,LB,60,2024
Aaron Brewer,LS,60,2024
Andrew DePaola,LS,60,2024
Blake Ferguson,LS,60,2024
Cal Adomitis,LS,60,2024
Casey Kreiter,LS,60,2024
Charley Hughlett,LS,60,2024
Christian Kuntz,LS,60,2024
Evan Deckers,LS,60,2024
Hogan Hatten,LS,60,2024
J.J. Jansen,LS,60,2024
Jacob Bobenmoyer,LS,60,2024
James Winchester,LS,60,2024
Joe Cardona,LS,60,2024
Josh Harris,LS,60,2024
Luke Rhodes,LS,60,2024
Matthew Orzech,LS,60,2024
Mitchell Fraboni,LS,60,2024
Morgan Cox,LS,60,2024
Nick Moore,LS,60,2024
Reid Ferguson,LS,60,2024
Rex Sunahara,LS,60,2024
Rick Lovato,LS,60,2024
Ross Matiscik,LS,60,2024
Scott Daly,LS,60,2024
Thomas Hennessy,LS,60,2024
Trent Sieg,LS,60,2024
Zach Wood,LS,60,2024
Alex Anzalone,MLB,60,2024
Anthony Walker,MLB,60,2024
Bobby Wagner,MLB,60,2024
Denzel Perryman,MLB,60,2024
Duke Riley,MLB,60,2024
Eric Kendricks,MLB,60,2024
Fred Warner,MLB,60,2024
Jordan Hicks,MLB,60,2024
Kwon Alexander,MLB,60,2024
Kyle Van Noy,MLB,60,2024
Raekwon McMillan,MLB,60,2024
Tremaine Edmunds,MLB,60,2024
Austin Johnson,NT,60,2024
Daron Payne,NT,60,2024
Derrick Nnadi,NT,60,2024
Eddie Goldman,NT,60,2024
Javon Hargrave,NT,60,2024
Kenny Clark,NT,60,2024
Austen Pleasants,OL,60,2024
Justin Dedich,OL,60,2024
Andrew Van Ginkel,OLB,60,2024
Bud Dupree,OLB,60,2024
De'Vondre Campbell,OLB,60,2024
Demario Davis,OLB,60,2024
Elandon Roberts,OLB,60,2024
Haason Reddick,OLB,60,2024
Jadeveon Clowney,OLB,60,2024
Jerome Baker,OLB,60,2024
Josh Sweat,OLB,60,2024
Kamu Grugier-Hill,OLB,60,2024
Khalil Mack,OLB,60,2024
Kyzir White,OLB,60,2024
Lavonte David,OLB,60,2024
Matt Milano,OLB,60,2024
Matthew Adams,OLB,60,2024
Matthew Judon,OLB,60,2024
Nick Vigil,OLB,60,2024
Shaq Thompson,OLB,60,2024
T.J. Watt,OLB,60,2024
Von Miller,OLB,60,2024
Zaire Franklin,OLB,60,2024
A.J. Arcuri,OT,60,2024
Abraham Lucas,OT,60,2024
Alaric Jackson,OT,60,2024
Alec Anderson,OT,60,2024
Alex Palczewski,OT,60,2024
Amarius Mims,OT,60,2024
Andrew Thomas,OT,60,2024
Anton Harrison,OT,60,2024
Asim Richards,OT,60,2024
Austin Jackson,OT,60,2024
Ben Bartch,OT,60,2024
Bernhard Raimann,OT,60,2024
Blake Fisher,OT,60,2024
Braden Smith,OT,60,2024
Brady Christensen,OT,60,2024
Brandon Coleman,OT,60,2024
Braxton Jones,OT,60,2024
Brian O'Neill,OT,60,2024
Broderick Jones,OT,60,2024
Caedan Wallace,OT,60,2024
Cam Robinson,OT,60,2024
Carter Warren,OT,60,2024
Charles Cross,OT,60,2024
Charlie Heck,OT,60,2024
Chris Hubbard,OT,60,2024
Christian Darrisaw,OT,60,2024
Chuma Edoga,OT,60,2024
Colton McKivitz,OT,60,2024
Cornelius Lucas,OT,60,2024
D.J. Humphries,OT,60,2024
DJ Glaze,OT,60,2024
Dan Moore Jr.,OT,60,2024
Dan Skipper,OT,60,2024
Daniel Brunskill,OT,60,2024
Darnell Wright,OT,60,2024
Dawand Jones,OT,60,2024
Demontrey Jacobs,OT,60,2024
Devin Cochran,OT,60,2024
Dillon Radunz,OT,60,2024
Dion Dawkins,OT,60,2024
Dominick Puni,OT,60,2024
Evan Neal,OT,60,2024
Fred Johnson,OT,60,2024
Garett Bolles,OT,60,2024
Germain Ifedi,OT,60,2024
Graham Barton,OT,60,2024
Ikem Ekwonu,OT,60,2024
Isaiah Prince,OT,60,2024
JC Latham,OT,60,2024
Jack Conklin,OT,60,2024
Jackson Barton,OT,60,2024
Jake Curhan,OT,60,2024
Jake Matthews,OT,60,2024
James Hudson,OT,60,2024
Jawaan Taylor,OT,60,2024
Jedrick Wills,OT,60,2024
Joe Alt,OT,60,2024
Joe Noteboom,OT,60,2024
John Ojukwu,OT,60,2024
Jonah Williams,OT,60,2024
Jordan Mailata,OT,60,2024
Jordan Morgan,OT,60,2024
Josh Jones,OT,60,2024
Justin Skule,OT,60,2024
Kadeem Telfort,OT,60,2024
Kaleb McGary,OT,60,2024
Kelvin Beachum,OT,60,2024
Kendall Lamm,OT,60,2024
Kingsley Suamataia,OT,60,2024
Kiran Amegadjie,OT,60,2024
Kolton Miller,OT,60,2024
Landon Young,OT,60,2024
Lane Johnson,OT,60,2024
Laremy Tunsil,OT,60,2024
Leroy Watson IV,OT,60,2024
Liam Eichenberg,OT,60,2024
Luke Goedeke,OT,60,2024
Matt Goncalves,OT,60,2024
Matt Pryor,OT,60,2024
Matt Waletzko,OT,60,2024
Max Mitchell,OT,60,2024
Michael Jerrell,OT,60,2024
Mike McGlinchey,OT,60,2024
Morgan Moses,OT,60,2024
Nicholas Petit-Frere,OT,60,2024
Nick Zakelj,OT,60,2024
Olisaemeka Udoh,OT,60,2024
Olumuyiwa Fashanu,OT,60,2024
Orlando Brown,OT,60,2024
Paris Johnson Jr.,OT,60,2024
Patrick Mekari,OT,60,2024
Patrick Paul,OT,60,2024
Penei Sewell,OT,60,2024
Peter Skoronski,OT,60,2024
Rashawn Slater,OT,60,2024
Rasheed Walker,OT,60,2024
Rob Havenstein,OT,60,2024
Robert Hunt,OT,60,2024
Roger Rosengarten,OT,60,2024
Ronnie Stanley,OT,60,2024
Ryan Van Demark,OT,60,2024
Sataoa Laumea,OT,60,2024
Sean Rhyan,OT,60,2024
Spencer Brown,OT,60,2024
Stone Forsythe,OT,60,2024
Storm Norton,OT,60,2024
Taliese Fuaga,OT,60,2024
Taylor Decker,OT,60,2024
Terence Steele,OT,60,2024
Terron Armstead,OT,60,2024
Travis Glover,OT,60,2024
Trent Brown,OT,60,2024
Trent Scott,OT,60,2024
Trent Williams,OT,60,2024
Trevor Penning,OT,60,2024
Trey Pipkins,OT,60,2024
Tristan Wirfs,OT,60,2024
Tylan Grable,OT,60,2024
Tyler Guyton,OT,60,2024
Tyler Smith,OT,60,2024
Tyler Steen,OT,60,2024
Tyron Smith,OT,60,2024
Tytus Howard,OT,60,2024
Vederian Lowe,OT,60,2024
Walker Little,OT,60,2024
Wanya Morris,OT,60,2024
Warren McClendon Jr.,OT,60,2024
Yosh Nijman,OT,60,2024
AJ Cole,P,60,2024
Blake Gillikin,P,60,2024
Braden Mann,P,60,2024
Bradley Pinion,P,60,2024
Bryan Anger,P,60,2024
Bryce Baringer,P,60,2024
Cameron Johnston,P,60,2024
Corey Bojorquez,P,60,2024
Corliss Waitman,P,60,2024
Daniel Whelan,P,60,2024
Ethan Evans,P,60,2024
J.K. Scott,P,60,2024
Jack Browning,P,60,2024
Jack Fox,P,60,2024
Jake Bailey,P,60,2024
Jake Camarda,P,60,2024
Jamie Gillan,P,60,2024
Johnny Hekker,P,60,2024
Jordan Stout,P,60,2024
Logan Cooke,P,60,2024
Matt Araiza,P,60,2024
Matt Haack,P,60,2024
Matthew Hayball,P,60,2024
Michael Dickson,P,60,2024
Michael Palardy,P,60,2024
Mitch Wishnowsky,P,60,2024
Pat O'Donnell,P,60,2024
Rigoberto Sanchez,P,60,2024
Riley Dixon,P,60,2024
Ryan Rehkow,P,60,2024
Ryan Stonehouse,P,60,2024
Ryan Wright,P,60,2024
Sam Martin,P,60,2024
Thomas Morstead,P,60,2024
Tommy Townsend,P,60,2024
Tory Taylor,P,60,2024
Trenton Gill,P,60,2024
Tress Way,P,60,2024
Ty Zentner,P,60,2024
Joe Burrow,QB,99,2024
Lamar Jackson,QB,99,2024
Baker Mayfield,QB,98,2024
Jared Goff,QB,96,2024
Sam Darnold,QB,94,2024
Josh Allen,QB,91,2024
Patrick Mahomes,QB,91,2024
Jayden Daniels,QB,90,2024
Bo Nix,QB,88,2024
Aaron Rodgers,QB,87,2024
Justin Herbert,QB,86,2024
Matthew Stafford,QB,86,2024
Jordan Love,QB,85,2024
C.J. Stroud,QB,84,2024
Geno Smith,QB,84,2024
Jalen Hurts,QB,84,2024
Brock Purdy,QB,83,2024
Kyler Murray,QB,83,2024
Caleb Williams,QB,82,2024
Kirk Cousins,QB,80,2024
Tua Tagovailoa,QB,79,2024
Russell Wilson,QB,78,2024
Bryce Young,QB,75,2024
Derek Carr,QB,75,2024
Drake Maye,QB,75,2024
Jameis Winston,QB,74,2024
Will Levis,QB,73,2024
Cooper Rush,QB,72,2024
Dak Prescott,QB,72,2024
Joe Flacco,QB,72,2024
Trevor Lawrence,QB,72,2024
Daniel Jones,QB,71,2024
Gardner Minshew,QB,71,2024
Anthony Richardson,QB,70,2024
Mason Rudolph,QB,70,2024
Aidan O'Connell,QB,69,2024
Mac Jones,QB,69,2024
Andy Dalton,QB,67,2024
Drew Lock,QB,67,2024
Deshaun Watson,QB,66,2024
Justin Fields,QB,66,2024
Spencer Rattler,QB,66,2024
Jacoby Brissett,QB,64,2024
Michael Penix Jr.,QB,64,2024
Tyler Huntley,QB,64,2024
Malik Willis,QB,63,2024
Marcus Mariota,QB,63,2024
Tanner McKee,QB,63,2024
Desmond Ridder,QB,62,2024
Jimmy Garoppolo,QB,62,2024
Joshua Dobbs,QB,62,2024
Kenny Pickett,QB,62,2024
Mitchell Trubisky,QB,62,2024
Tyrod Taylor,QB,62,2024
Bailey Zappe,QB,61,2024
Brandon Allen,QB,61,2024
Davis Mills,QB,61,2024
Dorian Thompson-Robinson,QB,61,2024
Jake Haener,QB,61,2024
Joe Milton III,QB,61,2024
Skylar Thompson,QB,61,2024
Tim Boyle,QB,61,2024
Tommy DeVito,QB,61,2024
Trey Lance,QB,61,2024
Carson Wentz,QB,60,2024
Chris Oladokun,QB,60,2024
Clayton Tune,QB,60,2024
Hendon Hooker,QB,60,2024
Jake Browning,QB,60,2024
Jarrett Stidham,QB,60,2024
Josh Johnson,QB,60,2024
Kyle Allen,QB,60,2024
Kyle Trask,QB,60,2024
Mike White,QB,60,2024
Nick Mullens,QB,60,2024
Sam Howell,QB,60,2024
Taylor Heinicke,QB,60,2024
Teddy Bridgewater,QB,60,2024
Tyson Bagent,QB,60,2024
Saquon Barkley,RB,99,2024
Derrick Henry,RB,98,2024
Jahmyr Gibbs,RB,92,2024
James Cook,RB,92,2024
Josh Jacobs,RB,89,2024
Bijan Robinson,RB,87,2024
Kyren Williams,RB,87,2024
Joe Mixon,RB,84,2024
Jonathan Taylor,RB,83,2024
Chuba Hubbard,RB,80,2024
David Montgomery,RB,80,2024
Brian Robinson,RB,78,2024
Bucky Irving,RB,78,2024
J.K. Dobbins,RB,77,2024
James Conner,RB,77,2024
Kareem Hunt,RB,77,2024
Chase Brown,RB,75,2024
Najee Harris,RB,75,2024
Aaron Jones,RB,74,2024
Alvin Kamara,RB,74,2024
D'Andre Swift,RB,74,2024
De'Von Achane,RB,74,2024
Rhamondre Stevenson,RB,74,2024
Tank Bigsby,RB,74,2024
Tony Pollard,RB,74,2024
Zach Charbonnet,RB,73,2024
Breece Hall,RB,72,2024
Kenneth Walker III,RB,72,2024
Tyrone Tracy Jr.,RB,72,2024
Rico Dowdle,RB,70,2024
Javonte Williams,RB,69,2024
Jordan Mason,RB,69,2024
Alexander Mattison,RB,68,2024
Austin Ekeler,RB,68,2024
Devin Singletary,RB,68,2024
Emanuel Wilson,RB,68,2024
Isaac Guerendo,RB,68,2024
Jeremy McNichols,RB,68,2024
Jerome Ford,RB,68,2024
Rachaad White,RB,68,2024
Ray Davis,RB,68,2024
Roschon Johnson,RB,68,2024
Tyler Allgeier,RB,68,2024
Gus Edwards,RB,67,2024
Tyjae Spears,RB,67,2024
Cam Akers,RB,66,2024
Nick Chubb,RB,66,2024
Travis Etienne,RB,66,2024
Ameer Abdullah,RB,65,2024
Antonio Gibson,RB,65,2024
Audric Estimé,RB,65,2024
Braelon Allen,RB,65,2024
Dameon Pierce,RB,65,2024
Ezekiel Elliott,RB,65,2024
Jaleel McLaughlin,RB,65,2024
Jaylen Warren,RB,65,2024
Sean Tucker,RB,65,2024
Chris Rodriguez Jr.,RB,64,2024
Isiah Pacheco,RB,64,2024
Kenneth Gainwell,RB,64,2024
Miles Sanders,RB,64,2024
Raheem Mostert,RB,64,2024
Zack Moss,RB,64,2024
Emari Demercado,RB,63,2024
Hassan Haskins,RB,63,2024
Justice Hill,RB,63,2024
Trey Benson,RB,63,2024
Trey Sermon,RB,63,2024
Ty Johnson,RB,63,2024
Chris Brooks,RB,62,2024
D'Onta Foreman,RB,62,2024
Isaiah Davis,RB,62,2024
Jamaal Williams,RB,62,2024
Jaylen Wright,RB,62,2024
Kendre Miller,RB,62,2024
Khalil Herbert,RB,62,2024
Michael Carter,RB,62,2024
Patrick Taylor,RB,62,2024
Samaje Perine,RB,62,2024
Tony Jones,RB,62,2024
Tyler Goodson,RB,62,2024
Will Shipley,RB,62,2024
Zamir White,RB,62,2024
Blake Corum,RB,61,2024
Carson Steele,RB,61,2024
Christian McCaffrey,RB,61,2024
Cordarrelle Patterson,RB,61,2024
Craig Reynolds,RB,61,2024
D'Ernest Johnson,RB,61,2024
Dare Ogunbowale,RB,61,2024
Julius Chestnut,RB,61,2024
Kenny McIntosh,RB,61,2024
Kimani Vidal,RB,61,2024
Pierre Strong,RB,61,2024
Raheem Blackshear,RB,61,2024
Ronnie Rivers,RB,61,2024
Sincere McCormick,RB,61,2024
Ty Chandler,RB,61,2024
Tyler Badie,RB,61,2024
Aaron Shampklin,RB,60,2024
Adam Prentice,RB,60,2024
Andrew Beck,RB,60,2024
Avery Williams,RB,60,2024
Ben VanSumeren,RB,60,2024
Blake Watson,RB,60,2024
British Brooks,RB,60,2024
Chris Collier,RB,60,2024
Clyde Edwards-Helaire,RB,60,2024
Cody Schrader,RB,60,2024
D.J. Williams,RB,60,2024
Dalvin Cook,RB,60,2024
Dante Miller,RB,60,2024
Darrynton Evans,RB,60,2024
DeeJay Dallas,RB,60,2024
Deuce Vaughn,RB,60,2024
Dylan Laube,RB,60,2024
Eric Gray,RB,60,2024
Gary Brightwell,RB,60,2024
George Holani,RB,60,2024
Hunter Luepke,RB,60,2024
J.J. Taylor,RB,60,2024
JaMycal Hasty,RB,60,2024
Jacob Kibodi,RB,60,2024
Jakob Johnson,RB,60,2024
Jase McClellan,RB,60,2024
Jeff Wilson,RB,60,2024
Jermar Jefferson,RB,60,2024
John Kelly,RB,60,2024
Jonathan Ward,RB,60,2024
Jonathon Brooks,RB,60,2024
Jordan Mims,RB,60,2024
Joshua Kelley,RB,60,2024
Ke'Shawn Vaughn,RB,60,2024
Keaontay Ingram,RB,60,2024
Keaton Mitchell,RB,60,2024
Keilan Robinson,RB,60,2024
Kene Nwangwu,RB,60,2024
MarShawn Lloyd,RB,60,2024
Mike Boone,RB,60,2024
Myles Gaskin,RB,60,2024
Rasheen Ali,RB,60,2024
Sione Vaki,RB,60,2024
Terrell Jennings,RB,60,2024
Travis Homer,RB,60,2024
Trayveon Williams,RB,60,2024
Troy Hairston,RB,60,2024
Tyrion Davis-Price,RB,60,2024
Velus Jones Jr.,RB,60,2024
Brandon Joseph,S,60,2024
Budda Baker,S,60,2024
Chris Smith II,S,60,2024
Damontae Kazee,S,60,2024
Daryl Worley,S,60,2024
Eric Murray,S,60,2024
Justin Reid,S,60,2024
Kareem Jackson,S,60,2024
Quandre Diggs,S,60,2024
Terrell Edmunds,S,60,2024
Tony Jefferson,S,60,2024
Vonn Bell,S,60,2024
AJ Finley,SAF,60,2024
Alohi Gilman,SAF,60,2024
Amani Hooker,SAF,60,2024
Andre Cisco,SAF,60,2024
Andre' Sam,SAF,60,2024
Andrew Wingard,SAF,60,2024
Anthony Johnson Jr.,SAF,60,2024
Antoine Winfield Jr.,SAF,60,2024
Antonio Johnson,SAF,60,2024
Ar'Darius Washington,SAF,60,2024
Ashtyn Davis,SAF,60,2024
Beau Brade,SAF,60,2024
Brandon Jones,SAF,60,2024
Brenden Schooler,SAF,60,2024
Brian Branch,SAF,60,2024
Bryan Cook,SAF,60,2024
C.J. Gardner-Johnson,SAF,60,2024
Calen Bullock,SAF,60,2024
Camryn Bynum,SAF,60,2024
Christian Izien,SAF,60,2024
Coby Bryant,SAF,60,2024
Cole Bishop,SAF,60,2024
D'Anthony Bell,SAF,60,2024
Dadrion Taylor-Demerson,SAF,60,2024
Daijahn Anthony,SAF,60,2024
Damar Hamlin,SAF,60,2024
Dane Belton,SAF,60,2024
Daniel Thomas,SAF,60,2024
Darnell Savage,SAF,60,2024
DeShon Elliott,SAF,60,2024
Dell Pettus,SAF,60,2024
Demani Richardson,SAF,60,2024
Deon Bush,SAF,60,2024
Devon Key,SAF,60,2024
Donovan Wilson,SAF,60,2024
Elijah Hicks,SAF,60,2024
Evan Williams,SAF,60,2024
Geno Stone,SAF,60,2024
Grant Delpit,SAF,60,2024
Ifeatu Melifonwu,SAF,60,2024
Isaiah Oliver,SAF,60,2024
Isaiah Pola-Mao,SAF,60,2024
JL Skinner,SAF,60,2024
Jaden Hicks,SAF,60,2024
Jalen Pitre,SAF,60,2024
Jalen Thompson,SAF,60,2024
Jammie Robinson,SAF,60,2024
Jaquan Brisker,SAF,60,2024
Jason Pinnock,SAF,60,2024
Javon Bullard,SAF,60,2024
Jay Ward,SAF,60,2024
Jaylen Mahoney,SAF,60,2024
Jaylen McCollough,SAF,60,2024
Jaylinn Hawkins,SAF,60,2024
Jeremy Chinn,SAF,60,2024
Jeremy Reaves,SAF,60,2024
Jerrick Reed II,SAF,60,2024
Jevon Holland,SAF,60,2024
Ji'Ayir Brown,SAF,60,2024
Jimmie Ward,SAF,60,2024
Joey Blount,SAF,60,2024
Jordan Battle,SAF,60,2024
Jordan Fuller,SAF,60,2024
Jordan Howden,SAF,60,2024
Josh Metellus,SAF,60,2024
Juan Thornhill,SAF,60,2024
Juanyeh Thomas,SAF,60,2024
Julian Blackmon,SAF,60,2024
Julian Love,SAF,60,2024
K'Von Wallace,SAF,60,2024
Kaevon Merriweather,SAF,60,2024
Kam Curl,SAF,60,2024
Kamren Kinchens,SAF,60,2024
Kendall Williamson,SAF,60,2024
Kerby Joseph,SAF,60,2024
Kitan Oladapo,SAF,60,2024
Kyle Dugger,SAF,60,2024
Kyle Hamilton,SAF,60,2024
Lonnie Johnson,SAF,60,2024
M.J. Stewart,SAF,60,2024
Malik Mustapha,SAF,60,2024
Marcus Epps,SAF,60,2024
Markquese Bell,SAF,60,2024
Mike Brown,SAF,60,2024
Mike Edwards,SAF,60,2024
Miles Killebrew,SAF,60,2024
Nick Cross,SAF,60,2024
Nick Scott,SAF,60,2024
P.J. Locke,SAF,60,2024
Patrick McMorris,SAF,60,2024
Percy Butler,SAF,60,2024
Quan Martin,SAF,60,2024
Quentin Lake,SAF,60,2024
Raheem Layne,SAF,60,2024
Rayshawn Jenkins,SAF,60,2024
Reed Blankenship,SAF,60,2024
Rodney Thomas,SAF,60,2024
Ronnie Hickman Jr.,SAF,60,2024
Russ Yeast,SAF,60,2024
Sam Franklin Jr.,SAF,60,2024
Sanoussi Kane,SAF,60,2024
Sydney Brown,SAF,60,2024
Talanoa Hufanga,SAF,60,2024
Tavierre Thomas,SAF,60,2024
Taylor Rapp,SAF,60,2024
Theo Jackson,SAF,60,2024
Thomas Harper,SAF,60,2024
Tony Adams,SAF,60,2024
Tre'von Moehrig,SAF,60,2024
Tristin McCollum,SAF,60,2024
Ty Okada,SAF,60,2024
Tycen Anderson,SAF,60,2024
Tykee Smith,SAF,60,2024
Tyler Nubin,SAF,60,2024
Tyler Owens,SAF,60,2024
Will Harris,SAF,60,2024
Xavier McKinney,SAF,60,2024
Zayne Anderson,SAF,60,2024
Mark Andrews,TE,99,2024
George Kittle,TE,97,2024
Jonnu Smith,TE,93,2024
Sam LaPorta,TE,92,2024
Zach Ertz,TE,92,2024
Brock Bowers,TE,90,2024
Tucker Kraft,TE,89,2024
Pat Freiermuth,TE,88,2024
Isaiah Likely,TE,87,2024
Travis Kelce,TE,85,2024
Trey McBride,TE,82,2024
Cade Otton,TE,80,2024
David Njoku,TE,80,2024
Foster Moreau,TE,79,2024
Kyle Pitts,TE,79,2024
Noah Gray,TE,79,2024
Dallas Goedert,TE,78,2024
Cole Kmet,TE,77,2024
Tyler Conklin,TE,77,2024
Juwan Johnson,TE,76,2024
Austin Hooper,TE,75,2024
Hunter Henry,TE,75,2024
Mike Gesicki,TE,75,2024
AJ Barner,TE,74,2024
Dalton Schultz,TE,74,2024
Dalton Kincaid,TE,73,2024
Chig Okonkwo,TE,72,2024
Will Dissly,TE,72,2024
Brenton Strange,TE,71,2024
Jordan Akins,TE,71,2024
Josh Oliver,TE,71,2024
Colby Parkinson,TE,70,2024
Nick Vannett,TE,70,2024
Noah Fant,TE,70,2024
T.J. Hockenson,TE,70,2024
Tyler Higbee,TE,70,2024
Nate Adkins,TE,69,2024
Tommy Tremble,TE,69,2024
Adam Trautman,TE,68,2024
Dawson Knox,TE,68,2024
Elijah Higgins,TE,68,2024
Evan Engram,TE,68,2024
Ja'Tavion Sanders,TE,68,2024
Johnny Mundt,TE,68,2024
Brock Wright,TE,67,2024
Grant Calcaterra,TE,67,2024
Jake Ferguson,TE,67,2024
Payne Durham,TE,67,2024
Theo Johnson,TE,67,2024
Darnell Washington,TE,66,2024
Josh Whyle,TE,66,2024
Luke Schoonmaker,TE,66,2024
Cade Stover,TE,65,2024
Mo Alie-Cox,TE,65,2024
Tanner Hudson,TE,65,2024
Andrew Ogletree,TE,64,2024
Charlie Kolar,TE,64,2024
Drew Sample,TE,64,2024
Eric Saubert,TE,64,2024
Ben Sinnott,TE,63,2024
Blake Whiteheart,TE,63,2024
Chris Manhertz,TE,63,2024
Connor Heyward,TE,63,2024
Davis Allen,TE,63,2024
E.J. Jenkins,TE,63,2024
Kenny Yeboah,TE,63,2024
Kylen Granson,TE,63,2024
MyCole Pruitt,TE,63,2024
Quintin Morris,TE,63,2024
Stone Smartt,TE,63,2024
Taysom Hill,TE,63,2024
Daniel Bellinger,TE,62,2024
Erick All,TE,62,2024
Jeremy Ruckert,TE,62,2024
John Bates,TE,62,2024
Julian Hill,TE,62,2024
Lucas Krull,TE,62,2024
Michael Mayer,TE,62,2024
Ben Sims,TE,61,2024
Brevyn Spann-Ford,TE,61,2024
Charlie Woerner,TE,61,2024
Devin Culp,TE,61,2024
Durham Smythe,TE,61,2024
Gerald Everett,TE,61,2024
Harrison Bryant,TE,61,2024
Hayden Hurst,TE,61,2024
Hunter Long,TE,61,2024
Luke Farrell,TE,61,2024
Luke Musgrave,TE,61,2024
Peyton Hendershot,TE,61,2024
Pharaoh Brown,TE,61,2024
Tip Reiman,TE,61,2024
Tucker Fisk,TE,61,2024
Anthony Firkser,TE,60,2024
Baylor Cupp,TE,60,2024
Brayden Willis,TE,60,2024
Brenden Bates,TE,60,2024
Brevin Jordan,TE,60,2024
C.J. Uzomah,TE,60,2024
Cam Grandy,TE,60,2024
Colson Yankoff,TE,60,2024
Dallin Holker,TE,60,2024
David Martin-Robinson,TE,60,2024
Eric Tomlinson,TE,60,2024
Feleipe Franks,TE,60,2024
Geoff Swaim,TE,60,2024
Greg Dulcich,TE,60,2024
Ian Thomas,TE,60,2024
Irv Smith,TE,60,2024
Jack Stoll,TE,60,2024
Jaheim Bell,TE,60,2024
Jake Tonges,TE,60,2024
Jared Wiley,TE,60,2024
John FitzPatrick,TE,60,2024
John Shenker,TE,60,2024
Jordan Matthews,TE,60,2024
Joseph Fortson,TE,60,2024
Josiah Deguara,TE,60,2024
Justin Shorter,TE,60,2024
Ko Kieft,TE,60,2024
Marcedes Lewis,TE,60,2024
Princeton Fant,TE,60,2024
Rod Williams,TE,60,2024
Ross Dwelley,TE,60,2024
Shane Zylstra,TE,60,2024
Stephen Sullivan,TE,60,2024
Tanner Conner,TE,60,2024
Will Mallory,TE,60,2024
Zach Davidson,TE,60,2024
Ja'Marr Chase,WR,99,2024
Terry McLaurin,WR,94,2024
Amon-Ra St. Brown,WR,89,2024
Justin Jefferson,WR,88,2024
Mike Evans,WR,87,2024
Brian Thomas Jr.,WR,85,2024
A.J. Brown,WR,84,2024
Drake London,WR,84,2024
Ladd McConkey,WR,83,2024
Rashod Bateman,WR,83,2024
DeVonta Smith,WR,82,2024
Nico Collins,WR,82,2024
Tee Higgins,WR,82,2024
Courtland Sutton,WR,81,2024
Davante Adams,WR,81,2024
Jordan Addison,WR,81,2024
Xavier Worthy,WR,81,2024
Garrett Wilson,WR,80,2024
Malik Nabers,WR,80,2024
CeeDee Lamb,WR,79,2024
Jameson Williams,WR,79,2024
Marvin Harrison Jr.,WR,79,2024
Jaxon Smith-Njigba,WR,78,2024
Quentin Johnston,WR,78,2024
Alec Pierce,WR,77,2024
DJ Moore,WR,77,2024
Jauan Jennings,WR,77,2024
Nick Westbrook-Ikhine,WR,77,2024
Tyreek Hill,WR,77,2024
DK Metcalf,WR,76,2024
Darnell Mooney,WR,76,2024
Jalen McMillan,WR,76,2024
Jayden Reed,WR,76,2024
Jerry Jeudy,WR,76,2024
Keenan Allen,WR,76,2024
Cooper Kupp,WR,75,2024
Demarcus Robinson,WR,75,2024
Jakobi Meyers,WR,75,2024
Jalen Tolbert,WR,75,2024
Zay Flowers,WR,75,2024
Calvin Ridley,WR,74,2024
DeAndre Hopkins,WR,74,2024
George Pickens,WR,74,2024
Josh Downs,WR,74,2024
Khalil Shakir,WR,74,2024
Puka Nacua,WR,74,2024
Allen Lazard,WR,73,2024
Andrei Iosivas,WR,73,2024
Mack Hollins,WR,73,2024
Marvin Mims Jr.,WR,73,2024
Adam Thielen,WR,72,2024
Chris Godwin Jr.,WR,72,2024
Jalen Nailor,WR,72,2024
Amari Cooper,WR,71,2024
Calvin Austin III,WR,71,2024
Dontayvion Wicks,WR,71,2024
Keon Coleman,WR,71,2024
Michael Pittman,WR,71,2024
Rome Odunze,WR,71,2024
Romeo Doubs,WR,71,2024
DeMario Douglas,WR,70,2024
Deebo Samuel Sr.,WR,70,2024
Michael Wilson,WR,70,2024
Tank Dell,WR,70,2024
Wan'Dale Robinson,WR,70,2024
Xavier Legette,WR,70,2024
Jaylen Waddle,WR,69,2024
Kayshon Boutte,WR,69,2024
Marquez Valdes-Scantling,WR,69,2024
Olamide Zaccheaus,WR,69,2024
Stefon Diggs,WR,69,2024
Tre Tucker,WR,69,2024
Christian Watson,WR,68,2024
Darius Slayton,WR,68,2024
Devaughn Vele,WR,68,2024
Diontae Johnson,WR,68,2024
Parker Washington,WR,68,2024
Ricky Pearsall,WR,68,2024
Tim Patrick,WR,68,2024
Tyler Lockett,WR,68,2024
Brandin Cooks,WR,67,2024
Cedric Tillman,WR,67,2024
Curtis Samuel,WR,67,2024
David Moore,WR,67,2024
Dyami Brown,WR,67,2024
Greg Dortch,WR,67,2024
Jalen Coker,WR,67,2024
Rashid Shaheed,WR,67,2024
Ray-Ray McCloud,WR,67,2024
Troy Franklin,WR,67,2024
Van Jefferson,WR,67,2024
Elijah Moore,WR,66,2024
Josh Palmer,WR,66,2024
KaVontae Turpin,WR,66,2024
Chris Olave,WR,65,2024
Christian Kirk,WR,65,2024
Gabe Davis,WR,65,2024
JuJu Smith-Schuster,WR,65,2024
Justin Watson,WR,65,2024
Kalif Raymond,WR,65,2024
Nelson Agholor,WR,65,2024
Noah Brown,WR,65,2024
Rashee Rice,WR,65,2024
Tutu Atwell,WR,65,2024
Derius Davis,WR,64,2024
Ja'Lynn Polk,WR,64,2024
Jahan Dotson,WR,64,2024
Jamison Crowder,WR,64,2024
John Metchie III,WR,64,2024
Kendrick Bourne,WR,64,2024
Lil'Jordan Humphrey,WR,64,2024
Malik Heath,WR,64,2024
Mike Williams,WR,64,2024
Ryan Miller,WR,64,2024
Sterling Shepard,WR,64,2024
Tylan Wallace,WR,64,2024
Tyler Johnson,WR,64,2024
Adonai Mitchell,WR,63,2024
Brandon Aiyuk,WR,63,2024
Cedrick Wilson Jr.,WR,63,2024
DJ Turner,WR,63,2024
Jalen Brooks,WR,63,2024
Jordan Whittington,WR,63,2024
Josh Reynolds,WR,63,2024
KhaDarel Hodge,WR,63,2024
Trey Palmer,WR,63,2024
Tyler Boyd,WR,63,2024
Ainias Smith,WR,62,2024
Ashton Dulin,WR,62,2024
Bub Means,WR,62,2024
DJ Chark,WR,62,2024
Dante Pettis,WR,62,2024
Devontez Walker,WR,62,2024
Jake Bobo,WR,62,2024
Johnny Wilson,WR,62,2024
K.J. Osborn,WR,62,2024
Kristian Wilkerson,WR,62,2024
Malik Washington,WR,62,2024
Parris Campbell,WR,62,2024
Robert Woods,WR,62,2024
Tay Martin,WR,62,2024
Trent Sherfield,WR,62,2024
Tyrell Shavers,WR,62,2024
Xavier Gipson,WR,62,2024
Xavier Hutchinson,WR,62,2024
Ben Skowronek,WR,61,2024
Brandon Powell,WR,61,2024
Bryce Oliver,WR,61,2024
Chris Conley,WR,61,2024
DeAndre Carter,WR,61,2024
Devin Duvernay,WR,61,2024
Jacob Cowing,WR,61,2024
Jalen Reagor,WR,61,2024
Jalin Hyatt,WR,61,2024
Jermaine Burton,WR,61,2024
Jonathan Mingo,WR,61,2024
Kevin Austin Jr.,WR,61,2024
Luke McCaffrey,WR,61,2024
Marquise Brown,WR,61,2024
Mason Tipton,WR,61,2024
Mecole Hardman,WR,61,2024
Mike Woods,WR,61,2024
Rakim Jarrett,WR,61,2024
River Cracraft,WR,61,2024
Ryan Flournoy,WR,61,2024
Scott Miller,WR,61,2024
Simi Fehoko,WR,61,2024
Zay Jones,WR,61,2024
Alex Bachman,WR,60,2024
Alex Erickson,WR,60,2024
Allen Robinson,WR,60,2024
Anthony Gould,WR,60,2024
Anthony Miller,WR,60,2024
Austin Trammell,WR,60,2024
Brandon Johnson,WR,60,2024
Braxton Berrios,WR,60,2024
Britain Covey,WR,60,2024
Bryce Ford-Wheaton,WR,60,2024
Brycen Tremayne,WR,60,2024
Casey Washington,WR,60,2024
Charlie Jones,WR,60,2024
Chris Blair,WR,60,2024
Cody Thompson,WR,60,2024
Cody White,WR,60,2024
Collin Johnson,WR,60,2024
Dan Chisena,WR,60,2024
Dareke Young,WR,60,2024
David Bell,WR,60,2024
Dee Eskridge,WR,60,2024
Deonte Harty,WR,60,2024
Deven Thompkins,WR,60,2024
Erik Ezukanma,WR,60,2024
Grant DuBose,WR,60,2024
Ihmir Smith-Marsette,WR,60,2024
Irvin Charles,WR,60,2024
Isaiah Hodgins,WR,60,2024
Isaiah Williams,WR,60,2024
Jaelon Darden,WR,60,2024
Jalen Virgil,WR,60,2024
Jamari Thrash,WR,60,2024
James Proche,WR,60,2024
Jared Wayne,WR,60,2024
Javon Baker,WR,60,2024
Jermaine Jackson,WR,60,2024
Jha'Quan Jackson,WR,60,2024
John Ross,WR,60,2024
Justyn Ross,WR,60,2024
Kadarius Toney,WR,60,2024
Kaden Davis,WR,60,2024
Kameron Johnson,WR,60,2024
Kendric Pryor,WR,60,2024
Laviska Shenault Jr.,WR,60,2024
Malachi Corley,WR,60,2024
Mason Kinsey,WR,60,2024
Maurice Alexander,WR,60,2024
Montrell Washington,WR,60,2024
Nikko Remigio,WR,60,2024
Odell Beckham Jr.,WR,60,2024
Ramel Keyton,WR,60,2024
Robbie Chosen,WR,60,2024
Ronnie Bell,WR,60,2024
Skyy Moore,WR,60,2024
Steven Sims,WR,60,2024
Terrace Marshall Jr.,WR,60,2024
Tim Jones,WR,60,2024
Tom Kennedy,WR,60,2024
Trent Taylor,WR,60,2024
Trenton Irwin,WR,60,2024
Treylon Burks,WR,60,2024
Tyler Scott,WR,60,2024
Tyquan Thornton,WR,60,2024
Tyreik McAllister,WR,60,2024
Xavier Smith,WR,60,2024
Xavier Weaver,WR,60,2024
Zach Pascal,WR,60,2024
Aaron Brewer,C,60,2025
Alex Forsyth,C,60,2025
Andrew Meyer,C,60,2025
Austin Corbett,C,60,2025
Ben Brown,C,60,2025
Blake Brandel,C,60,2025
Bradley Bozeman,C,60,2025
Brock Hoffman,C,60,2025
Cade Mays,C,60,2025
Cam Jurgens,C,60,2025
Coleman Shelton,C,60,2025
Connor McGovern,C,60,2025
Cooper Beebe,C,60,2025
Creed Humphrey,C,60,2025
Danny Pinter,C,60,2025
Drew Dalman,C,60,2025
Elgton Jenkins,C,60,2025
Erik McCoy,C,60,2025
Ethan Pocic,C,60,2025
Garrett Bradbury,C,60,2025
Graham Barton,C,60,2025
Graham Glasgow,C,60,2025
Hjalte Froholdt,C,60,2025
Jake Andrews,C,60,2025
Jake Brendel,C,60,2025
Jalen Sundell,C,60,2025
Jarrett Patterson,C,60,2025
John Michael Schmitz,C,60,2025
Jordan Meredith,C,60,2025
Josh Myers,C,60,2025
Juice Scruggs,C,60,2025
Kingsley Eguakun,C,60,2025
Lloyd Cushenberry III,C,60,2025
Luke Fortner,C,60,2025
Luke Wattenberg,C,60,2025
Luke Wypler,C,60,2025
Olu Oluwatimi,C,60,2025
Robert Hainsey,C,60,2025
Ryan Kelly,C,60,2025
Ryan Neuzil,C,60,2025
Sedrick Van Pran-Granger,C,60,2025
Tanor Bortolini,C,60,2025
Ted Karras,C,60,2025
Tyler Biadasz,C,60,2025
Tyler Linderbaum,C,60,2025
Will Putnam,C,60,2025
Zach Frazier,C,60,2025
A.J. Green,CB,60,2025
A.J. Terrell,CB,60,2025
Adoree' Jackson,CB,60,2025
Ahkello Witherspoon,CB,60,2025
Akayleb Evans,CB,60,2025
Alex Austin,CB,60,2025
Alijah Huzzie,CB,60,2025
Alontae Taylor,CB,60,2025
Amani Oruwariye,CB,60,2025
Amik Robertson,CB,60,2025
Andru Phillips,CB,60,2025
Antonio Hamilton,CB,60,2025
Art Green,CB,60,2025
Arthur Maulet,CB,60,2025
Asante Samuel Jr.,CB,60,2025
Avonte Maddox,CB,60,2025
Azareye'h Thomas,CB,60,2025
Benjamin Morrison,CB,60,2025
Benjamin St-Juste,CB,60,2025
Bo Melton,CB,60,2025
Bralyn Lux,CB,60,2025
Brandin Echols,CB,60,2025
Brandon Codrington,CB,60,2025
Brandon Johnson,CB,60,2025
Brandon Stephens,CB,60,2025
Byron Murphy,CB,60,2025
C.J. Goodwin,CB,60,2025
C.J. Henderson,CB,60,2025
Caelen Carson,CB,60,2025
Cam Hart,CB,60,2025
Cam Lewis,CB,60,2025
Cam Taylor-Britt,CB,60,2025
Cameron Mitchell,CB,60,2025
Carlton Davis III,CB,60,2025
Carrington Valentine,CB,60,2025
Charles Woods,CB,60,2025
Charvarius Ward,CB,60,2025
Chase Lucas,CB,60,2025
Chau Smith-Wade,CB,60,2025
Chidobe Awuzie,CB,60,2025
Christian Benford,CB,60,2025
Christian Braswell,CB,60,2025
Christian Gonzalez,CB,60,2025
Christian Roland-Wallace,CB,60,2025
Clark Phillips III,CB,60,2025
Cobee Bryant,CB,60,2025
Cobie Durant,CB,60,2025
Cooper DeJean,CB,60,2025
Cordale Flott,CB,60,2025
Corey Thornton,CB,60,2025
D'Angelo Ross,CB,60,2025
D'Shawn Jamison,CB,60,2025
D.J. Ivey,CB,60,2025
D.J. Reed,CB,60,2025
DJ James,CB,60,2025
DJ Turner II,CB,60,2025
DaRon Bland,CB,60,2025
Dallis Flowers,CB,60,2025
Damon Arnette,CB,60,2025
Dane Jackson,CB,60,2025
Darien Porter,CB,60,2025
Darious Williams,CB,60,2025
Darius Slay,CB,60,2025
Darnay Holmes,CB,60,2025
Darrell Baker Jr.,CB,60,2025
Darrell Luter Jr.,CB,60,2025
Darren Hall,CB,60,2025
Daxton Hill,CB,60,2025
Deane Leonard,CB,60,2025
Decamerion Richardson,CB,60,2025
Dee Alford,CB,60,2025
Denzel Burke,CB,60,2025
Denzel Ward,CB,60,2025
Deommodore Lenoir,CB,60,2025
Deonte Banks,CB,60,2025
Derek Stingley Jr.,CB,60,2025
Derion Kendrick,CB,60,2025
Devon Witherspoon,CB,60,2025
Dom Jones,CB,60,2025
Donte Jackson,CB,60,2025
Dorian Strong,CB,60,2025
Dwight McGlothern,CB,60,2025
Eli Apple,CB,60,2025
Elijah Jones,CB,60,2025
Elijah Molden,CB,60,2025
Emmanuel Forbes,CB,60,2025
Eric Stokes,CB,60,2025
Ethan Bonner,CB,60,2025
Fabian Moreau,CB,60,2025
Garrett Williams,CB,60,2025
Greedy Vance,CB,60,2025
Greg Newsome II,CB,60,2025
Isaac Yiadom,CB,60,2025
Isaiah Johnson,CB,60,2025
Isaiah Rodgers,CB,60,2025
Israel Mukuamu,CB,60,2025
Ja'Marcus Ingram,CB,60,2025
Ja'Quan McMillian,CB,60,2025
Ja'Sir Taylor,CB,60,2025
Jack Jones,CB,60,2025
Jacob Parrish,CB,60,2025
Jahdae Barron,CB,60,2025
Jaire Alexander,CB,60,2025
Jakorian Bennett,CB,60,2025
Jalen Davis,CB,60,2025
Jalen Mills,CB,60,2025
Jalen Ramsey,CB,60,2025
Jalyn Armour-Davis,CB,60,2025
Jamel Dean,CB,60,2025
James Pierre,CB,60,2025
Jarrian Jones,CB,60,2025
Jarrick Bernard-Converse,CB,60,2025
Jarvis Brownlee Jr.,CB,60,2025
Jason Marshall Jr.,CB,60,2025
Jaycee Horn,CB,60,2025
Jaylen Watson,CB,60,2025
Jaylin Simpson,CB,60,2025
Jaylin Smith,CB,60,2025
Jaylon Johnson,CB,60,2025
Jaylon Jones,CB,60,2025
Jeff Okudah,CB,60,2025
Joey Porter Jr.,CB,60,2025
Johnathan Baldwin,CB,60,2025
Johnathan Edwards,CB,60,2025
Jonathan Jones,CB,60,2025
Jordan Clark,CB,60,2025
Jordan Hancock,CB,60,2025
Josh Blackwell,CB,60,2025
Josh Butler,CB,60,2025
Josh Hayes,CB,60,2025
Josh Jobe,CB,60,2025
Josh Newton,CB,60,2025
Josh Wallace,CB,60,2025
Joshua Williams,CB,60,2025
Jourdan Lewis,CB,60,2025
Julius Brents,CB,60,2025
Kaiir Elam,CB,60,2025
Kamal Hadden,CB,60,2025
Kamari Lassiter,CB,60,2025
Kei'Trel Clark,CB,60,2025
Keisean Nixon,CB,60,2025
Keith Taylor,CB,60,2025
Kelee Ringo,CB,60,2025
Kenny Moore II,CB,60,2025
Keyon Martin,CB,60,2025
Khalil Dorsey,CB,60,2025
Kindle Vildor,CB,60,2025
Kool-Aid McKinstry,CB,60,2025
Korie Black,CB,60,2025
Kris Abrams-Draine,CB,60,2025
Kristian Fulton,CB,60,2025
Kyler Gordon,CB,60,2025
Kyu Blu Kelly,CB,60,2025
L'Jarius Sneed,CB,60,2025
Mac McWilliams,CB,60,2025
Marco Wilson,CB,60,2025
Marcus Harris,CB,60,2025
Marcus Jones,CB,60,2025
Marlon Humphrey,CB,60,2025
Marshon Lattimore,CB,60,2025
Max Melton,CB,60,2025
Maxwell Hairston,CB,60,2025
Mekhi Blackmon,CB,60,2025
Micah Robinson,CB,60,2025
Michael Carter II,CB,60,2025
Michael Davis,CB,60,2025
Mike Ford,CB,60,2025
Mike Hilton,CB,60,2025
Mike Hughes,CB,60,2025
Mike Jackson,CB,60,2025
Mike Sainristil,CB,60,2025
Miles Battle,CB,60,2025
Montaric Brown,CB,60,2025
Myles Bryant,CB,60,2025
Myles Harden,CB,60,2025
Nahshon Wright,CB,60,2025
Nate Hobbs,CB,60,2025
Nate Wiggins,CB,60,2025
Natrone Brooks,CB,60,2025
Nazeeh Johnson,CB,60,2025
Nehemiah Pritchett,CB,60,2025
Nic Jones,CB,60,2025
Nick McCloud,CB,60,2025
Nikko Reed,CB,60,2025
Noah Igbinoghene,CB,60,2025
Nohl Williams,CB,60,2025
Parry Nickerson,CB,60,2025
Pat Surtain II,CB,60,2025
Paulson Adebo,CB,60,2025
Quincy Riley,CB,60,2025
Quinyon Mitchell,CB,60,2025
Qwan'tez Stiggers,CB,60,2025
Rasul Douglas,CB,60,2025
Reese Taylor,CB,60,2025
Renardo Green,CB,60,2025
Rico Payton,CB,60,2025
Riley Moss,CB,60,2025
Riq Woolen,CB,60,2025
Robert Rochell,CB,60,2025
Rock Ya-Sin,CB,60,2025
Roger McCreary,CB,60,2025
Sam Webb,CB,60,2025
Samuel Womack,CB,60,2025
Sauce Gardner,CB,60,2025
Shaquill Griffin,CB,60,2025
Shavon Revel Jr.,CB,60,2025
Shemar Bartholomew,CB,60,2025
Siran Neal,CB,60,2025
Storm Duck,CB,60,2025
T.J. Tampa,CB,60,2025
Tarheeb Still,CB,60,2025
Taron Johnson,CB,60,2025
Terrion Arnold,CB,60,2025
Tre Avery,CB,60,2025
Tre Brown,CB,60,2025
Tre'Davious White,CB,60,2025
Tremon Smith,CB,60,2025
Trent McDuffie,CB,60,2025
Trevon Diggs,CB,60,2025
Trey Amos,CB,60,2025
Trikweze Bridges,CB,60,2025
Tyrique Stevenson,CB,60,2025
Tyson Campbell,CB,60,2025
Ugo Amadi,CB,60,2025
Upton Stout,CB,60,2025
Will Johnson,CB,60,2025
Xavien Howard,CB,60,2025
Zion Childress,CB,60,2025
Zyon McCollum,CB,60,2025
Ameer Speed,DB,60,2025
Cam'Ron Silmon-Craig,DB,60,2025
Chamarri Conner,DB,60,2025
Chigozie Anusiem,DB,60,2025
Chris Lammons,DB,60,2025
Chuck Clark,DB,60,2025
Corey Ballentine,DB,60,2025
Cornell Armstrong,DB,60,2025
Elijah Campbell,DB,60,2025
George Odum,DB,60,2025
J.T. Gray,DB,60,2025
Jaden Davis,DB,60,2025
Jarius Monroe,DB,60,2025
Jaylon Jones,DB,60,2025
Jonathan Owens,DB,60,2025
Keidron Smith,DB,60,2025
Kemon Hall,DB,60,2025
Kendall Sheffield,DB,60,2025
Kevin Knowles,DB,60,2025
Kobee Minor,DB,60,2025
Nick Whiteside,DB,60,2025
Reddy Steward,DB,60,2025
A'Shawn Robinson,DE,60,2025
A.J. Epenesa,DE,60,2025
Adam Gotsis,DE,60,2025
Adin Huntington,DE,60,2025
Aidan Hutchinson,DE,60,2025
Al-Quadin Muhammad,DE,60,2025
Alex Wright,DE,60,2025
Andre Jones Jr.,DE,60,2025
Anthony Goodlow,DE,60,2025
Arron Mosby,DE,60,2025
Ashton Gillotte,DE,60,2025
Austin Booker,DE,60,2025
B.J. Hill,DE,60,2025
BJ Green II,DE,60,2025
Barryn Sorrell,DE,60,2025
Braden Fiske,DE,60,2025
Braiden McGregor,DE,60,2025
Brandon Dorlus,DE,60,2025
Brandon Graham,DE,60,2025
Brent Urban,DE,60,2025
Brenton Cox Jr.,DE,60,2025
Bryce Huff,DE,60,2025
C.J. Ravenell,DE,60,2025
Calais Campbell,DE,60,2025
Cameron Jordan,DE,60,2025
Cameron Sample,DE,60,2025
Cameron Thomas,DE,60,2025
Carl Granderson,DE,60,2025
Carl Lawson,DE,60,2025
Cedric Johnson,DE,60,2025
Charles Omenihu,DE,60,2025
Charles Snowden,DE,60,2025
Chase Young,DE,60,2025
Chauncey Golston,DE,60,2025
Chris Jones,DE,60,2025
Chris Rumph II,DE,60,2025
Clelin Ferrell,DE,60,2025
Colby Wooden,DE,60,2025
DJ Reader,DE,60,2025
Da'Shawn Hand,DE,60,2025
Dalvin Tomlinson,DE,60,2025
Daniel Hardy,DE,60,2025
Danielle Hunter,DE,60,2025
Danny Striggow,DE,60,2025
Dante Fowler Jr.,DE,60,2025
Darrell Taylor,DE,60,2025
Dawuane Smoot,DE,60,2025
Dayo Odeyingbo,DE,60,2025
DeMarcus Walker,DE,60,2025
DeMarvin Leal,DE,60,2025
Deatrich Wise,DE,60,2025
Derek Barnett,DE,60,2025
Derrick Brown,DE,60,2025
Desjuan Johnson,DE,60,2025
Dominique Robinson,DE,60,2025
Donovan Ezeiruaku,DE,60,2025
Dorance Armstrong,DE,60,2025
Drake Jackson,DE,60,2025
Dre'Mont Jones,DE,60,2025
Durell Nchami,DE,60,2025
Dylan Horton,DE,60,2025
Elijah Garcia,DE,60,2025
Elijah Roberts,DE,60,2025
Elijah Williams,DE,60,2025
Emmanuel Ogbah,DE,60,2025
Eric Watts,DE,60,2025
Esezi Otomewo,DE,60,2025
Ethan Downs,DE,60,2025
George Karlaftis,DE,60,2025
Greg Rousseau,DE,60,2025
Isaiah Foskey,DE,60,2025
Isaiah McGuire,DE,60,2025
JT Tuimoloau,DE,60,2025
Jack Heflin,DE,60,2025
Jacob Martin,DE,60,2025
Jahfari Harvey,DE,60,2025
Jalon Walker,DE,60,2025
James Houston,DE,60,2025
James Pearce Jr.,DE,60,2025
Jason Pierre-Paul,DE,60,2025
Javon Solomon,DE,60,2025
Javontae Jean-Baptiste,DE,60,2025
Jeremiah Pharms Jr.,DE,60,2025
Joe Tryon-Shoyinka,DE,60,2025
Joey Bosa,DE,60,2025
John Franklin-Myers,DE,60,2025
Jonah Williams,DE,60,2025
Jonathan Allen,DE,60,2025
Jonathan Bullard,DE,60,2025
Joseph Ossai,DE,60,2025
Josh Hines-Allen,DE,60,2025
Jowon Briggs,DE,60,2025
Keion White,DE,60,2025
Kentavius Street,DE,60,2025
Khalid Kareem,DE,60,2025
Kingsley Enagbare,DE,60,2025
Kingsley Jonathan,DE,60,2025
Kobie Turner,DE,60,2025
Kwity Paye,DE,60,2025
L.J. Collier,DE,60,2025
Laiatu Latu,DE,60,2025
Larrell Murchison,DE,60,2025
Leonard Floyd,DE,60,2025
Leonard Williams,DE,60,2025
Logan Hall,DE,60,2025
Lukas Van Ness,DE,60,2025
Malcolm Koonce,DE,60,2025
Marcus Davenport,DE,60,2025
Marlon Davidson,DE,60,2025
Marshawn Kneeland,DE,60,2025
Matt Dickerson,DE,60,2025
Maxx Crosby,DE,60,2025
Micah Parsons,DE,60,2025
Michael Danna,DE,60,2025
Micheal Clemons,DE,60,2025
Mike Morris,DE,60,2025
Milton Williams,DE,60,2025
Montez Sweat,DE,60,2025
Mykel Williams,DE,60,2025
Myles Garrett,DE,60,2025
Myles Murphy,DE,60,2025
Nick Bosa,DE,60,2025
Pat O'Connor,DE,60,2025
Preston Smith,DE,60,2025
Rashan Gary,DE,60,2025
Robert Beal Jr.,DE,60,2025
Roy Robertson-Harris,DE,60,2025
Rylie Mills,DE,60,2025
Sai'vion Jones,DE,60,2025
Sam Roberts,DE,60,2025
Sam Williams,DE,60,2025
Samson Ebukam,DE,60,2025
Sebastian Joseph-Day,DE,60,2025
Shemar Stewart,DE,60,2025
Solomon Thomas,DE,60,2025
T.J. Maguranyanga,DE,60,2025
Tanoh Kpassagnon,DE,60,2025
Tershawn Wharton,DE,60,2025
Travon Walker,DE,60,2025
Trevis Gipson,DE,60,2025
Trey Hendrickson,DE,60,2025
Tyler Baron,DE,60,2025
Tyler Batty,DE,60,2025
Tyler Davis,DE,60,2025
Tyler Lacy,DE,60,2025
Tyquan Lewis,DE,60,2025
Tyree Wilson,DE,60,2025
Tyrus Wheat,DE,60,2025
Will Anderson Jr.,DE,60,2025
Will McDonald IV,DE,60,2025
Yahya Black,DE,60,2025
Yetur Gross-Matos,DE,60,2025
Za'Darius Smith,DE,60,2025
Zach Allen,DE,60,2025
Zach Harrison,DE,60,2025
Chris Williams,DL,60,2025
Darius Robinson,DL,60,2025
Elijah Simmons,DL,60,2025
Jalen Redmond,DL,60,2025
Levi Drake Rodriguez,DL,60,2025
Adam Butler,DT,60,2025
Adetomiwa Adebawore,DT,60,2025
Aeneas Peebles,DT,60,2025
Alfred Collins,DT,60,2025
Alim McNeill,DT,60,2025
Andrew Billings,DT,60,2025
Arik Armstead,DT,60,2025
Basil Okoye,DT,60,2025
Benito Jones,DT,60,2025
Bilal Nichols,DT,60,2025
Bobby Brown III,DT,60,2025
Brandon Pili,DT,60,2025
Broderick Washington,DT,60,2025
Bryan Bresee,DT,60,2025
Byron Murphy II,DT,60,2025
Byron Young,DT,60,2025
C.J. Brewer,DT,60,2025
CJ West,DT,60,2025
Calijah Kancey,DT,60,2025
Cam Jackson,DT,60,2025
Cameron Heyward,DT,60,2025
Christian Barmore,DT,60,2025
Cory Durden,DT,60,2025
D.J. Jones,DT,60,2025
DJ Davidson,DT,60,2025
DaQuan Jones,DT,60,2025
DaVon Hamilton,DT,60,2025
Daniel Ekuale,DT,60,2025
Dante Stills,DT,60,2025
Darius Alexander,DT,60,2025
David Onyemata,DT,60,2025
Davon Godchaux,DT,60,2025
DeForest Buckner,DT,60,2025
Denico Autry,DT,60,2025
Deone Walker,DT,60,2025
Derrick Harmon,DT,60,2025
Devonte Wyatt,DT,60,2025
Dexter Lawrence,DT,60,2025
Ed Oliver,DT,60,2025
Elijah Chatman,DT,60,2025
Eric Gregory,DT,60,2025
Eric Johnson,DT,60,2025
Eyioma Uwazurike,DT,60,2025
Foley Fatukasi,DT,60,2025
Gervon Dexter Sr.,DT,60,2025
Grady Jarrett,DT,60,2025
Greg Gaines,DT,60,2025
Grover Stewart,DT,60,2025
Haggai Ndubuisi,DT,60,2025
Harrison Phillips,DT,60,2025
Howard Cross III,DT,60,2025
JJ Pegues,DT,60,2025
Jaden Crumedy,DT,60,2025
Jalen Carter,DT,60,2025
Jalyn Holmes,DT,60,2025
Jamaree Caldwell,DT,60,2025
James Lynch,DT,60,2025
Jarran Reed,DT,60,2025
Javon Kinlaw,DT,60,2025
Jay Toia,DT,60,2025
Jay Tufele,DT,60,2025
Jeffery Simmons,DT,60,2025
Jer'Zhan Newton,DT,60,2025
Jerry Tillery,DT,60,2025
John Jenkins,DT,60,2025
John Ridgeway,DT,60,2025
Jonah Laulu,DT,60,2025
Jonathan Ford,DT,60,2025
Jordan Davis,DT,60,2025
Jordan Elliott,DT,60,2025
Jordan Jackson,DT,60,2025
Jordan Jefferson,DT,60,2025
Jordan Phillips,DT,60,2025
Jordon Riley,DT,60,2025
Josh Tupou,DT,60,2025
Joshua Farmer,DT,60,2025
Justin Eboigbe,DT,60,2025
Kalia Davis,DT,60,2025
Karl Brooks,DT,60,2025
Keeanu Benton,DT,60,2025
Kenneth Grant,DT,60,2025
Kevin Givens,DT,60,2025
Khalen Saunders,DT,60,2025
Khristian Boyd,DT,60,2025
Khyiris Tonga,DT,60,2025
Kris Jenkins,DT,60,2025
LaBryan Ray,DT,60,2025
LaCale London,DT,60,2025
Larry Ogunjobi,DT,60,2025
Leki Fotu,DT,60,2025
Leonard Taylor III,DT,60,2025
Logan Lee,DT,60,2025
Maason Smith,DT,60,2025
Malcolm Roach,DT,60,2025
Maliek Collins,DT,60,2025
Mario Edwards,DT,60,2025
Marlon Tuipulotu,DT,60,2025
Mason Graham,DT,60,2025
Matthew Butler,DT,60,2025
Maurice Hurst,DT,60,2025
Mazi Smith,DT,60,2025
McKinnley Jackson,DT,60,2025
Mekhi Wingo,DT,60,2025
Mike Hall Jr.,DT,60,2025
Mike Pennel,DT,60,2025
Moro Ojomo,DT,60,2025
Naquan Jones,DT,60,2025
Nathan Shepherd,DT,60,2025
Nazir Stackhouse,DT,60,2025
Neville Gallimore,DT,60,2025
Nnamdi Madubuike,DT,60,2025
Omarr Norman-Lott,DT,60,2025
Osa Odighizuwa,DT,60,2025
Otito Ogbonnia,DT,60,2025
PJ Mustipher,DT,60,2025
Payton Page,DT,60,2025
Perrion Winfrey,DT,60,2025
Phidarian Mathis,DT,60,2025
Poona Ford,DT,60,2025
Quinnen Williams,DT,60,2025
Quinton Bohanna,DT,60,2025
Rakeem Nunez-Roches,DT,60,2025
Ricky Barber,DT,60,2025
Roy Lopez,DT,60,2025
Ruke Orhorhoro,DT,60,2025
Sam Okuayinonu,DT,60,2025
Scott Matlock,DT,60,2025
Shelby Harris,DT,60,2025
Sheldon Day,DT,60,2025
Sheldon Rankins,DT,60,2025
Shemar Turner,DT,60,2025
Shy Tuttle,DT,60,2025
T'Vondre Sweat,DT,60,2025
T.J. Sanders,DT,60,2025
Ta'Quon Graham,DT,60,2025
Taki Taimani,DT,60,2025
Taven Bryan,DT,60,2025
Teair Tart,DT,60,2025
Tedarrell Slaton,DT,60,2025
Thomas Booker,DT,60,2025
Tim Settle,DT,60,2025
Tommy Togiai,DT,60,2025
Tonka Hemingway,DT,60,2025
Travis Jones,DT,60,2025
Ty Hamilton,DT,60,2025
Ty Robinson,DT,60,2025
Tyleik Williams,DT,60,2025
Tyrion Ingram-Dawkins,DT,60,2025
Vernon Broughton,DT,60,2025
Vita Vea,DT,60,2025
Walter Nolen,DT,60,2025
Warren Brinson,DT,60,2025
Zacch Pickens,DT,60,2025
Zach Sieler,DT,60,2025
Zachary Carter,DT,60,2025
Zeek Biggers,DT,60,2025
Zion Logue,DT,60,2025
Alec Ingold,FB,60,2025
Brady Russell,FB,60,2025
C.J. Ham,FB,60,2025
Kyle Juszczyk,FB,60,2025
Patrick Ricard,FB,60,2025
Reggie Gilliam,FB,60,2025
Derwin James,FS,60,2025
Harrison Smith,FS,60,2025
Jabrill Peppers,FS,60,2025
Jessie Bates,FS,60,2025
Jordan Poyer,FS,60,2025
Kevin Byard,FS,60,2025
Malik Hooker,FS,60,2025
Marcus Maye,FS,60,2025
Marcus Williams,FS,60,2025
Minkah Fitzpatrick,FS,60,2025
Xavier Woods,FS,60,2025
Aaron Banks,G,60,2025
Aaron Stinnie,G,60,2025
Alex Cappa,G,60,2025
Andrew Vorhees,G,60,2025
Andrew Wylie,G,60,2025
Andrus Peat,G,60,2025
Anthony Bradford,G,60,2025
Atonio Mafi,G,60,2025
Austin Schlottmann,G,60,2025
Beaux Limmer,G,60,2025
Ben Bredeson,G,60,2025
Ben Powers,G,60,2025
Branson Taylor,G,60,2025
Brett Toth,G,60,2025
Bryce Cabeldue,G,60,2025
Caleb Rogers,G,60,2025
Cesar Ruiz,G,60,2025
Chandler Zavala,G,60,2025
Chris Lindstrom,G,60,2025
Chris Paul,G,60,2025
Christian Mahogany,G,60,2025
Cody Ford,G,60,2025
Cody Mauch,G,60,2025
Cole Strange,G,60,2025
Cole Van Lanen,G,60,2025
Connor Colby,G,60,2025
Dalton Risner,G,60,2025
Dalton Tucker,G,60,2025
Damien Lewis,G,60,2025
Daniel Faalele,G,60,2025
David Edwards,G,60,2025
Donovan Jackson,G,60,2025
Dylan Fairchild,G,60,2025
Dylan Parham,G,60,2025
Ed Ingram,G,60,2025
Elijah Klein,G,60,2025
Evan Brown,G,60,2025
Ezra Cleveland,G,60,2025
Greg Van Roten,G,60,2025
Grey Zabel,G,60,2025
Isaiah Adams,G,60,2025
Jackson Powers-Johnson,G,60,2025
Jamaree Salyer,G,60,2025
Jared Wilson,G,60,2025
Jermaine Eluemunor,G,60,2025
Joe Huber,G,60,2025
Joe Thuney,G,60,2025
Joe Tippmann,G,60,2025
Joel Bitonio,G,60,2025
John Simpson,G,60,2025
Jon Gaines II,G,60,2025
Jon Runyan,G,60,2025
Jonah Jackson,G,60,2025
Kevin Dotson,G,60,2025
Kevin Zeitler,G,60,2025
Laken Tomlinson,G,60,2025
Landon Dickerson,G,60,2025
Larry Borom,G,60,2025
Marcus Mbow,G,60,2025
Mason McCormick,G,60,2025
Matthew Bergeron,G,60,2025
Mekhi Becton,G,60,2025
Michael Jurgens,G,60,2025
Mike Caliendo,G,60,2025
Mike Jordan,G,60,2025
Mike Onwenu,G,60,2025
Miles Frazier,G,60,2025
Nick Allegretti,G,60,2025
O'Cyrus Torrence,G,60,2025
Quenton Nelson,G,60,2025
Quinn Meinerz,G,60,2025
Sam Cosmi,G,60,2025
Spencer Anderson,G,60,2025
Steve Avila,G,60,2025
TJ Bass,G,60,2025
Tate Ratledge,G,60,2025
Teven Jenkins,G,60,2025
Torricelli Simpkins III,G,60,2025
Trey Smith,G,60,2025
Tyler Booker,G,60,2025
Will Fries,G,60,2025
Will Hernandez,G,60,2025
Wyatt Teller,G,60,2025
Xavier Truss,G,60,2025
Zach Tom,G,60,2025
Zion Johnson,G,60,2025
Bobby Okereke,ILB,60,2025
Oren Burks,ILB,60,2025
Roquan Smith,ILB,60,2025
Zach Cunningham,ILB,60,2025
Andre Szmyt,K,60,2025
Andy Borregales,K,60,2025
Ben Sauls,K,60,2025
Blake Grupe,K,60,2025
Brandon Aubrey,K,60,2025
Brandon McManus,K,60,2025
Cairo Santos,K,60,2025
Cam Little,K,60,2025
Cameron Dicker,K,60,2025
Chad Ryland,K,60,2025
Charlie Smyth,K,60,2025
Chase McLaughlin,K,60,2025
Chris Boswell,K,60,2025
Daniel Carlson,K,60,2025
Eddy Pineiro,K,60,2025
Evan McPherson,K,60,2025
Graham Gano,K,60,2025
Harrison Butker,K,60,2025
Harrison Mevis,K,60,2025
Jake Bates,K,60,2025
Jake Elliott,K,60,2025
Jake Moody,K,60,2025
Jason Myers,K,60,2025
Joey Slye,K,60,2025
John Parker Romo,K,60,2025
Joshua Karty,K,60,2025
Jude McAtamney,K,60,2025
Ka'imi Fairbairn,K,60,2025
Lucas Havrisik,K,60,2025
Matt Gay,K,60,2025
Matt Prater,K,60,2025
Matthew Wright,K,60,2025
Mike Badgley,K,60,2025
Nick Folk,K,60,2025
Riley Patterson,K,60,2025
Ryan Fitzgerald,K,60,2025
Spencer Shrader,K,60,2025
Tyler Loop,K,60,2025
Wil Lutz,K,60,2025
Will Reichard,K,60,2025
Younghoe Koo,K,60,2025
Zane Gonzalez,K,60,2025
Abdul Carter,LB,60,2025
Akeem Davis-Gaither,LB,60,2025
Ale Kaho,LB,60,2025
Alex Highsmith,LB,60,2025
Alex Singleton,LB,60,2025
Ali Gaye,LB,60,2025
Amen Ogbongbemiga,LB,60,2025
Anfernee Jennings,LB,60,2025
Anthony Nelson,LB,60,2025
Anthony Pittman,LB,60,2025
Arden Key,LB,60,2025
Arnold Ebiketie,LB,60,2025
Austin Ajiake,LB,60,2025
Austin Keys,LB,60,2025
Azeez Al-Shaair,LB,60,2025
Azeez Ojulari,LB,60,2025
BJ Ojulari,LB,60,2025
Bam Martin-Scott,LB,60,2025
Baron Browning,LB,60,2025
Barrett Carter,LB,60,2025
Baylon Spector,LB,60,2025
Blake Cashman,LB,60,2025
Bo Richter,LB,60,2025
Boye Mafe,LB,60,2025
Bradyn Swinson,LB,60,2025
Branson Combs,LB,60,2025
Brennan Jackson,LB,60,2025
Brian Burns,LB,60,2025
Buddy Johnson,LB,60,2025
Byron Young,LB,60,2025
Caleb Johnson,LB,60,2025
Caleb Murphy,LB,60,2025
Cam Jones,LB,60,2025
Cameron Goode,LB,60,2025
Cameron McGrone,LB,60,2025
Carl Jones,LB,60,2025
Carlos Basham,LB,60,2025
Carson Bruener,LB,60,2025
Carson Schwesinger,LB,60,2025
Cedric Gray,LB,60,2025
Chad Muma,LB,60,2025
Chandler Martin,LB,60,2025
Channing Tindall,LB,60,2025
Chaz Chambliss,LB,60,2025
Chazz Surratt,LB,60,2025
Chop Robinson,LB,60,2025
Chris Board,LB,60,2025
Chris Braswell,LB,60,2025
Christian Elliss,LB,60,2025
Christian Harris,LB,60,2025
Christian Rozeboom,LB,60,2025
Claudin Cherelus,LB,60,2025
Cody Barton,LB,60,2025
Cody Lindenberg,LB,60,2025
Cody Simon,LB,60,2025
Cole Christiansen,LB,60,2025
Cole Holcomb,LB,60,2025
Collin Oliver,LB,60,2025
Connor O'Toole,LB,60,2025
Cooper McDonald,LB,60,2025
Curtis Robinson,LB,60,2025
D'Marco Jackson,LB,60,2025
D.J. Wonnum,LB,60,2025
DJ Johnson,LB,60,2025
Daiyan Henley,LB,60,2025
Dallas Turner,LB,60,2025
Damone Clark,LB,60,2025
Danny Stutsman,LB,60,2025
Darius Harris,LB,60,2025
Darius Muasau,LB,60,2025
David Ojabo,LB,60,2025
DeAngelo Malone,LB,60,2025
DeMarcus Lawrence,LB,60,2025
DeMarvion Overshown,LB,60,2025
Dee Winters,LB,60,2025
Deion Jones,LB,60,2025
Del'Shawn Phillips,LB,60,2025
Demetrius Flannigan-Fowles,LB,60,2025
Demetrius Knight Jr.,LB,60,2025
Dennis Gardeck,LB,60,2025
Derick Hall,LB,60,2025
Derrick Barnes,LB,60,2025
Devin Bush,LB,60,2025
Devin Lloyd,LB,60,2025
Devin White,LB,60,2025
Divine Deablo,LB,60,2025
Dondrea Tillman,LB,60,2025
Dorian Mausi,LB,60,2025
Dorian Williams,LB,60,2025
Drake Thomas,LB,60,2025
Dre Greenlaw,LB,60,2025
Drue Tranquill,LB,60,2025
E.J. Speed,LB,60,2025
Easton Mascarenas-Arnold,LB,60,2025
Edgerrin Cooper,LB,60,2025
Eku Leota,LB,60,2025
Elias Neal,LB,60,2025
Elijah Ponder,LB,60,2025
Eric Wilson,LB,60,2025
Ernest Jones,LB,60,2025
Fadil Diggs,LB,60,2025
Foye Oluokun,LB,60,2025
Francisco Mauigoa,LB,60,2025
Frankie Luvu,LB,60,2025
Gabriel Murphy,LB,60,2025
Garret Wallow,LB,60,2025
Germaine Pratt,LB,60,2025
Grant Stuard,LB,60,2025
Harold Landry III,LB,60,2025
Henry To'oTo'o,LB,60,2025
Isaiah McDuffie,LB,60,2025
Isaiah Simmons,LB,60,2025
Isaiah Stalbird,LB,60,2025
Ivan Pace Jr.,LB,60,2025
JD Bertrand,LB,60,2025
Ja'Markis Weston,LB,60,2025
Jack Campbell,LB,60,2025
Jack Cochrane,LB,60,2025
Jack Gibbens,LB,60,2025
Jack Kiser,LB,60,2025
Jack Sanborn,LB,60,2025
Jack Sawyer,LB,60,2025
Jackson Sirmon,LB,60,2025
Jackson Woodard,LB,60,2025
Jacob Hummel,LB,60,2025
Jaelan Phillips,LB,60,2025
Jahlani Tavai,LB,60,2025
Jake Hansen,LB,60,2025
Jalen Graham,LB,60,2025
Jalen Reeves-Maybin,LB,60,2025
Jalyx Hunt,LB,60,2025
Jamal Adams,LB,60,2025
Jamal Hill,LB,60,2025
James Williams,LB,60,2025
Jamie Sheriff,LB,60,2025
Jamien Sherwood,LB,60,2025
Jamin Davis,LB,60,2025
Jamon Johnson,LB,60,2025
Jared Verse,LB,60,2025
Jay Higgins,LB,60,2025
Jaylan Ford,LB,60,2025
Jaylen Harrell,LB,60,2025
Jaylon Carlies,LB,60,2025
Jeffrey Bassa,LB,60,2025
Jeremiah Moon,LB,60,2025
Jeremiah Trotter Jr.,LB,60,2025
Jermaine Johnson II,LB,60,2025
Jihaad Campbell,LB,60,2025
Jihad Ward,LB,60,2025
Joe Andreessen,LB,60,2025
Joe Bachie,LB,60,2025
Joe Giles-Harris,LB,60,2025
John Bullock,LB,60,2025
Jon Rhattigan,LB,60,2025
Jonah Elliss,LB,60,2025
Jonathan Greenard,LB,60,2025
Jonathon Cooper,LB,60,2025
Jordan Burch,LB,60,2025
Jordan Magee,LB,60,2025
Jordan Turner,LB,60,2025
Jordyn Brooks,LB,60,2025
Josaiah Stewart,LB,60,2025
Josh Woods,LB,60,2025
Joshua Uche,LB,60,2025
Justin Strnad,LB,60,2025
K'Lavon Chaisson,LB,60,2025
K.J. Britt,LB,60,2025
Kaden Elliss,LB,60,2025
Kain Medrano,LB,60,2025
Karene Reid,LB,60,2025
Kayvon Thibodeaux,LB,60,2025
"Kenneth Murray, Jr.",LB,60,2025
Keonta Jenkins,LB,60,2025
Kobe King,LB,60,2025
Kristian Welch,LB,60,2025
Krys Barnes,LB,60,2025
Kyle Kennard,LB,60,2025
Leo Chenal,LB,60,2025
Logan Wilson,LB,60,2025
Luke Gifford,LB,60,2025
Mack Wilson,LB,60,2025
Maema Njongmeta,LB,60,2025
Malcolm Rodriguez,LB,60,2025
Malik Harrison,LB,60,2025
Marcelino McCrary-Ball,LB,60,2025
Marist Liufau,LB,60,2025
Mark Robinson,LB,60,2025
Markees Watts,LB,60,2025
Marlowe Wax,LB,60,2025
Marte Mapu,LB,60,2025
Micah McFadden,LB,60,2025
Michael Hoecht,LB,60,2025
Mike Green,LB,60,2025
Mohamoud Diabate,LB,60,2025
Monty Rice,LB,60,2025
Mykal Walker,LB,60,2025
Nakobe Dean,LB,60,2025
Nate Landman,LB,60,2025
Nephi Sewell,LB,60,2025
Neville Hewitt,LB,60,2025
Nic Scourton,LB,60,2025
Nick Bellore,LB,60,2025
Nick Bolton,LB,60,2025
Nick Hampton,LB,60,2025
Nick Herbig,LB,60,2025
Nick Jackson,LB,60,2025
Nick Martin,LB,60,2025
Nick Niemann,LB,60,2025
Nik Bonitto,LB,60,2025
Noah Sewell,LB,60,2025
Nolan Smith,LB,60,2025
Odafe Oweh,LB,60,2025
Oluwafemi Oladejo,LB,60,2025
Omar Speights,LB,60,2025
Owen Pappoe,LB,60,2025
Patrick Johnson,LB,60,2025
Patrick Jones II,LB,60,2025
Patrick O'Connell,LB,60,2025
Patrick Queen,LB,60,2025
Payton Wilson,LB,60,2025
Pete Werner,LB,60,2025
Princely Umanmielen,LB,60,2025
Quay Walker,LB,60,2025
Que Robinson,LB,60,2025
Quincy Williams,LB,60,2025
Quinton Bell,LB,60,2025
Robert Spillane,LB,60,2025
Ronnie Harrison,LB,60,2025
Ruben Hyppolite II,LB,60,2025
Sam Kamara,LB,60,2025
Segun Olubi,LB,60,2025
Shaka Heyward,LB,60,2025
Shaun Dolac,LB,60,2025
Shemar James,LB,60,2025
Sione Takitaki,LB,60,2025
SirVocea Dennis,LB,60,2025
Smael Mondon Jr.,LB,60,2025
Swayze Bozeman,LB,60,2025
T.J. Edwards,LB,60,2025
Tatum Bethune,LB,60,2025
Tavius Robinson,LB,60,2025
Teddye Buchanan,LB,60,2025
Terrel Bernard,LB,60,2025
Thomas Incoom,LB,60,2025
Tommy Eichenberg,LB,60,2025
Tomon Fox,LB,60,2025
Trenton Simpson,LB,60,2025
Trevin Wallace,LB,60,2025
Trevor Nowaske,LB,60,2025
Troy Dye,LB,60,2025
Troy Reeder,LB,60,2025
Truman Jones,LB,60,2025
Tuli Tuipulotu,LB,60,2025
Ty Summers,LB,60,2025
Ty'Ron Hopper,LB,60,2025
Tyrel Dodson,LB,60,2025
Tyrice Knight,LB,60,2025
Uchenna Nwosu,LB,60,2025
Ventrell Miller,LB,60,2025
Victor Dimukeje,LB,60,2025
Willie Gay Jr.,LB,60,2025
Yasir Abdullah,LB,60,2025
Yaya Diaby,LB,60,2025
Zack Baun,LB,60,2025
Zaire Barnes,LB,60,2025
Zaven Collins,LB,60,2025
Aaron Brewer,LS,60,2025
Alex Ward,LS,60,2025
Andrew DePaola,LS,60,2025
Austin Brinkman,LS,60,2025
Cal Adomitis,LS,60,2025
Charley Hughlett,LS,60,2025
Chris Stoll,LS,60,2025
Christian Kuntz,LS,60,2025
Evan Deckers,LS,60,2025
Hogan Hatten,LS,60,2025
Jacob Bobenmoyer,LS,60,2025
Jake McQuaide,LS,60,2025
James Winchester,LS,60,2025
Joe Cardona,LS,60,2025
Jon Weeks,LS,60,2025
Josh Harris,LS,60,2025
Julian Ashby,LS,60,2025
Liam McCullough,LS,60,2025
Luke Rhodes,LS,60,2025
Matthew Orzech,LS,60,2025
Mitchell Fraboni,LS,60,2025
Reid Ferguson,LS,60,2025
Rex Sunahara,LS,60,2025
Ross Matiscik,LS,60,2025
Scott Daly,LS,60,2025
Thomas Hennessy,LS,60,2025
Trent Sieg,LS,60,2025
Tyler Ott,LS,60,2025
William Wagner,LS,60,2025
Zach Wood,LS,60,2025
Alex Anzalone,MLB,60,2025
Bobby Wagner,MLB,60,2025
Denzel Perryman,MLB,60,2025
Eric Kendricks,MLB,60,2025
Fred Warner,MLB,60,2025
Kyle Van Noy,MLB,60,2025
Tremaine Edmunds,MLB,60,2025
Austin Johnson,NT,60,2025
Chris Wormley,NT,60,2025
Daron Payne,NT,60,2025
Derrick Nnadi,NT,60,2025
Eddie Goldman,NT,60,2025
Javon Hargrave,NT,60,2025
Kenny Clark,NT,60,2025
Blake Hance,OL,60,2025
Justin Dedich,OL,60,2025
Andrew Van Ginkel,OLB,60,2025
Bradley Chubb,OLB,60,2025
Bud Dupree,OLB,60,2025
Demario Davis,OLB,60,2025
Elandon Roberts,OLB,60,2025
Haason Reddick,OLB,60,2025
Jadeveon Clowney,OLB,60,2025
Jerome Baker,OLB,60,2025
Josh Sweat,OLB,60,2025
Khalil Mack,OLB,60,2025
Kyzir White,OLB,60,2025
Lavonte David,OLB,60,2025
Matt Milano,OLB,60,2025
Matthew Judon,OLB,60,2025
Shaq Thompson,OLB,60,2025
T.J. Watt,OLB,60,2025
Von Miller,OLB,60,2025
Zaire Franklin,OLB,60,2025
Abraham Lucas,OT,60,2025
Aireontae Ersery,OT,60,2025
Alaric Jackson,OT,60,2025
Alec Anderson,OT,60,2025
Alex Palczewski,OT,60,2025
Amarius Mims,OT,60,2025
Andrew Thomas,OT,60,2025
Anthony Belton,OT,60,2025
Anton Harrison,OT,60,2025
Armand Membou,OT,60,2025
Asim Richards,OT,60,2025
Austin Deculus,OT,60,2025
Austin Jackson,OT,60,2025
Benjamin Chukwuma,OT,60,2025
Bernhard Raimann,OT,60,2025
Blake Fisher,OT,60,2025
Bobby Hart,OT,60,2025
Braden Smith,OT,60,2025
Brady Christensen,OT,60,2025
Brandon Coleman,OT,60,2025
Brandon Walton,OT,60,2025
Braxton Jones,OT,60,2025
Brian O'Neill,OT,60,2025
Broderick Jones,OT,60,2025
Cam Robinson,OT,60,2025
Charles Cross,OT,60,2025
Charlie Heck,OT,60,2025
Chris Hubbard,OT,60,2025
Christian Darrisaw,OT,60,2025
Chukwuebuka Godrick,OT,60,2025
Chuma Edoga,OT,60,2025
Colton McKivitz,OT,60,2025
Cornelius Lucas,OT,60,2025
D.J. Humphries,OT,60,2025
DJ Glaze,OT,60,2025
Dan Moore Jr.,OT,60,2025
Dan Skipper,OT,60,2025
Darian Kinnard,OT,60,2025
Darnell Wright,OT,60,2025
Dawand Jones,OT,60,2025
Dillon Radunz,OT,60,2025
Dion Dawkins,OT,60,2025
Dominick Puni,OT,60,2025
Dylan Cook,OT,60,2025
Elijah Wilkinson,OT,60,2025
Emery Jones Jr.,OT,60,2025
Esa Pole,OT,60,2025
Frank Crum,OT,60,2025
Fred Johnson,OT,60,2025
Garett Bolles,OT,60,2025
Hakeem Adeniji,OT,60,2025
Ikem Ekwonu,OT,60,2025
JC Latham,OT,60,2025
Jack Conklin,OT,60,2025
Jack Nelson,OT,60,2025
Jake Matthews,OT,60,2025
Jalen Rivers,OT,60,2025
Jalen Travis,OT,60,2025
James Hudson,OT,60,2025
Jawaan Taylor,OT,60,2025
Joe Alt,OT,60,2025
Joe Noteboom,OT,60,2025
John Ojukwu,OT,60,2025
Jonah Savaiinaea,OT,60,2025
Jonah Williams,OT,60,2025
Jordan Mailata,OT,60,2025
Jordan Morgan,OT,60,2025
Josh Conerly Jr.,OT,60,2025
Josh Fryar,OT,60,2025
Josh Simmons,OT,60,2025
Justin Skule,OT,60,2025
KT Leveston,OT,60,2025
Kelvin Banks Jr.,OT,60,2025
Kelvin Beachum,OT,60,2025
Kingsley Suamataia,OT,60,2025
Kion Smith,OT,60,2025
Lane Johnson,OT,60,2025
Laremy Tunsil,OT,60,2025
Luke Goedeke,OT,60,2025
Luke Haggard,OT,60,2025
Matt Goncalves,OT,60,2025
Matt Peart,OT,60,2025
Max Mitchell,OT,60,2025
Mike McGlinchey,OT,60,2025
Morgan Moses,OT,60,2025
Nathan Thomas,OT,60,2025
Olisaemeka Udoh,OT,60,2025
Olumuyiwa Fashanu,OT,60,2025
Orlando Brown,OT,60,2025
Ozzy Trapilo,OT,60,2025
Paris Johnson Jr.,OT,60,2025
Patrick Mekari,OT,60,2025
Patrick Paul,OT,60,2025
Penei Sewell,OT,60,2025
Peter Skoronski,OT,60,2025
Rasheed Walker,OT,60,2025
Rob Havenstein,OT,60,2025
Robert Hunt,OT,60,2025
Roger Rosengarten,OT,60,2025
Ronnie Stanley,OT,60,2025
Ryan Van Demark,OT,60,2025
Sean Rhyan,OT,60,2025
Spencer Brown,OT,60,2025
Spencer Burford,OT,60,2025
Stone Forsythe,OT,60,2025
Taliese Fuaga,OT,60,2025
Taylor Decker,OT,60,2025
Taylor Moton,OT,60,2025
Terence Steele,OT,60,2025
Theo Benedet,OT,60,2025
Trent Brown,OT,60,2025
Trent Scott,OT,60,2025
Trent Williams,OT,60,2025
Trevor Penning,OT,60,2025
Trey Pipkins,OT,60,2025
Tristan Wirfs,OT,60,2025
Troy Fautanu,OT,60,2025
Tyler Guyton,OT,60,2025
Tyler Smith,OT,60,2025
Tyler Steen,OT,60,2025
Tytus Howard,OT,60,2025
Vederian Lowe,OT,60,2025
Walker Little,OT,60,2025
Walter Rouse,OT,60,2025
Wanya Morris,OT,60,2025
Will Campbell,OT,60,2025
Yosh Nijman,OT,60,2025
AJ Cole,P,60,2025
Austin McNamara,P,60,2025
Blake Gillikin,P,60,2025
Brad Robbins,P,60,2025
Braden Mann,P,60,2025
Bradley Pinion,P,60,2025
Bryan Anger,P,60,2025
Bryce Baringer,P,60,2025
Cameron Johnston,P,60,2025
Corey Bojorquez,P,60,2025
Corliss Waitman,P,60,2025
Daniel Whelan,P,60,2025
Ethan Evans,P,60,2025
J.K. Scott,P,60,2025
Jack Fox,P,60,2025
Jake Bailey,P,60,2025
Jamie Gillan,P,60,2025
Jeremy Crawshaw,P,60,2025
Johnny Hekker,P,60,2025
Jordan Stout,P,60,2025
Kai Kroeger,P,60,2025
Logan Cooke,P,60,2025
Matt Araiza,P,60,2025
Matt Haack,P,60,2025
Michael Dickson,P,60,2025
Mitch Wishnowsky,P,60,2025
Pat O'Donnell,P,60,2025
Rigoberto Sanchez,P,60,2025
Riley Dixon,P,60,2025
Ryan Rehkow,P,60,2025
Ryan Wright,P,60,2025
Sam Martin,P,60,2025
Thomas Morstead,P,60,2025
Tommy Townsend,P,60,2025
Tory Taylor,P,60,2025
Tress Way,P,60,2025
Matthew Stafford,QB,99,2025
Drake Maye,QB,91,2025
Jared Goff,QB,88,2025
Caleb Williams,QB,86,2025
Dak Prescott,QB,86,2025
Sam Darnold,QB,86,2025
Trevor Lawrence,QB,86,2025
Bo Nix,QB,84,2025
Josh Allen,QB,84,2025
Baker Mayfield,QB,82,2025
Jordan Love,QB,82,2025
Justin Herbert,QB,82,2025
Jalen Hurts,QB,81,2025
Aaron Rodgers,QB,80,2025
Bryce Young,QB,80,2025
C.J. Stroud,QB,79,2025
Jacoby Brissett,QB,79,2025
Patrick Mahomes,QB,79,2025
Brock Purdy,QB,77,2025
Daniel Jones,QB,77,2025
Geno Smith,QB,77,2025
Lamar Jackson,QB,76,2025
Tua Tagovailoa,QB,76,2025
Cam Ward,QB,75,2025
Jaxson Dart,QB,73,2025
Joe Burrow,QB,73,2025
Joe Flacco,QB,73,2025
Mac Jones,QB,72,2025
Tyler Shough,QB,71,2025
J.J. McCarthy,QB,69,2025
Kirk Cousins,QB,69,2025
Marcus Mariota,QB,69,2025
Michael Penix Jr.,QB,69,2025
Spencer Rattler,QB,68,2025
Jayden Daniels,QB,67,2025
Shedeur Sanders,QB,67,2025
Carson Wentz,QB,66,2025
Dillon Gabriel,QB,66,2025
Justin Fields,QB,66,2025
Davis Mills,QB,65,2025
Jake Browning,QB,65,2025
Kyler Murray,QB,65,2025
Tyrod Taylor,QB,64,2025
Brady Cook,QB,63,2025
Mitchell Trubisky,QB,63,2025
Philip Rivers,QB,63,2025
Quinn Ewers,QB,63,2025
Russell Wilson,QB,63,2025
Jameis Winston,QB,62,2025
Malik Willis,QB,62,2025
Mason Rudolph,QB,62,2025
Riley Leonard,QB,62,2025
Tyler Huntley,QB,62,2025
Andy Dalton,QB,61,2025
Chris Oladokun,QB,61,2025
Cooper Rush,QB,61,2025
Jarrett Stidham,QB,61,2025
Joe Milton III,QB,61,2025
Josh Johnson,QB,61,2025
Kenny Pickett,QB,61,2025
Max Brosmer,QB,61,2025
Tanner McKee,QB,61,2025
Trey Lance,QB,61,2025
Adrian Martinez,QB,60,2025
Aidan O'Connell,QB,60,2025
Anthony Richardson,QB,60,2025
Brandon Allen,QB,60,2025
Brett Rypien,QB,60,2025
Clayton Tune,QB,60,2025
Drew Lock,QB,60,2025
Gardner Minshew,QB,60,2025
Jalen Milroe,QB,60,2025
Jimmy Garoppolo,QB,60,2025
Joshua Dobbs,QB,60,2025
Kedon Slovis,QB,60,2025
Kyle Allen,QB,60,2025
Nick Mullens,QB,60,2025
Shane Buechele,QB,60,2025
Teddy Bridgewater,QB,60,2025
Tyson Bagent,QB,60,2025
Zach Wilson,QB,60,2025
Jonathan Taylor,RB,99,2025
Derrick Henry,RB,96,2025
James Cook,RB,92,2025
Jahmyr Gibbs,RB,89,2025
Kyren Williams,RB,89,2025
Josh Jacobs,RB,87,2025
Javonte Williams,RB,86,2025
Christian McCaffrey,RB,85,2025
D'Andre Swift,RB,85,2025
Kenneth Walker III,RB,84,2025
De'Von Achane,RB,83,2025
Zach Charbonnet,RB,83,2025
Bijan Robinson,RB,82,2025
Saquon Barkley,RB,81,2025
TreVeyon Henderson,RB,81,2025
Travis Etienne,RB,80,2025
Jacory Croskey-Merritt,RB,78,2025
Rico Dowdle,RB,78,2025
Chase Brown,RB,77,2025
David Montgomery,RB,77,2025
Jaylen Warren,RB,77,2025
Kareem Hunt,RB,77,2025
Quinshon Judkins,RB,77,2025
Rhamondre Stevenson,RB,77,2025
Blake Corum,RB,76,2025
Tony Pollard,RB,76,2025
Tyler Allgeier,RB,76,2025
Ashton Jeanty,RB,75,2025
Breece Hall,RB,75,2025
Jordan Mason,RB,75,2025
RJ Harvey,RB,75,2025
Kyle Monangai,RB,74,2025
Chris Rodriguez Jr.,RB,73,2025
Sean Tucker,RB,73,2025
J.K. Dobbins,RB,72,2025
Kenneth Gainwell,RB,72,2025
Cam Skattebo,RB,71,2025
Devin Singletary,RB,71,2025
Rachaad White,RB,71,2025
Woody Marks,RB,71,2025
Bhayshul Tuten,RB,70,2025
Kimani Vidal,RB,70,2025
Omarion Hampton,RB,70,2025
Chuba Hubbard,RB,69,2025
Nick Chubb,RB,69,2025
Tyrone Tracy Jr.,RB,69,2025
Bam Knight,RB,68,2025
Emanuel Wilson,RB,68,2025
Samaje Perine,RB,68,2025
Aaron Jones,RB,67,2025
Brian Robinson,RB,66,2025
Bucky Irving,RB,66,2025
Ollie Gordon II,RB,66,2025
Tank Bigsby,RB,66,2025
Ty Johnson,RB,66,2025
Alvin Kamara,RB,65,2025
Devin Neal,RB,65,2025
Isiah Pacheco,RB,65,2025
Jaylen Wright,RB,65,2025
Malik Davis,RB,65,2025
Tyjae Spears,RB,65,2025
Justice Hill,RB,64,2025
Keaton Mitchell,RB,64,2025
Michael Carter,RB,64,2025
Audric Estimé,RB,63,2025
Emari Demercado,RB,63,2025
Isaiah Davis,RB,63,2025
Jaleel McLaughlin,RB,63,2025
Jaret Patterson,RB,63,2025
Jaydon Blue,RB,63,2025
Jeremy McNichols,RB,63,2025
Kendre Miller,RB,63,2025
Ameer Abdullah,RB,62,2025
Antonio Gibson,RB,62,2025
Braelon Allen,RB,62,2025
Brittain Brown,RB,62,2025
Dare Ogunbowale,RB,62,2025
George Holani,RB,62,2025
James Conner,RB,62,2025
Jawhar Jordan,RB,62,2025
Miles Sanders,RB,62,2025
Phil Mafah,RB,62,2025
Raheim Sanders,RB,62,2025
Ray Davis,RB,62,2025
Terrell Jennings,RB,62,2025
AJ Dillon,RB,61,2025
Brashard Smith,RB,61,2025
British Brooks,RB,61,2025
Chris Brooks,RB,61,2025
DJ Giddens,RB,61,2025
Dylan Sampson,RB,61,2025
Hunter Luepke,RB,61,2025
Jerome Ford,RB,61,2025
Kaleb Johnson,RB,61,2025
LeQuint Allen Jr.,RB,61,2025
Najee Harris,RB,61,2025
Nate Carter,RB,61,2025
Raheem Mostert,RB,61,2025
Trevor Etienne,RB,61,2025
Trey Benson,RB,61,2025
Zavier Scott,RB,61,2025
Adam Prentice,RB,60,2025
Amar Johnson,RB,60,2025
Andrew Beck,RB,60,2025
Austin Ekeler,RB,60,2025
Avery Williams,RB,60,2025
Cam Akers,RB,60,2025
Chase Edmonds,RB,60,2025
Clyde Edwards-Helaire,RB,60,2025
Corey Kiner,RB,60,2025
Craig Reynolds,RB,60,2025
D'Ernest Johnson,RB,60,2025
Dameon Pierce,RB,60,2025
DeeJay Dallas,RB,60,2025
Dylan Laube,RB,60,2025
Elijah Mitchell,RB,60,2025
Eric Gray,RB,60,2025
Evan Hull,RB,60,2025
Frank Gore Jr.,RB,60,2025
Gary Brightwell,RB,60,2025
Hassan Haskins,RB,60,2025
Isaac Guerendo,RB,60,2025
Jacardia Wright,RB,60,2025
Jacob Saylors,RB,60,2025
Jakob Johnson,RB,60,2025
Jarquez Hunter,RB,60,2025
Jordan James,RB,60,2025
Jordan Mims,RB,60,2025
Josh Williams,RB,60,2025
Julius Chestnut,RB,60,2025
Kalel Mullings,RB,60,2025
Kendall Milton,RB,60,2025
Kene Nwangwu,RB,60,2025
Khalil Herbert,RB,60,2025
Lew Nichols III,RB,60,2025
Myles Gaskin,RB,60,2025
Nyheim Hines,RB,60,2025
Owen Wright,RB,60,2025
Rasheen Ali,RB,60,2025
Robbie Ouzts,RB,60,2025
Ronnie Rivers,RB,60,2025
Roschon Johnson,RB,60,2025
Sione Vaki,RB,60,2025
Tahj Brooks,RB,60,2025
Travis Homer,RB,60,2025
Trayveon Williams,RB,60,2025
Trey Sermon,RB,60,2025
Ty Chandler,RB,60,2025
Tyler Badie,RB,60,2025
Tyler Goodson,RB,60,2025
Ulysses Bentley IV,RB,60,2025
Velus Jones Jr.,RB,60,2025
Will Shipley,RB,60,2025
Zamir White,RB,60,2025
Budda Baker,S,60,2025
Chris Smith II,S,60,2025
Eric Murray,S,60,2025
Justin Reid,S,60,2025
Quandre Diggs,S,60,2025
Tony Jefferson,S,60,2025
Alijah Clark,SAF,60,2025
Alohi Gilman,SAF,60,2025
Amani Hooker,SAF,60,2025
Andre Cisco,SAF,60,2025
Andre' Sam,SAF,60,2025
Andrew Mukuba,SAF,60,2025
Andrew Wingard,SAF,60,2025
Antoine Winfield Jr.,SAF,60,2025
Antonio Johnson,SAF,60,2025
Ar'Darius Washington,SAF,60,2025
Ashtyn Davis,SAF,60,2025
Beau Brade,SAF,60,2025
Billy Bowman Jr.,SAF,60,2025
Brandon Jones,SAF,60,2025
Brenden Schooler,SAF,60,2025
Brian Branch,SAF,60,2025
Bryan Cook,SAF,60,2025
C.J. Gardner-Johnson,SAF,60,2025
Calen Bullock,SAF,60,2025
Camryn Bynum,SAF,60,2025
Chris Edmonds,SAF,60,2025
Christian Izien,SAF,60,2025
Coby Bryant,SAF,60,2025
Cole Bishop,SAF,60,2025
Craig Woodson,SAF,60,2025
D'Anthony Bell,SAF,60,2025
Dadrion Taylor-Demerson,SAF,60,2025
Daijahn Anthony,SAF,60,2025
Damar Hamlin,SAF,60,2025
Dane Belton,SAF,60,2025
Daniel Scott,SAF,60,2025
Daniel Thomas,SAF,60,2025
Dante Trader Jr.,SAF,60,2025
Darnell Savage,SAF,60,2025
DeMarcco Hellams,SAF,60,2025
DeShon Elliott,SAF,60,2025
Dean Clark,SAF,60,2025
Delarrin Turner-Yell,SAF,60,2025
Dell Pettus,SAF,60,2025
Demani Richardson,SAF,60,2025
Devon Key,SAF,60,2025
Donovan McMillon,SAF,60,2025
Donovan Wilson,SAF,60,2025
Elijah Hicks,SAF,60,2025
Erick Hallett,SAF,60,2025
Evan Williams,SAF,60,2025
Geno Stone,SAF,60,2025
Grant Delpit,SAF,60,2025
Ifeatu Melifonwu,SAF,60,2025
Isaiah Oliver,SAF,60,2025
Isaiah Pola-Mao,SAF,60,2025
JL Skinner,SAF,60,2025
Jaden Hicks,SAF,60,2025
Jalen Pitre,SAF,60,2025
Jalen Thompson,SAF,60,2025
Jammie Robinson,SAF,60,2025
Jaquan Brisker,SAF,60,2025
Jason Pinnock,SAF,60,2025
Javon Bullard,SAF,60,2025
Jay Ward,SAF,60,2025
Jaylen McCollough,SAF,60,2025
Jaylen Reed,SAF,60,2025
Jaylinn Hawkins,SAF,60,2025
Jeremy Chinn,SAF,60,2025
Jeremy Reaves,SAF,60,2025
Jerrick Reed II,SAF,60,2025
Jevon Holland,SAF,60,2025
Ji'Ayir Brown,SAF,60,2025
Jonas Sanker,SAF,60,2025
Jordan Battle,SAF,60,2025
Jordan Colbert,SAF,60,2025
Jordan Fuller,SAF,60,2025
Jordan Howden,SAF,60,2025
Josh Metellus,SAF,60,2025
Juan Thornhill,SAF,60,2025
Juanyeh Thomas,SAF,60,2025
Julian Blackmon,SAF,60,2025
Julian Love,SAF,60,2025
K'Von Wallace,SAF,60,2025
Kaevon Merriweather,SAF,60,2025
Kam Curl,SAF,60,2025
Kamren Kinchens,SAF,60,2025
Kendall Williamson,SAF,60,2025
Kendell Brooks,SAF,60,2025
Keondre Jackson,SAF,60,2025
Kerby Joseph,SAF,60,2025
Kevin Winston Jr.,SAF,60,2025
Kitan Crawford,SAF,60,2025
Kitan Oladapo,SAF,60,2025
Kyle Dugger,SAF,60,2025
Kyle Hamilton,SAF,60,2025
Lathan Ransom,SAF,60,2025
Lonnie Johnson,SAF,60,2025
Loren Strickland,SAF,60,2025
M.J. Stewart,SAF,60,2025
Malachi Moore,SAF,60,2025
Malaki Starks,SAF,60,2025
Malik Mustapha,SAF,60,2025
Marcus Epps,SAF,60,2025
Markquese Bell,SAF,60,2025
Marques Sigle,SAF,60,2025
Mike Brown,SAF,60,2025
Mike Edwards,SAF,60,2025
Miles Killebrew,SAF,60,2025
Nick Cross,SAF,60,2025
Nick Emmanwori,SAF,60,2025
Nick Scott,SAF,60,2025
P.J. Locke,SAF,60,2025
PJ Jules,SAF,60,2025
Percy Butler,SAF,60,2025
Quan Martin,SAF,60,2025
Quentin Lake,SAF,60,2025
R.J. Mickens,SAF,60,2025
Raheem Layne,SAF,60,2025
Rashad Wisdom,SAF,60,2025
Rayshawn Jenkins,SAF,60,2025
Rayuan Lane III,SAF,60,2025
Reed Blankenship,SAF,60,2025
Reuben Lowery,SAF,60,2025
Richie Grant,SAF,60,2025
Rodney Thomas,SAF,60,2025
Ronnie Hickman Jr.,SAF,60,2025
Sam Franklin Jr.,SAF,60,2025
Sanoussi Kane,SAF,60,2025
Sebastian Castro,SAF,60,2025
Sydney Brown,SAF,60,2025
Talanoa Hufanga,SAF,60,2025
Tanner Ingle,SAF,60,2025
Tavierre Thomas,SAF,60,2025
Taylor Rapp,SAF,60,2025
Terrell Burgess,SAF,60,2025
Theo Jackson,SAF,60,2025
Thomas Harper,SAF,60,2025
Tony Adams,SAF,60,2025
Tre'von Moehrig,SAF,60,2025
Trevian Thomas,SAF,60,2025
Trey Washington,SAF,60,2025
Tristin McCollum,SAF,60,2025
Ty Okada,SAF,60,2025
Tycen Anderson,SAF,60,2025
Tykee Smith,SAF,60,2025
Tyler Nubin,SAF,60,2025
Tyler Owens,SAF,60,2025
Will Harris,SAF,60,2025
Xavier McKinney,SAF,60,2025
Xavier Watts,SAF,60,2025
Zayne Anderson,SAF,60,2025
Trey McBride,TE,99,2025
Dallas Goedert,TE,93,2025
Hunter Henry,TE,88,2025
Colby Parkinson,TE,86,2025
Jake Ferguson,TE,85,2025
Colston Loveland,TE,84,2025
Brock Bowers,TE,83,2025
Dalton Kincaid,TE,83,2025
George Kittle,TE,83,2025
AJ Barner,TE,82,2025
Harold Fannin Jr.,TE,82,2025
Kyle Pitts,TE,82,2025
Travis Kelce,TE,81,2025
Tucker Kraft,TE,79,2025
Tyler Warren,TE,79,2025
Juwan Johnson,TE,78,2025
Dalton Schultz,TE,77,2025
Theo Johnson,TE,77,2025
Darren Waller,TE,76,2025
Mark Andrews,TE,76,2025
Dawson Knox,TE,75,2025
Jake Tonges,TE,75,2025
Oronde Gadsden II,TE,75,2025
Pat Freiermuth,TE,75,2025
Zach Ertz,TE,75,2025
Brenton Strange,TE,73,2025
Sam LaPorta,TE,73,2025
David Njoku,TE,72,2025
T.J. Hockenson,TE,72,2025
Chig Okonkwo,TE,71,2025
Cole Kmet,TE,71,2025
Tyler Higbee,TE,71,2025
Josh Oliver,TE,70,2025
Noah Fant,TE,70,2025
Terrance Ferguson,TE,70,2025
Cade Otton,TE,69,2025
Davis Allen,TE,69,2025
Gunnar Helm,TE,69,2025
Jackson Hawes,TE,69,2025
Austin Hooper,TE,68,2025
Daniel Bellinger,TE,68,2025
Evan Engram,TE,68,2025
Mike Gesicki,TE,68,2025
Tommy Tremble,TE,68,2025
Darnell Washington,TE,67,2025
Jonnu Smith,TE,67,2025
Mason Taylor,TE,67,2025
Brock Wright,TE,66,2025
Charlie Kolar,TE,66,2025
Greg Dulcich,TE,66,2025
Isaiah Likely,TE,66,2025
Michael Mayer,TE,66,2025
Mitchell Evans,TE,66,2025
Tanner Hudson,TE,66,2025
Adam Trautman,TE,65,2025
Hunter Long,TE,65,2025
Ja'Tavion Sanders,TE,65,2025
Luke Farrell,TE,65,2025
Ben Sinnott,TE,64,2025
Elijah Arroyo,TE,64,2025
Elijah Higgins,TE,64,2025
Jeremy Ruckert,TE,64,2025
Mo Alie-Cox,TE,64,2025
Brevyn Spann-Ford,TE,63,2025
Drew Sample,TE,63,2025
Grant Calcaterra,TE,63,2025
Jack Stoll,TE,63,2025
John Bates,TE,63,2025
John FitzPatrick,TE,63,2025
Josh Whyle,TE,63,2025
Luke Musgrave,TE,63,2025
Nate Adkins,TE,63,2025
Quintin Morris,TE,63,2025
Andrew Ogletree,TE,62,2025
Connor Heyward,TE,62,2025
David Martin-Robinson,TE,62,2025
Devin Culp,TE,62,2025
Josiah Deguara,TE,62,2025
Julian Hill,TE,62,2025
Luke Schoonmaker,TE,62,2025
Noah Gray,TE,62,2025
Anthony Firkser,TE,61,2025
Brenden Bates,TE,61,2025
Cade Stover,TE,61,2025
Charlie Woerner,TE,61,2025
Foster Moreau,TE,61,2025
Ian Thomas,TE,61,2025
Johnny Mundt,TE,61,2025
Kylen Granson,TE,61,2025
Stone Smartt,TE,61,2025
Tanner Conner,TE,61,2025
Taysom Hill,TE,61,2025
Tyler Conklin,TE,61,2025
Will Dissly,TE,61,2025
Albert Okwuegbunam,TE,60,2025
Ben Sims,TE,60,2025
Ben Yurosek,TE,60,2025
Blake Whiteheart,TE,60,2025
Brayden Willis,TE,60,2025
Cam Grandy,TE,60,2025
Cameron Latu,TE,60,2025
Carter Runyon,TE,60,2025
Chris Manhertz,TE,60,2025
Colson Yankoff,TE,60,2025
Drake Dabney,TE,60,2025
Durham Smythe,TE,60,2025
E.J. Jenkins,TE,60,2025
Eric Saubert,TE,60,2025
Feleipe Franks,TE,60,2025
Giovanni Ricci,TE,60,2025
Harrison Bryant,TE,60,2025
Hayden Rucci,TE,60,2025
Jack Westover,TE,60,2025
James Mitchell,TE,60,2025
Jared Wiley,TE,60,2025
Jelani Woods,TE,60,2025
Justin Shorter,TE,60,2025
Keleki Latu,TE,60,2025
Ko Kieft,TE,60,2025
Lucas Krull,TE,60,2025
Marcedes Lewis,TE,60,2025
Moliki Matavao,TE,60,2025
Nick Kallerup,TE,60,2025
Nikola Kalinic,TE,60,2025
Payne Durham,TE,60,2025
Pharaoh Brown,TE,60,2025
Princeton Fant,TE,60,2025
Robert Tonyan,TE,60,2025
Ross Dwelley,TE,60,2025
Sal Cannella,TE,60,2025
Shane Zylstra,TE,60,2025
Teagan Quitoriano,TE,60,2025
Thomas Fidone II,TE,60,2025
Tip Reiman,TE,60,2025
Travis Vokolek,TE,60,2025
Tucker Fisk,TE,60,2025
Will Mallory,TE,60,2025
Zaire Mitchell-Paden,TE,60,2025
Puka Nacua,WR,99,2025
Jaxon Smith-Njigba,WR,98,2025
Davante Adams,WR,93,2025
Amon-Ra St. Brown,WR,91,2025
George Pickens,WR,88,2025
Chris Olave,WR,86,2025
Ja'Marr Chase,WR,86,2025
Tee Higgins,WR,86,2025
Courtland Sutton,WR,83,2025
Jameson Williams,WR,82,2025
Tetairoa McMillan,WR,82,2025
A.J. Brown,WR,81,2025
DJ Moore,WR,81,2025
Jauan Jennings,WR,81,2025
Michael Wilson,WR,81,2025
Nico Collins,WR,81,2025
Drake London,WR,80,2025
Quentin Johnston,WR,80,2025
Zay Flowers,WR,80,2025
Alec Pierce,WR,79,2025
Emeka Egbuka,WR,79,2025
Michael Pittman,WR,79,2025
Parker Washington,WR,79,2025
Romeo Doubs,WR,79,2025
Stefon Diggs,WR,79,2025
DK Metcalf,WR,78,2025
Jaylen Waddle,WR,78,2025
Kayshon Boutte,WR,78,2025
Ladd McConkey,WR,78,2025
Christian Watson,WR,77,2025
DeVonta Smith,WR,77,2025
Rome Odunze,WR,77,2025
Jayden Higgins,WR,76,2025
Troy Franklin,WR,76,2025
Wan'Dale Robinson,WR,76,2025
CeeDee Lamb,WR,75,2025
Deebo Samuel Sr.,WR,75,2025
Khalil Shakir,WR,75,2025
Tre Tucker,WR,75,2025
Keenan Allen,WR,74,2025
Marquise Brown,WR,74,2025
Rashee Rice,WR,74,2025
Jakobi Meyers,WR,73,2025
Justin Jefferson,WR,73,2025
Brian Thomas Jr.,WR,72,2025
Cooper Kupp,WR,72,2025
DeMario Douglas,WR,72,2025
Isaac TeSlaa,WR,72,2025
Jalen Coker,WR,72,2025
Josh Downs,WR,72,2025
Keon Coleman,WR,72,2025
Marvin Harrison Jr.,WR,72,2025
Chimere Dike,WR,71,2025
Elic Ayomanor,WR,71,2025
Jalen Nailor,WR,71,2025
Jordan Addison,WR,71,2025
Mack Hollins,WR,71,2025
Rashid Shaheed,WR,71,2025
Ryan Flournoy,WR,71,2025
Tez Johnson,WR,71,2025
Garrett Wilson,WR,70,2025
Luther Burden III,WR,70,2025
Terry McLaurin,WR,70,2025
Tory Horton,WR,70,2025
Xavier Hutchinson,WR,70,2025
Christian Kirk,WR,69,2025
Jerry Jeudy,WR,69,2025
Tyquan Thornton,WR,69,2025
Adonai Mitchell,WR,68,2025
Calvin Austin III,WR,68,2025
Malik Washington,WR,68,2025
Marvin Mims Jr.,WR,68,2025
Mike Evans,WR,68,2025
Olamide Zaccheaus,WR,68,2025
Xavier Legette,WR,68,2025
Andrei Iosivas,WR,67,2025
Chris Godwin Jr.,WR,67,2025
Darius Slayton,WR,67,2025
Demarcus Robinson,WR,67,2025
Greg Dortch,WR,67,2025
KaVontae Turpin,WR,67,2025
Kyle Williams,WR,67,2025
Luke McCaffrey,WR,67,2025
Tim Patrick,WR,67,2025
Xavier Worthy,WR,67,2025
Cedric Tillman,WR,66,2025
Darnell Mooney,WR,66,2025
DeAndre Hopkins,WR,66,2025
Devaughn Vele,WR,66,2025
Devontez Walker,WR,66,2025
Dontayvion Wicks,WR,66,2025
Jayden Reed,WR,66,2025
Jaylin Noel,WR,66,2025
John Metchie III,WR,66,2025
Malik Nabers,WR,66,2025
Matthew Golden,WR,66,2025
Pat Bryant,WR,66,2025
David Sills,WR,65,2025
JuJu Smith-Schuster,WR,65,2025
Kendrick Bourne,WR,65,2025
Lil'Jordan Humphrey,WR,65,2025
Rashod Bateman,WR,65,2025
Ricky Pearsall,WR,65,2025
Roman Wilson,WR,65,2025
Sterling Shepard,WR,65,2025
Tre Harris,WR,65,2025
Van Jefferson,WR,65,2025
Chris Moore,WR,64,2025
Dyami Brown,WR,64,2025
Hunter Renfrow,WR,64,2025
Jahan Dotson,WR,64,2025
Jahdae Walker,WR,64,2025
Jalen Tolbert,WR,64,2025
Kalif Raymond,WR,64,2025
Mitchell Tinsley,WR,64,2025
Travis Hunter,WR,64,2025
Tyler Johnson,WR,64,2025
Tyler Lockett,WR,64,2025
Tyreek Hill,WR,64,2025
Tyrell Shavers,WR,64,2025
Brandin Cooks,WR,63,2025
Calvin Ridley,WR,63,2025
Efton Chism III,WR,63,2025
Gabe Davis,WR,63,2025
Gunner Olszewski,WR,63,2025
Isaiah Bond,WR,63,2025
Isaiah Hodgins,WR,63,2025
Josh Palmer,WR,63,2025
Kevin Austin Jr.,WR,63,2025
Konata Mumpfield,WR,63,2025
Marquez Valdes-Scantling,WR,63,2025
Theo Wease Jr.,WR,63,2025
Treylon Burks,WR,63,2025
Tutu Atwell,WR,63,2025
Xavier Smith,WR,63,2025
Adam Thielen,WR,62,2025
Allen Lazard,WR,62,2025
Ben Skowronek,WR,62,2025
Brycen Tremayne,WR,62,2025
Cody White,WR,62,2025
Curtis Samuel,WR,62,2025
Isaiah Williams,WR,62,2025
Jack Bech,WR,62,2025
Jake Bobo,WR,62,2025
Jalen McMillan,WR,62,2025
Jaylin Lane,WR,62,2025
Jordan Whittington,WR,62,2025
Kameron Johnson,WR,62,2025
KeAndre Lambert-Smith,WR,62,2025
Mecole Hardman,WR,62,2025
Michael Bandy,WR,62,2025
Ronnie Bell,WR,62,2025
Ryan Miller,WR,62,2025
Savion Williams,WR,62,2025
Shedrick Jackson,WR,62,2025
Tylan Wallace,WR,62,2025
Zay Jones,WR,62,2025
Arian Smith,WR,61,2025
Ashton Dulin,WR,61,2025
Casey Washington,WR,61,2025
Dante Pettis,WR,61,2025
Darius Cooper,WR,61,2025
Dee Eskridge,WR,61,2025
Dont'e Thornton Jr.,WR,61,2025
Elijah Moore,WR,61,2025
Gage Larvadain,WR,61,2025
Jamari Thrash,WR,61,2025
James Proche,WR,61,2025
Jimmy Horn Jr.,WR,61,2025
Josh Reynolds,WR,61,2025
Malachi Corley,WR,61,2025
Malik Heath,WR,61,2025
Mason Tipton,WR,61,2025
Nick Westbrook-Ikhine,WR,61,2025
Noah Brown,WR,61,2025
Ray-Ray McCloud,WR,61,2025
Robbie Chosen,WR,61,2025
Scott Miller,WR,61,2025
Skyy Moore,WR,61,2025
Xavier Weaver,WR,61,2025
Alex Bachman,WR,60,2025
Andre Baccellia,WR,60,2025
Anthony Gould,WR,60,2025
Austin Trammell,WR,60,2025
Beaux Collins,WR,60,2025
Braxton Berrios,WR,60,2025
Britain Covey,WR,60,2025
Bryce Oliver,WR,60,2025
Cedrick Wilson Jr.,WR,60,2025
Charlie Jones,WR,60,2025
Chris Blair,WR,60,2025
Coleman Owen,WR,60,2025
DJ Turner,WR,60,2025
Dalen Cambre,WR,60,2025
Dalevon Campbell,WR,60,2025
Dareke Young,WR,60,2025
David Moore,WR,60,2025
DeAndre Carter,WR,60,2025
Derius Davis,WR,60,2025
Deven Thompkins,WR,60,2025
Devin Duvernay,WR,60,2025
Dominic Lovett,WR,60,2025
Dylan Drummond,WR,60,2025
Jacoby Jones,WR,60,2025
Jakobie Keeney-James,WR,60,2025
Jalen Brooks,WR,60,2025
Jalen Cropper,WR,60,2025
Jalen Royals,WR,60,2025
Jalin Hyatt,WR,60,2025
Jamal Agnew,WR,60,2025
Jared Wayne,WR,60,2025
Jason Brownlee,WR,60,2025
Jeshaun Jones,WR,60,2025
Jonathan Mingo,WR,60,2025
Jordan Watkins,WR,60,2025
Justin Watson,WR,60,2025
Kaden Davis,WR,60,2025
Ke'Shawn Williams,WR,60,2025
KhaDarel Hodge,WR,60,2025
LaJohntay Wester,WR,60,2025
Laquon Treadwell,WR,60,2025
Malik Cunningham,WR,60,2025
Malik Turner,WR,60,2025
Mason Kinsey,WR,60,2025
Myles Price,WR,60,2025
Nikko Remigio,WR,60,2025
Parris Campbell,WR,60,2025
Quentin Skinner,WR,60,2025
River Cracraft,WR,60,2025
Samori Toure,WR,60,2025
Simi Fehoko,WR,60,2025
Steven Sims,WR,60,2025
Tahj Washington,WR,60,2025
Tai Felton,WR,60,2025
Tay Martin,WR,60,2025
Tim Jones,WR,60,2025
Tom Kennedy,WR,60,2025
Trent Sherfield,WR,60,2025
Xavier Gipson,WR,60,2025
Xavier Restrepo,WR,60,2025
